0	-0.00066089636
1	-0.0007075668
2	-0.00054126984
3	-0.0003883839
4	-0.0004511476
5	-0.00057345635
6	-0.00066357857
7	-0.00058901316
8	-0.0003819466
9	-0.0004039407
10	-0.00065821415
11	-0.0007730127
12	-0.0005841852
13	-0.0003588796
14	-0.000415206
15	-0.0006791354
16	-0.00076335674
17	-0.0005691648
18	-0.00040179494
19	-0.00048869854
20	-0.00068664557
21	-0.00069415575
22	-0.0005455614
23	-0.0004039407
24	-0.0004956723
25	-0.0006716252
26	-0.000668943
27	-0.0005203486
28	-0.000443101
29	-0.00053107744
30	-0.00067591673
31	-0.0006764532
32	-0.00054126984
33	-0.00045704847
34	-0.0005444885
35	-0.0006834269
36	-0.000687182
37	-0.00054502493
38	-0.00046670443
39	-0.00054395205
40	-0.000668943
41	-0.0006630421
42	-0.00053483254
43	-0.00045382982
44	-0.0005278588
45	-0.00065177685
46	-0.0006576777
47	-0.00052839523
48	-0.0004559756
49	-0.0005294681
50	-0.0006496311
51	-0.0006549955
52	-0.0005278588
53	-0.00045275694
54	-0.0005294681
55	-0.0006598235
56	-0.00066840654
57	-0.0005482436
58	-0.00047206884
59	-0.0005369783
60	-0.0006753803
61	-0.0006743074
62	-0.0005369783
63	-0.00046455866
64	-0.0005396605
65	-0.00066357857
66	-0.00066733366
67	-0.00053912407
68	-0.00045973068
69	-0.0005214215
70	-0.0006469489
71	-0.0006512404
72	-0.0005214215
73	-0.00044095522
74	-0.0005187393
75	-0.0006431938
76	-0.0006512404
77	-0.000535369
78	-0.0004511476
79	-0.0005251766
80	-0.0006566048
81	-0.0006512404
82	-0.00054019695
83	-0.00045704847
84	-0.0005294681
85	-0.00066357857
86	-0.000668943
87	-0.0005482436
88	-0.00047743326
89	-0.00054663426
90	-0.00066733366
91	-0.00066196924
92	-0.0005359054
93	-0.00045812136
94	-0.000525713
95	-0.0006469489
96	-0.00065553194
97	-0.00052356726
98	-0.00044095522
99	-0.00052356726
100	-0.0006448031
101	-0.00065284973
102	-0.0005332232
103	-0.00045061117
104	-0.00052624947
105	-0.00066089636
106	-0.000668943
107	-0.0005471707
108	-0.0004688502
109	-0.0005321503
110	-0.0006662608
111	-0.00067108875
112	-0.00054126984
113	-0.00046294933
114	-0.0005037189
115	-0.00051712996
116	-0.0006013513
117	-0.00060188776
118	-0.00028485063
119	-0.000013411047
120	-0.00034010413
121	-0.0010144116
122	-0.00089478504
123	0.000021994116
124	0.0004076958
125	-0.00038355592
126	-0.0012858511
127	-0.0010074378
128	0.00015234949
129	0.0005680919
130	-0.00037229064
131	-0.00141567
132	-0.001061082
133	0.00023764375
134	0.0006356836
135	-0.00040662292
136	-0.0014634134
137	-0.0010980965
138	0.00019472839
139	0.0006077886
140	-0.00041949755
141	-0.0014650227
142	-0.0011115075
143	0.00015985967
144	0.0005868674
145	-0.00040447715
146	-0.0014263989
147	-0.001070738
148	0.00017219783
149	0.00058096653
150	-0.00039321187
151	-0.0014285446
152	-0.0010916592
153	0.00016093256
154	0.0005841852
155	-0.0003883839
156	-0.0014392735
157	-0.0011061431
158	0.00015395881
159	0.0006008149
160	-0.00039589408
161	-0.0014655591
162	-0.0011340381
163	0.0001577139
164	0.00062119967
165	-0.0003937483
166	-0.0014870168
167	-0.0011356474
168	0.00018399955
169	0.0006533862
170	-0.00037068131
171	-0.0014757515
172	-0.001143694
173	0.00018292667
174	0.00067377096
175	-0.0003615618
176	-0.0014923812
177	-0.0011613966
178	0.00019472839
179	0.0006764532
180	-0.00036692622
181	-0.0015015007
182	-0.0011785628
183	0.00016897918
184	0.0006576777
185	-0.00037229064
186	-0.0015213491
187	-0.0011833907
188	0.00017595293
189	0.00066840654
190	-0.00037336352
191	-0.0015213491
192	-0.0011887552
193	0.00018131734
194	0.0006791354
195	-0.0003551245
196	-0.0015133024
197	-0.001181245
198	0.00019258262
199	0.000715077
200	-0.00034278634
201	-0.0015133024
202	-0.001194656
203	0.00018614532
204	0.00070434815
205	-0.00034278634
206	-0.0015240313
207	-0.0012059213
208	0.00017863513
209	0.00070703035
210	-0.00033098462
211	-0.0015256406
212	-0.0012257696
213	0.00018829109
214	0.0007322431
215	-0.0003256202
216	-0.0015428067
217	-0.0012263061
218	0.00019526483
219	0.00074297196
220	-0.00030738118
221	-0.0015293957
222	-0.0012209417
223	0.00021618608
224	0.00078642374
225	-0.0002692938
226	-0.0015251042
227	-0.0012322069
228	0.00020170213
229	0.0007601381
230	-0.0002987981
231	-0.0015390516
232	-0.0012434722
233	0.00017595293
234	0.0007140041
235	-0.00033259395
236	-0.001531005
237	-0.0012316705
238	0.0001346469
239	0.00065928703
240	-0.00034815076
241	-0.0014795066
242	-0.0011855365
243	0.0001255274
244	0.0006136895
245	-0.00036960843
246	-0.0014462472
247	-0.0011463762
248	0.00008153916
249	0.0005165935
250	-0.00038999322
251	-0.0013625623
252	-0.0010830761
253	-0.000010192395
254	0.00029826167
255	-0.0004897714
256	-0.0012075306
257	-0.00093716395
258	-0.00023388866
259	-0.00019311906
260	-0.00069415575
261	-0.0008572341
262	-0.0005975962
263	-0.00044631964
264	-0.0005241037
265	-0.00066733366
266	-0.0006780625
267	-0.00055575377
268	-0.00046080357
269	-0.00052195793
270	-0.0006485582
271	-0.0006630421
272	-0.0005396605
273	-0.00044685608
274	-0.0005139113
275	-0.0006394387
276	-0.0006576777
277	-0.00053107744
278	-0.00044095522
279	-0.0005149842
280	-0.00065284973
281	-0.00067377096
282	-0.000558436
283	-0.00046831375
284	-0.00053000456
285	-0.0006576777
286	-0.0006753803
287	-0.00057345635
288	-0.00046992308
289	-0.00052088505
290	-0.00065070397
291	-0.00066840654
292	-0.0005482436
293	-0.00045919424
294	-0.0005230308
295	-0.00063890225
296	-0.0006560684
297	-0.00054395205
298	-0.00046294933
299	-0.000512302
300	-0.00063622004
301	-0.00065553194
302	-0.0005385876
303	-0.00045275694
304	-0.0005192757
305	-0.0006474853
306	-0.0006705523
307	-0.0005552173
308	-0.00046455866
309	-0.0005342961
310	-0.0006598235
311	-0.0006769896
312	-0.0005680919
313	-0.0004715324
314	-0.0005241037
315	-0.0006533862
316	-0.00067752606
317	-0.00055307156
318	-0.00045919424
319	-0.00051712996
320	-0.00063890225
321	-0.00065177685
322	-0.0005407334
323	-0.0004484654
324	-0.0005064011
325	-0.0006372929
326	-0.0006625057
327	-0.00055575377
328	-0.00046724087
329	-0.0005230308
330	-0.000645876
331	-0.00066465145
332	-0.0005552173
333	-0.00046992308
334	-0.00053644186
335	-0.0006549955
336	-0.00068128115
337	-0.0005691648
338	-0.00047582394
339	-0.0005332232
340	-0.0006512404
341	-0.00066840654
342	-0.0005444885
343	-0.00045436627
344	-0.0005149842
345	-0.00063782936
346	-0.00065070397
347	-0.00054019695
348	-0.00044900185
349	-0.0005037189
350	-0.00062978273
351	-0.0006539226
352	-0.0005385876
353	-0.00045382982
354	-0.000512302
355	-0.0006485582
356	-0.0006732345
357	-0.00056433683
358	-0.00047475105
359	-0.00053483254
360	-0.00066089636
361	-0.0006780625
362	-0.00056701904
363	-0.00047636038
364	-0.00052088505
365	-0.00064909464
366	-0.00067591673
367	-0.00056219107
368	-0.00046670443
369	-0.00051552063
370	-0.0006367565
371	-0.00065821415
372	-0.00054663426
373	-0.00045007473
374	-0.00051712996
375	-0.00063407427
376	-0.00066465145
377	-0.0005638004
378	-0.00046670443
379	-0.0005165935
380	-0.00063997513
381	-0.00066733366
382	-0.00055950886
383	-0.00046724087
384	-0.0005214215
385	-0.00064533955
386	-0.00066840654
387	-0.00056326395
388	-0.00046992308
389	-0.0005251766
390	-0.00065177685
391	-0.00067108875
392	-0.0005627275
393	-0.00046294933
394	-0.00051069265
395	-0.0006335378
396	-0.0006630421
397	-0.0005562902
398	-0.00045061117
399	-0.000502646
400	-0.00062495476
401	-0.0006512404
402	-0.0005509258
403	-0.00046294933
404	-0.0005096198
405	-0.0006308556
406	-0.00066357857
407	-0.0005654097
408	-0.00047475105
409	-0.00052624947
410	-0.0006539226
411	-0.0006769896
412	-0.0005750657
413	-0.0004742146
414	-0.00053268677
415	-0.0006576777
416	-0.0006726981
417	-0.00056701904
418	-0.00046724087
419	-0.00052088505
420	-0.00064426666
421	-0.00066089636
422	-0.0005482436
423	-0.00045436627
424	-0.0005101562
425	-0.0006394387
426	-0.00067108875
427	-0.0005552173
428	-0.00045543915
429	-0.00051712996
430	-0.0006501675
431	-0.0006678701
432	-0.0005648733
433	-0.0004752875
434	-0.00051981217
435	-0.00064533955
436	-0.0006791354
437	-0.0005782843
438	-0.00047582394
439	-0.0005278588
440	-0.0006512404
441	-0.0006796718
442	-0.0005600453
443	-0.00046294933
444	-0.00051337486
445	-0.0006394387
446	-0.00065928703
447	-0.0005498529
448	-0.00046080357
449	-0.00050532824
450	-0.00063139206
451	-0.00065553194
452	-0.0005519987
453	-0.00045543915
454	-0.000512302
455	-0.00064641243
456	-0.00066733366
457	-0.00056219107
458	-0.0004752875
459	-0.0005187393
460	-0.00065070397
461	-0.0006855727
462	-0.00056862837
463	-0.00046616798
464	-0.00052356726
465	-0.0006421209
466	-0.00067001587
467	-0.0005702377
468	-0.00046455866
469	-0.0005096198
470	-0.000641048
471	-0.00067108875
472	-0.0005573631
473	-0.00045704847
474	-0.0005058647
475	-0.0006308556
476	-0.00065928703
477	-0.0005573631
478	-0.0004624129
479	-0.00050908333
480	-0.00063782936
481	-0.00067484385
482	-0.00057989365
483	-0.00047582394
484	-0.0005230308
485	-0.0006474853
486	-0.00068128115
487	-0.0005664826
488	-0.00047636038
489	-0.0005321503
490	-0.0006576777
491	-0.00068128115
492	-0.00056970125
493	-0.00046616798
494	-0.00051712996
495	-0.000641048
496	-0.00065928703
497	-0.0005434156
498	-0.00044095522
499	-0.00050157314
500	-0.00062227255
501	-0.0006523133
502	-0.0005519987
503	-0.0004559756
504	-0.00050801045
505	-0.0006308556
506	-0.0006732345
507	-0.00057238346
508	-0.00046563154
509	-0.0005128384
510	-0.00064802176
511	-0.0006861091
512	-0.0005750657
513	-0.00048011547
514	-0.0005139113
515	-0.0006474853
516	-0.0006764532
517	-0.0005600453
518	-0.00046724087
519	-0.00051069265
520	-0.00063407427
521	-0.0006678701
522	-0.0005519987
523	-0.00045704847
524	-0.0004994274
525	-0.0006281734
526	-0.0006651879
527	-0.0005782843
528	-0.0004715324
529	-0.00050908333
530	-0.00063246494
531	-0.00067591673
532	-0.00057238346
533	-0.00046992308
534	-0.00051552063
535	-0.00063997513
536	-0.0006844998
537	-0.00057989365
538	-0.00048333412
539	-0.00052356726
540	-0.000645876
541	-0.0006791354
542	-0.00057345635
543	-0.00046026713
544	-0.00050532824
545	-0.000641048
546	-0.0006630421
547	-0.00056058174
548	-0.00045919424
549	-0.00049781805
550	-0.0006254912
551	-0.0006603599
552	-0.0005589724
553	-0.00046187645
554	-0.00051337486
555	-0.00063139206
556	-0.00066840654
557	-0.0005729199
558	-0.00047689682
559	-0.00051069265
560	-0.0006448031
561	-0.0006844998
562	-0.00058096653
563	-0.0004726053
564	-0.00051552063
565	-0.00064641243
566	-0.0006780625
567	-0.0005739928
568	-0.00046938664
569	-0.0005037189
570	-0.00063246494
571	-0.00066357857
572	-0.0005627275
573	-0.00045704847
574	-0.0004919172
575	-0.0006244183
576	-0.00066465145
577	-0.0005600453
578	-0.00045973068
579	-0.000507474
580	-0.00062870985
581	-0.0006694794
582	-0.0005831123
583	-0.00048226124
584	-0.00051444775
585	-0.00064158445
586	-0.00068879133
587	-0.000581503
588	-0.00047367817
589	-0.00051337486
590	-0.000641048
591	-0.0006743074
592	-0.0005739928
593	-0.00047045952
594	-0.00050425535
595	-0.0006271005
596	-0.00066196924
597	-0.000553608
598	-0.0004484654
599	-0.0004908443
600	-0.0006244183
601	-0.00066840654
602	-0.0005627275
603	-0.00045973068
604	-0.00050157314
605	-0.00063139206
606	-0.0006764532
607	-0.00057452923
608	-0.0004715324
609	-0.0005251766
610	-0.0006539226
611	-0.00069308287
612	-0.0005831123
613	-0.0004752875
614	-0.00052088505
615	-0.00063890225
616	-0.0006732345
617	-0.0005729199
618	-0.0004677773
619	-0.0004983545
620	-0.0006206632
621	-0.000664115
622	-0.0005546809
623	-0.00044739252
624	-0.00049030787
625	-0.0006126166
626	-0.0006523133
627	-0.0005616546
628	-0.00046294933
629	-0.0005037189
630	-0.00063514715
631	-0.0006769896
632	-0.0005831123
633	-0.00047582394
634	-0.0005187393
635	-0.0006512404
636	-0.00069147354
637	-0.000581503
638	-0.00047689682
639	-0.0005096198
640	-0.0006319285
641	-0.00067001587
642	-0.0005691648
643	-0.00046670443
644	-0.00049889093
645	-0.00063139206
646	-0.0006678701
647	-0.00057452923
648	-0.00045382982
649	-0.00049889093
650	-0.0006265641
651	-0.00066089636
652	-0.000571847
653	-0.00046455866
654	-0.0004972816
655	-0.0006217361
656	-0.00066572434
657	-0.0005777479
658	-0.0004726053
659	-0.00051176554
660	-0.0006474853
661	-0.0006844998
662	-0.00058525807
663	-0.0004752875
664	-0.0005128384
665	-0.00063514715
666	-0.0006743074
667	-0.000571847
668	-0.00045651203
669	-0.00048601633
670	-0.0006190539
671	-0.00066572434
672	-0.00056433683
673	-0.00044739252
674	-0.000489235
675	-0.00061583525
676	-0.0006662608
677	-0.0005616546
678	-0.00045704847
679	-0.000502646
680	-0.0006206632
681	-0.0006705523
682	-0.00057882076
683	-0.0004790426
684	-0.0005214215
685	-0.0006485582
686	-0.00068771845
687	-0.0005911589
688	-0.00048333412
689	-0.00051712996
690	-0.0006356836
691	-0.0006726981
692	-0.0005793572
693	-0.0004715324
694	-0.0004962087
695	-0.0006201268
696	-0.000668943
697	-0.0005750657
698	-0.00046134
699	-0.00048279768
700	-0.00061047083
701	-0.0006667972
702	-0.00057613855
703	-0.00046026713
704	-0.00050050026
705	-0.0006308556
706	-0.0006743074
707	-0.0005782843
708	-0.00047636038
709	-0.00051820284
710	-0.00064426666
711	-0.00069522863
712	-0.00059545046
713	-0.00048333412
714	-0.0005064011
715	-0.0006308556
716	-0.00067001587
717	-0.00058096653
718	-0.00046938664
719	-0.000502646
720	-0.00062978273
721	-0.00066572434
722	-0.0005750657
723	-0.00044739252
724	-0.00048655277
725	-0.000622809
726	-0.0006716252
727	-0.0005777479
728	-0.0004624129
729	-0.00049138075
730	-0.000617981
731	-0.000668943
732	-0.00058096653
733	-0.00048333412
734	-0.00050801045
735	-0.0006335378
736	-0.0006963015
737	-0.00059813267
738	-0.00048226124
739	-0.0004999638
740	-0.00062227255
741	-0.00067216164
742	-0.00056862837
743	-0.0004624129
744	-0.0004962087
745	-0.000617981
746	-0.00067108875
747	-0.00056970125
748	-0.00045275694
749	-0.00048494345
750	-0.0006152988
751	-0.00067001587
752	-0.0005691648
753	-0.00045704847
754	-0.00048601633
755	-0.0006190539
756	-0.00067484385
757	-0.0005895496
758	-0.00047475105
759	-0.00049674517
760	-0.00063139206
761	-0.0006925464
762	-0.0005857945
763	-0.0004726053
764	-0.0005101562
765	-0.00063782936
766	-0.00068235403
767	-0.00057882076
768	-0.00046080357
769	-0.0004935265
770	-0.0006142259
771	-0.0006598235
772	-0.00056433683
773	-0.00045168406
774	-0.00048226124
775	-0.00060832506
776	-0.0006576777
777	-0.00057882076
778	-0.00046724087
779	-0.00048333412
780	-0.0006126166
781	-0.0006667972
782	-0.0005820394
783	-0.00048601633
784	-0.00050693756
785	-0.0006367565
786	-0.0006898642
787	-0.0005922318
788	-0.00048226124
789	-0.00051176554
790	-0.0006335378
791	-0.00067752606
792	-0.00058364874
793	-0.00046080357
794	-0.0004817248
795	-0.0006174446
796	-0.00066465145
797	-0.00056970125
798	-0.00045275694
799	-0.0004806519
800	-0.0006142259
801	-0.0006716252
802	-0.0005868674
803	-0.00047099596
804	-0.0004945994
805	-0.0006281734
806	-0.0006861091
807	-0.0005884767
808	-0.0004779697
809	-0.00050908333
810	-0.00062763697
811	-0.0006834269
812	-0.00058257586
813	-0.0004715324
814	-0.00049781805
815	-0.0006217361
816	-0.00067001587
817	-0.0005777479
818	-0.00047206884
819	-0.0004945994
820	-0.0006126166
821	-0.0006630421
822	-0.0005691648
823	-0.00044685608
824	-0.00048279768
825	-0.00059920555
826	-0.00065177685
827	-0.0005589724
828	-0.0004522205
829	-0.00048708922
830	-0.00061208016
831	-0.0006694794
832	-0.0005841852
833	-0.00047957903
834	-0.00049406296
835	-0.00062978273
836	-0.0006844998
837	-0.0005884767
838	-0.00048118836
839	-0.0005101562
840	-0.0006308556
841	-0.0006796718
842	-0.0005847216
843	-0.00047045952
844	-0.00049138075
845	-0.0006152988
846	-0.000668943
847	-0.0005750657
848	-0.00046563154
849	-0.00048333412
850	-0.00061208016
851	-0.0006678701
852	-0.0005841852
853	-0.00046938664
854	-0.00048762566
855	-0.0006201268
856	-0.0006764532
857	-0.0005884767
858	-0.0004752875
859	-0.00050532824
860	-0.00063782936
861	-0.0006882549
862	-0.0005933047
863	-0.00046348578
864	-0.00049138075
865	-0.00062119967
866	-0.00067377096
867	-0.0005841852
868	-0.00045973068
869	-0.000484407
870	-0.00061583525
871	-0.0006651879
872	-0.0005777479
873	-0.0004624129
874	-0.00047689682
875	-0.00061208016
876	-0.00066840654
877	-0.00057882076
878	-0.00047045952
879	-0.00048708922
880	-0.00061208016
881	-0.0006732345
882	-0.0005804301
883	-0.0004726053
884	-0.00051444775
885	-0.00062602764
886	-0.0006769896
887	-0.0005922318
888	-0.0004806519
889	-0.0005085469
890	-0.0006281734
891	-0.0006764532
892	-0.0005933047
893	-0.0004742146
894	-0.00048494345
895	-0.00060456997
896	-0.00065553194
897	-0.00057345635
898	-0.00045919424
899	-0.00048601633
900	-0.0006088615
901	-0.00066733366
902	-0.00057989365
903	-0.00047636038
904	-0.00049030787
905	-0.0006088615
906	-0.0006667972
907	-0.0005922318
908	-0.00047850615
909	-0.00049513584
910	-0.000617981
911	-0.00068235403
912	-0.00059384113
913	-0.00048494345
914	-0.0005085469
915	-0.0006244183
916	-0.0006743074
917	-0.0005831123
918	-0.00046724087
919	-0.00048226124
920	-0.00059813267
921	-0.0006560684
922	-0.0005675555
923	-0.00045007473
924	-0.00048118836
925	-0.0006024242
926	-0.00065553194
927	-0.0005777479
928	-0.00047099596
929	-0.0004935265
930	-0.00061208016
931	-0.00067108875
932	-0.000594914
933	-0.0004790426
934	-0.00049513584
935	-0.000622809
936	-0.00068771845
937	-0.00060027844
938	-0.00048226124
939	-0.0004999638
940	-0.0006126166
941	-0.00067108875
942	-0.0005895496
943	-0.00047582394
944	-0.0004919172
945	-0.0006152988
946	-0.0006651879
947	-0.0005804301
948	-0.00045758492
949	-0.0004726053
950	-0.000594914
951	-0.0006662608
952	-0.0005857945
953	-0.00046080357
954	-0.00048226124
955	-0.0006077886
956	-0.00066465145
957	-0.0005804301
958	-0.00046992308
959	-0.00049674517
960	-0.00063139206
961	-0.00068771845
962	-0.0005906225
963	-0.0004854799
964	-0.0004983545
965	-0.0006190539
966	-0.0006807447
967	-0.00059384113
968	-0.0004854799
969	-0.00048708922
970	-0.0006110073
971	-0.0006764532
972	-0.00059169537
973	-0.0004624129
974	-0.00048011547
975	-0.0006126166
976	-0.00066733366
977	-0.00057882076
978	-0.0004715324
979	-0.00048011547
980	-0.0006110073
981	-0.0006726981
982	-0.00058901316
983	-0.0004806519
984	-0.00049406296
985	-0.0006265641
986	-0.000687182
987	-0.00059920555
988	-0.0004779697
989	-0.00049245363
990	-0.00061476236
991	-0.00068235403
992	-0.0005943776
993	-0.00047099596
994	-0.00047689682
995	-0.00060296064
996	-0.0006705523
997	-0.00057721144
998	-0.00046348578
999	-0.00047850615
1000	-0.0006040335
1001	-0.0006662608
1002	-0.00057613855
1003	-0.00046348578
1004	-0.00048387056
1005	-0.0006126166
1006	-0.00067591673
1007	-0.00060456997
1008	-0.00047957903
1009	-0.0004983545
1010	-0.00061476236
1011	-0.0006791354
1012	-0.0006013513
1013	-0.00048387056
1014	-0.0004919172
1015	-0.0006099344
1016	-0.0006791354
1017	-0.0005847216
1018	-0.00046455866
1019	-0.00048226124
1020	-0.00060027844
1021	-0.0006630421
1022	-0.00058525807
1023	-0.00046724087
1024	-0.00047314173
1025	-0.0005884767
1026	-0.0006651879
1027	-0.0005879403
1028	-0.0004715324
1029	-0.00048655277
1030	-0.0006072522
1031	-0.0006764532
1032	-0.00059545046
1033	-0.00047850615
1034	-0.00049674517
1035	-0.0006244183
1036	-0.00068664557
1037	-0.00060027844
1038	-0.0004790426
1039	-0.0004929901
1040	-0.0006190539
1041	-0.00068235403
1042	-0.0005933047
1043	-0.0004742146
1044	-0.00048387056
1045	-0.0006051064
1046	-0.00066357857
1047	-0.000576675
1048	-0.00045704847
1049	-0.00047582394
1050	-0.0006024242
1051	-0.00066465145
1052	-0.00059169537
1053	-0.00047099596
1054	-0.00047582394
1055	-0.0006110073
1056	-0.00068020826
1057	-0.00059813267
1058	-0.00047582394
1059	-0.0004881621
1060	-0.0006201268
1061	-0.0006898642
1062	-0.0006163717
1063	-0.00048601633
1064	-0.0004897714
1065	-0.00061315304
1066	-0.0006834269
1067	-0.00059652334
1068	-0.0004677773
1069	-0.00047314173
1070	-0.00060296064
1071	-0.000664115
1072	-0.00057882076
1073	-0.0004624129
1074	-0.00047045952
1075	-0.00059545046
1076	-0.00065928703
1077	-0.000581503
1078	-0.00047582394
1079	-0.00048869854
1080	-0.0006201268
1081	-0.0006807447
1082	-0.00059920555
1083	-0.00048601633
1084	-0.00049138075
1085	-0.00060671574
1086	-0.0006753803
1087	-0.0006051064
1088	-0.00048762566
1089	-0.0004972816
1090	-0.000617981
1091	-0.0006834269
1092	-0.00060188776
1093	-0.00047636038
1094	-0.0004726053
1095	-0.00059652334
1096	-0.0006678701
1097	-0.000594914
1098	-0.00046992308
1099	-0.00048226124
1100	-0.0005895496
1101	-0.00066089636
1102	-0.0005933047
1103	-0.00047045952
1104	-0.0004806519
1105	-0.00060832506
1106	-0.00067108875
1107	-0.0005975962
1108	-0.00047850615
1109	-0.0004779697
1110	-0.00060296064
1111	-0.0006726981
1112	-0.0005975962
1113	-0.00048494345
1114	-0.0004929901
1115	-0.0006072522
1116	-0.00068020826
1117	-0.0006024242
1118	-0.00048387056
1119	-0.00047957903
1120	-0.00060027844
1121	-0.0006716252
1122	-0.0006013513
1123	-0.00047314173
1124	-0.0004677773
1125	-0.0005841852
1126	-0.0006630421
1127	-0.0005868674
1128	-0.00047850615
1129	-0.0004854799
1130	-0.0006051064
1131	-0.0006807447
1132	-0.0006013513
1133	-0.00047957903
1134	-0.0004919172
1135	-0.0006201268
1136	-0.0006818176
1137	-0.0006174446
1138	-0.00049138075
1139	-0.00049030787
1140	-0.0006163717
1141	-0.0006807447
1142	-0.0005933047
1143	-0.00048118836
1144	-0.00048011547
1145	-0.0005895496
1146	-0.0006662608
1147	-0.0005847216
1148	-0.0004677773
1149	-0.00046616798
1150	-0.00058901316
1151	-0.00066089636
1152	-0.00059384113
1153	-0.00047314173
1154	-0.00048118836
1155	-0.00059384113
1156	-0.00067484385
1157	-0.0006013513
1158	-0.00048333412
1159	-0.00049138075
1160	-0.0006126166
1161	-0.000687182
1162	-0.0006099344
1163	-0.00048762566
1164	-0.0004994274
1165	-0.00061315304
1166	-0.0006780625
1167	-0.00060564285
1168	-0.00047957903
1169	-0.00047689682
1170	-0.000594914
1171	-0.0006662608
1172	-0.0005906225
1173	-0.00046992308
1174	-0.0004715324
1175	-0.00058901316
1176	-0.0006625057
1177	-0.0005868674
1178	-0.00047475105
1179	-0.00047475105
1180	-0.0005911589
1181	-0.0006791354
1182	-0.00061047083
1183	-0.00048333412
1184	-0.0004779697
1185	-0.00060671574
1186	-0.0006925464
1187	-0.0006244183
1188	-0.00049513584
1189	-0.0004908443
1190	-0.0006115437
1191	-0.0006769896
1192	-0.0006013513
1193	-0.0004806519
1194	-0.0004752875
1195	-0.00059008604
1196	-0.0006614328
1197	-0.0005943776
1198	-0.00047850615
1199	-0.0004677773
1200	-0.00058364874
1201	-0.0006614328
1202	-0.0005975962
1203	-0.00048655277
1204	-0.00049138075
1205	-0.00060456997
1206	-0.00067752606
1207	-0.0006110073
1208	-0.0004983545
1209	-0.0004908443
1210	-0.00061583525
1211	-0.0006925464
1212	-0.0006163717
1213	-0.0004962087
1214	-0.0004897714
1215	-0.00060296064
1216	-0.0006834269
1217	-0.0006077886
1218	-0.0004742146
1219	-0.0004677773
1220	-0.0005847216
1221	-0.0006625057
1222	-0.00060188776
1223	-0.00047045952
1224	-0.00046670443
1225	-0.0005868674
1226	-0.0006614328
1227	-0.000594914
1228	-0.00047206884
1229	-0.0004715324
1230	-0.0005975962
1231	-0.0006791354
1232	-0.0006061793
1233	-0.0004935265
1234	-0.0004956723
1235	-0.0006126166
1236	-0.00068771845
1237	-0.00062227255
1238	-0.0004929901
1239	-0.00048118836
1240	-0.00060296064
1241	-0.00067752606
1242	-0.0006099344
1243	-0.0004919172
1244	-0.00046992308
1245	-0.00060027844
1246	-0.00067377096
1247	-0.00059384113
1248	-0.0004726053
1249	-0.00046938664
1250	-0.0005782843
1251	-0.00066196924
1252	-0.00060027844
1253	-0.000484407
1254	-0.00047367817
1255	-0.0005922318
1256	-0.0006834269
1257	-0.0006099344
1258	-0.00048333412
1259	-0.00048655277
1260	-0.0006051064
1261	-0.0006834269
1262	-0.00062870985
1263	-0.0004983545
1264	-0.0004790426
1265	-0.0006072522
1266	-0.0006844998
1267	-0.00060832506
1268	-0.00048601633
1269	-0.0004726053
1270	-0.0005831123
1271	-0.000668943
1272	-0.0006040335
1273	-0.00046992308
1274	-0.00045758492
1275	-0.0005756021
1276	-0.00066465145
1277	-0.0006072522
1278	-0.0004790426
1279	-0.0004742146
1280	-0.0005922318
1281	-0.0006743074
1282	-0.0006174446
1283	-0.00048762566
1284	-0.00048601633
1285	-0.00060456997
1286	-0.0006796718
1287	-0.0006201268
1288	-0.00050532824
1289	-0.000489235
1290	-0.00060027844
1291	-0.0006764532
1292	-0.0006206632
1293	-0.000489235
1294	-0.0004742146
1295	-0.00057613855
1296	-0.00066089636
1297	-0.0006040335
1298	-0.0004726053
1299	-0.0004677773
1300	-0.00058096653
1301	-0.000668943
1302	-0.0006088615
1303	-0.00047957903
1304	-0.00046616798
1305	-0.0005879403
1306	-0.0006818176
1307	-0.00061476236
1308	-0.00049245363
1309	-0.00048333412
1310	-0.00060671574
1311	-0.00068771845
1312	-0.0006206632
1313	-0.0004999638
1314	-0.0004817248
1315	-0.00059169537
1316	-0.00067377096
1317	-0.00061583525
1318	-0.0004897714
1319	-0.0004806519
1320	-0.00059384113
1321	-0.0006726981
1322	-0.00061047083
1323	-0.0004806519
1324	-0.0004624129
1325	-0.00058257586
1326	-0.000664115
1327	-0.0006088615
1328	-0.00048387056
1329	-0.00047367817
1330	-0.0005868674
1331	-0.0006743074
1332	-0.00061208016
1333	-0.00050050026
1334	-0.0004945994
1335	-0.00061208016
1336	-0.00068235403
1337	-0.00062495476
1338	-0.0004983545
1339	-0.00048708922
1340	-0.0006008149
1341	-0.0006791354
1342	-0.0006163717
1343	-0.00048869854
1344	-0.00047045952
1345	-0.00057613855
1346	-0.00066840654
1347	-0.0006110073
1348	-0.00048869854
1349	-0.00046563154
1350	-0.000576675
1351	-0.00065445906
1352	-0.0006013513
1353	-0.00048601633
1354	-0.00047850615
1355	-0.00059169537
1356	-0.00067216164
1357	-0.00062334543
1358	-0.000502646
1359	-0.0004806519
1360	-0.00058901316
1361	-0.00069683796
1362	-0.00063407427
1363	-0.00050318247
1364	-0.00047957903
1365	-0.00059813267
1366	-0.0006818176
1367	-0.000622809
1368	-0.0004881621
1369	-0.00046992308
1370	-0.000581503
1371	-0.00067591673
1372	-0.00060939795
1373	-0.0004726053
1374	-0.00047099596
1375	-0.00058525807
1376	-0.0006662608
1377	-0.0006034971
1378	-0.0004779697
1379	-0.00046616798
1380	-0.0005884767
1381	-0.0006743074
1382	-0.00061476236
1383	-0.00048655277
1384	-0.0004790426
1385	-0.00059545046
1386	-0.00069308287
1387	-0.00063246494
1388	-0.0005037189
1389	-0.0004806519
1390	-0.00059920555
1391	-0.0006844998
1392	-0.00061208016
1393	-0.00048601633
1394	-0.00047045952
1395	-0.00058633095
1396	-0.0006732345
1397	-0.00060832506
1398	-0.0004806519
1399	-0.0004650951
1400	-0.0005777479
1401	-0.000668943
1402	-0.0006152988
1403	-0.00048333412
1404	-0.00046938664
1405	-0.0005793572
1406	-0.0006743074
1407	-0.0006201268
1408	-0.0004929901
1409	-0.00048601633
1410	-0.0005986691
1411	-0.0006807447
1412	-0.0006271005
1413	-0.0005010367
1414	-0.0004806519
1415	-0.00059276825
1416	-0.0006834269
1417	-0.0006163717
1418	-0.00048708922
1419	-0.00046616798
1420	-0.00057345635
1421	-0.00066357857
1422	-0.00062227255
1423	-0.0004935265
1424	-0.0004586578
1425	-0.0005729199
1426	-0.00067108875
1427	-0.0006099344
1428	-0.00048655277
1429	-0.0004650951
1430	-0.0005884767
1431	-0.00068235403
1432	-0.0006244183
1433	-0.000502646
1434	-0.0004806519
1435	-0.0005975962
1436	-0.0006925464
1437	-0.00062978273
1438	-0.00050801045
1439	-0.00048762566
1440	-0.0005933047
1441	-0.0006780625
1442	-0.0006174446
1443	-0.00050050026
1444	-0.0004688502
1445	-0.00057238346
1446	-0.00066572434
1447	-0.00060832506
1448	-0.00048387056
1449	-0.0004688502
1450	-0.00057077414
1451	-0.0006651879
1452	-0.00060832506
1453	-0.00048601633
1454	-0.0004726053
1455	-0.0005879403
1456	-0.0006769896
1457	-0.00062119967
1458	-0.0004999638
1459	-0.0004752875
1460	-0.0005879403
1461	-0.0006844998
1462	-0.00063622004
1463	-0.00051337486
1464	-0.00048601633
1465	-0.0005782843
1466	-0.00067108875
1467	-0.0006217361
1468	-0.0004945994
1469	-0.0004624129
1470	-0.00057613855
1471	-0.0006716252
1472	-0.0006206632
1473	-0.0004929901
1474	-0.00046455866
1475	-0.00057077414
1476	-0.00065821415
1477	-0.0006152988
1478	-0.0004994274
1479	-0.00047099596
1480	-0.00058096653
1481	-0.00067377096
1482	-0.00062870985
1483	-0.00049674517
1484	-0.00047367817
1485	-0.0005884767
1486	-0.0006984473
1487	-0.0006383658
1488	-0.00051069265
1489	-0.0004817248
1490	-0.00057077414
1491	-0.00066465145
1492	-0.0006244183
1493	-0.0004994274
1494	-0.0004688502
1495	-0.00057452923
1496	-0.000664115
1497	-0.0006152988
1498	-0.00048226124
1499	-0.00046026713
1500	-0.0005675555
1501	-0.000668943
1502	-0.000622809
1503	-0.00049406296
1504	-0.0004677773
1505	-0.0005739928
1506	-0.0006716252
1507	-0.0006217361
1508	-0.00050532824
1509	-0.00048387056
1510	-0.0005906225
1511	-0.00068771845
1512	-0.00063514715
1513	-0.0005139113
1514	-0.000489235
1515	-0.00059169537
1516	-0.00068235403
1517	-0.0006281734
1518	-0.00049674517
1519	-0.00047314173
1520	-0.00057452923
1521	-0.00067108875
1522	-0.00061476236
1523	-0.00049138075
1524	-0.0004677773
1525	-0.00056701904
1526	-0.00066196924
1527	-0.0006190539
1528	-0.0005021096
1529	-0.00046992308
1530	-0.0005777479
1531	-0.00067484385
1532	-0.0006346107
1533	-0.0005085469
1534	-0.0004742146
1535	-0.0005841852
1536	-0.00068503624
1537	-0.00063407427
1538	-0.00050801045
1539	-0.0004779697
1540	-0.0005857945
1541	-0.00068396336
1542	-0.00062602764
1543	-0.00049406296
1544	-0.00047099596
1545	-0.00057882076
1546	-0.0006694794
1547	-0.0006152988
1548	-0.00048494345
1549	-0.00045651203
1550	-0.00055950886
1551	-0.00066196924
1552	-0.0006174446
1553	-0.0004945994
1554	-0.0004624129
1555	-0.00056970125
1556	-0.0006796718
1557	-0.00062334543
1558	-0.00050318247
1559	-0.00048226124
1560	-0.0005895496
1561	-0.00068771845
1562	-0.00063782936
1563	-0.00050908333
1564	-0.00048011547
1565	-0.000581503
1566	-0.0006769896
1567	-0.00062334543
1568	-0.0004956723
1569	-0.0004677773
1570	-0.00056701904
1571	-0.0006732345
1572	-0.00062602764
1573	-0.00049674517
1574	-0.00045436627
1575	-0.0005648733
1576	-0.0006651879
1577	-0.0006152988
1578	-0.00049513584
1579	-0.00046455866
1580	-0.0005654097
1581	-0.00067216164
1582	-0.00062978273
1583	-0.000507474
1584	-0.00047099596
1585	-0.00057613855
1586	-0.00068020826
1587	-0.0006335378
1588	-0.0005058647
1589	-0.0004752875
1590	-0.00057077414
1591	-0.0006726981
1592	-0.00062870985
1593	-0.00050157314
1594	-0.00046831375
1595	-0.00057238346
1596	-0.00066733366
1597	-0.0006217361
1598	-0.00049406296
1599	-0.0004522205
1600	-0.0005552173
1601	-0.00066196924
1602	-0.0006163717
1603	-0.00048655277
1604	-0.00045973068
1605	-0.0005675555
1606	-0.0006726981
1607	-0.0006405116
1608	-0.000507474
1609	-0.0004752875
1610	-0.0005782843
1611	-0.00068503624
1612	-0.000645876
1613	-0.0005160571
1614	-0.0004752875
1615	-0.00057989365
1616	-0.00068396336
1617	-0.0006271005
1618	-0.00049406296
1619	-0.00045973068
1620	-0.00056326395
1621	-0.0006667972
1622	-0.0006110073
1623	-0.00049674517
1624	-0.00045973068
1625	-0.0005546809
1626	-0.00065821415
1627	-0.00062119967
1628	-0.0005010367
1629	-0.00046026713
1630	-0.0005616546
1631	-0.0006780625
1632	-0.0006281734
1633	-0.0004999638
1634	-0.00046402222
1635	-0.00057452923
1636	-0.00068503624
1637	-0.00063622004
1638	-0.0005101562
1639	-0.0004752875
1640	-0.0005777479
1641	-0.0006769896
1642	-0.0006319285
1643	-0.00049513584
1644	-0.00046348578
1645	-0.00056058174
1646	-0.0006662608
1647	-0.0006201268
1648	-0.000489235
1649	-0.00045919424
1650	-0.0005573631
1651	-0.0006549955
1652	-0.0006206632
1653	-0.0004945994
1654	-0.0004624129
1655	-0.00057721144
1656	-0.0006769896
1657	-0.00063139206
1658	-0.0005128384
1659	-0.0004726053
1660	-0.0005841852
1661	-0.00069308287
1662	-0.0006421209
1663	-0.0005165935
1664	-0.00047314173
1665	-0.00056970125
1666	-0.00068128115
1667	-0.0006356836
1668	-0.0005047918
1669	-0.00045919424
1670	-0.00055146223
1671	-0.0006549955
1672	-0.0006271005
1673	-0.00050157314
1674	-0.0004511476
1675	-0.0005423427
1676	-0.00066357857
1677	-0.00062495476
1678	-0.0004972816
1679	-0.00046348578
1680	-0.0005627275
1681	-0.00066733366
1682	-0.0006335378
1683	-0.0005047918
1684	-0.0004688502
1685	-0.000581503
1686	-0.00068771845
1687	-0.0006474853
1688	-0.00052464014
1689	-0.00048279768
1690	-0.00057238346
1691	-0.00067377096
1692	-0.00063622004
1693	-0.00051444775
1694	-0.00046294933
1695	-0.00055307156
1696	-0.00066357857
1697	-0.00063139206
1698	-0.00049781805
1699	-0.00045382982
1700	-0.000553608
1701	-0.0006630421
1702	-0.00061690813
1703	-0.0004908443
1704	-0.00045382982
1705	-0.0005654097
1706	-0.0006807447
1707	-0.0006437302
1708	-0.00052195793
1709	-0.0004742146
1710	-0.0005638004
1711	-0.00068235403
1712	-0.0006448031
1713	-0.0005176664
1714	-0.0004779697
1715	-0.0005750657
1716	-0.0006807447
1717	-0.00063514715
1718	-0.0005064011
1719	-0.00046080357
1720	-0.0005546809
1721	-0.0006705523
1722	-0.0006281734
1723	-0.00048869854
1724	-0.00045168406
1725	-0.0005525351
1726	-0.0006603599
1727	-0.00063407427
1728	-0.0005149842
1729	-0.0004650951
1730	-0.00055950886
1731	-0.00067001587
1732	-0.0006394387
1733	-0.00052088505
1734	-0.00048279768
1735	-0.00057613855
1736	-0.0006844998
1737	-0.00064158445
1738	-0.0005214215
1739	-0.00047367817
1740	-0.0005729199
1741	-0.0006828905
1742	-0.00063622004
1743	-0.000507474
1744	-0.00046134
1745	-0.0005460978
1746	-0.0006603599
1747	-0.0006292463
1748	-0.0004972816
1749	-0.0004559756
1750	-0.0005616546
1751	-0.0006662608
1752	-0.00063407427
1753	-0.0005128384
1754	-0.00046724087
1755	-0.0005654097
1756	-0.0006780625
1757	-0.000645876
1758	-0.0005203486
1759	-0.00047314173
1760	-0.0005611182
1761	-0.00068128115
1762	-0.0006501675
1763	-0.00052624947
1764	-0.0004790426
1765	-0.0005627275
1766	-0.0006764532
1767	-0.00063622004
1768	-0.0005101562
1769	-0.0004650951
1770	-0.0005573631
1771	-0.0006716252
1772	-0.00062602764
1773	-0.0004983545
1774	-0.0004549027
1775	-0.0005423427
1776	-0.0006566048
1777	-0.00063246494
1778	-0.00051712996
1779	-0.0004688502
1780	-0.00056219107
1781	-0.0006716252
1782	-0.0006431938
1783	-0.0005165935
1784	-0.00047045952
1785	-0.0005691648
1786	-0.00068020826
1787	-0.0006539226
1788	-0.00052356726
1789	-0.0004726053
1790	-0.00056433683
1791	-0.00067591673
1792	-0.000641048
1793	-0.00051444775
1794	-0.00046992308
1795	-0.00055038935
1796	-0.0006566048
1797	-0.00063139206
1798	-0.000507474
1799	-0.00045973068
1800	-0.0005525351
1801	-0.0006625057
1802	-0.0006308556
1803	-0.00050318247
1804	-0.00045651203
1805	-0.00055146223
1806	-0.00067591673
1807	-0.0006474853
1808	-0.0005321503
1809	-0.00047689682
1810	-0.0005702377
1811	-0.00068879133
1812	-0.0006523133
1813	-0.0005294681
1814	-0.00047689682
1815	-0.00056433683
1816	-0.0006844998
1817	-0.0006501675
1818	-0.0005160571
1819	-0.00046134
1820	-0.0005455614
1821	-0.00066196924
1822	-0.00062495476
1823	-0.00050801045
1824	-0.00045382982
1825	-0.0005482436
1826	-0.0006630421
1827	-0.00063139206
1828	-0.00051176554
1829	-0.0004586578
1830	-0.0005498529
1831	-0.0006716252
1832	-0.00065553194
1833	-0.0005241037
1834	-0.00047636038
1835	-0.00056862837
1836	-0.0006844998
1837	-0.0006630421
1838	-0.0005289317
1839	-0.00047367817
1840	-0.0005627275
1841	-0.0006726981
1842	-0.0006512404
1843	-0.000530541
1844	-0.00045919424
1845	-0.0005380512
1846	-0.00065928703
1847	-0.00064158445
1848	-0.00050693756
1849	-0.00044792896
1850	-0.00054663426
1851	-0.0006630421
1852	-0.0006372929
1853	-0.0005187393
1854	-0.0004688502
1855	-0.0005519987
1856	-0.0006726981
1857	-0.00064265734
1858	-0.00052088505
1859	-0.0004726053
1860	-0.0005627275
1861	-0.0006780625
1862	-0.0006549955
1863	-0.0005289317
1864	-0.00047689682
1865	-0.0005616546
1866	-0.0006818176
1867	-0.00064426666
1868	-0.00051444775
1869	-0.00045973068
1870	-0.00054502493
1871	-0.0006566048
1872	-0.0006308556
1873	-0.0005064011
1874	-0.0004447103
1875	-0.00054287916
1876	-0.0006560684
1877	-0.0006421209
1878	-0.00051820284
1879	-0.00046616798
1880	-0.00055950886
1881	-0.0006791354
1882	-0.0006539226
1883	-0.000525713
1884	-0.00047045952
1885	-0.00056219107
1886	-0.0006694794
1887	-0.0006523133
1888	-0.0005294681
1889	-0.00048655277
1890	-0.00056701904
1891	-0.0006753803
1892	-0.00064426666
1893	-0.00052088505
1894	-0.0004742146
1895	-0.00054126984
1896	-0.0006614328
1897	-0.00062978273
1898	-0.0005139113
1899	-0.00046348578
1900	-0.00054395205
1901	-0.00066089636
1902	-0.00063890225
1903	-0.0005160571
1904	-0.00045651203
1905	-0.00055414444
1906	-0.0006743074
1907	-0.00065284973
1908	-0.0005369783
1909	-0.00048226124
1910	-0.0005600453
1911	-0.0006769896
1912	-0.0006549955
1913	-0.0005316139
1914	-0.00047689682
1915	-0.0005589724
1916	-0.00067108875
1917	-0.00065928703
1918	-0.0005321503
1919	-0.00045436627
1920	-0.00053912407
1921	-0.0006630421
1922	-0.000641048
1923	-0.0005128384
1924	-0.00045973068
1925	-0.0005418063
1926	-0.0006448031
1927	-0.0006319285
1928	-0.00051444775
1929	-0.00045919424
1930	-0.00055038935
1931	-0.00067752606
1932	-0.0006603599
1933	-0.0005434156
1934	-0.0004806519
1935	-0.0005573631
1936	-0.0006791354
1937	-0.00066089636
1938	-0.0005380512
1939	-0.00047850615
1940	-0.0005616546
1941	-0.0006678701
1942	-0.00064802176
1943	-0.0005230308
1944	-0.00046294933
1945	-0.00054770714
1946	-0.00065928703
1947	-0.000645876
1948	-0.00051712996
1949	-0.00045704847
1950	-0.00054287916
1951	-0.0006625057
1952	-0.0006346107
1953	-0.0005149842
1954	-0.00045812136
1955	-0.00054126984
1956	-0.0006614328
1957	-0.00064641243
1958	-0.0005332232
1959	-0.0004715324
1960	-0.00055307156
1961	-0.00066840654
1962	-0.0006630421
1963	-0.0005434156
1964	-0.00047314173
1965	-0.00055146223
1966	-0.00066196924
1967	-0.0006533862
1968	-0.00052624947
1969	-0.00046616798
1970	-0.0005482436
1971	-0.00065928703
1972	-0.00063139206
1973	-0.0005101562
1974	-0.00044900185
1975	-0.0005369783
1976	-0.0006603599
1977	-0.00063890225
1978	-0.00051337486
1979	-0.00046348578
1980	-0.00054502493
1981	-0.0006667972
1982	-0.00065284973
1983	-0.000530541
1984	-0.00047689682
1985	-0.00056326395
1986	-0.0006791354
1987	-0.0006694794
1988	-0.0005396605
1989	-0.00047367817
1990	-0.00054770714
1991	-0.00066840654
1992	-0.0006501675
1993	-0.00052356726
1994	-0.00045973068
1995	-0.00053644186
1996	-0.0006576777
1997	-0.0006431938
1998	-0.0005187393
1999	-0.00045651203
2000	-0.0005332232
2001	-0.00065714127
2002	-0.00064533955
2003	-0.0005230308
2004	-0.0004650951
2005	-0.0005589724
2006	-0.0006716252
2007	-0.00065928703
2008	-0.00053751474
2009	-0.00047099596
2010	-0.00056058174
2011	-0.0006844998
2012	-0.00066733366
2013	-0.0005455614
2014	-0.00047582394
2015	-0.0005600453
2016	-0.00068503624
2017	-0.00066196924
2018	-0.000535369
2019	-0.00046616798
2020	-0.0005385876
2021	-0.00065928703
2022	-0.00064158445
2023	-0.00051176554
2024	-0.00045543915
2025	-0.0005385876
2026	-0.0006549955
2027	-0.00065821415
2028	-0.00053483254
2029	-0.00045919424
2030	-0.00053644186
2031	-0.00066357857
2032	-0.00065928703
2033	-0.00054287916
2034	-0.0004817248
2035	-0.000558436
2036	-0.000668943
2037	-0.0006726981
2038	-0.0005423427
2039	-0.00047475105
2040	-0.0005562902
2041	-0.0006732345
2042	-0.00065714127
2043	-0.0005289317
2044	-0.0004624129
2045	-0.00053644186
2046	-0.00065070397
2047	-0.0006501675
2048	-0.0005332232
2049	-0.00046402222
2050	-0.00053751474
2051	-0.0006614328
2052	-0.0006549955
2053	-0.000530541
2054	-0.00046670443
2055	-0.0005455614
2056	-0.0006678701
2057	-0.0006533862
2058	-0.0005289317
2059	-0.00047045952
2060	-0.0005482436
2061	-0.00067377096
2062	-0.00066733366
2063	-0.00054770714
2064	-0.00048333412
2065	-0.00054663426
2066	-0.0006651879
2067	-0.0006662608
2068	-0.00053751474
2069	-0.00045704847
2070	-0.0005332232
2071	-0.00065821415
2072	-0.0006405116
2073	-0.0005224944
2074	-0.00046187645
2075	-0.0005321503
2076	-0.0006512404
2077	-0.0006485582
2078	-0.0005251766
2079	-0.00045919424
2080	-0.00054502493
2081	-0.0006834269
2082	-0.0006764532
2083	-0.00054019695
2084	-0.0004677773
2085	-0.0005525351
2086	-0.0006732345
2087	-0.00066572434
2088	-0.00054502493
2089	-0.00047475105
2090	-0.00055038935
2091	-0.0006630421
2092	-0.00065177685
2093	-0.0005321503
2094	-0.00046080357
2095	-0.0005418063
2096	-0.0006523133
2097	-0.00063782936
2098	-0.0005251766
2099	-0.00045436627
2100	-0.000530541
2101	-0.0006523133
2102	-0.0006512404
2103	-0.0005407334
2104	-0.0004715324
2105	-0.000553608
2106	-0.0006753803
2107	-0.0006678701
2108	-0.0005444885
2109	-0.0004779697
2110	-0.00054931646
2111	-0.0006705523
2112	-0.0006753803
2113	-0.0005562902
2114	-0.0004742146
2115	-0.0005434156
2116	-0.0006753803
2117	-0.00066733366
2118	-0.0005359054
2119	-0.00046026713
2120	-0.0005332232
2121	-0.0006523133
2122	-0.00063997513
2123	-0.00051981217
2124	-0.00045436627
2125	-0.00052839523
2126	-0.00064426666
2127	-0.0006501675
2128	-0.0005359054
2129	-0.00046402222
2130	-0.0005342961
2131	-0.00065284973
2132	-0.00066572434
2133	-0.00055038935
2134	-0.00047743326
2135	-0.00055414444
2136	-0.0006732345
2137	-0.00066840654
2138	-0.000553608
2139	-0.00047957903
2140	-0.0005509258
2141	-0.0006614328
2142	-0.0006549955
2143	-0.00053644186
2144	-0.00046402222
2145	-0.00053644186
2146	-0.0006539226
2147	-0.00064802176
2148	-0.000525713
2149	-0.00045704847
2150	-0.0005224944
2151	-0.000645876
2152	-0.0006474853
2153	-0.00052839523
2154	-0.00045651203
2155	-0.00053644186
2156	-0.00066089636
2157	-0.00066357857
2158	-0.00055038935
2159	-0.00048011547
2160	-0.00054931646
2161	-0.00067377096
2162	-0.00067216164
2163	-0.0005471707
2164	-0.00047689682
2165	-0.0005546809
2166	-0.00066572434
2167	-0.0006678701
2168	-0.00054502493
2169	-0.00045973068
2170	-0.0005332232
2171	-0.00065928703
2172	-0.00065821415
2173	-0.0005294681
2174	-0.00045651203
2175	-0.0005187393
2176	-0.00064641243
2177	-0.0006533862
2178	-0.00053483254
2179	-0.00046616798
2180	-0.00054126984
2181	-0.0006566048
2182	-0.0006630421
2183	-0.0005482436
2184	-0.0004742146
2185	-0.00054287916
2186	-0.00067001587
2187	-0.0006726981
2188	-0.00055038935
2189	-0.00047045952
2190	-0.00054019695
2191	-0.00065928703
2192	-0.0006630421
2193	-0.0005455614
2194	-0.00047099596
2195	-0.0005316139
2196	-0.000641048
2197	-0.0006566048
2198	-0.0005278588
2199	-0.00044900185
2200	-0.00052088505
2201	-0.0006576777
2202	-0.0006614328
2203	-0.0005407334
2204	-0.00047314173
2205	-0.0005359054
2206	-0.0006576777
2207	-0.0006598235
2208	-0.00055038935
2209	-0.00047099596
2210	-0.00054502493
2211	-0.00067484385
2212	-0.0006769896
2213	-0.0005616546
2214	-0.00047850615
2215	-0.0005369783
2216	-0.0006614328
2217	-0.0006662608
2218	-0.0005396605
2219	-0.00046348578
2220	-0.00052356726
2221	-0.0006523133
2222	-0.00065821415
2223	-0.00052839523
2224	-0.00045382982
2225	-0.0005230308
2226	-0.0006539226
2227	-0.00066089636
2228	-0.00054126984
2229	-0.0004742146
2230	-0.00054395205
2231	-0.0006662608
2232	-0.00067108875
2233	-0.0005562902
2234	-0.0004779697
2235	-0.0005482436
2236	-0.00067216164
2237	-0.0006769896
2238	-0.000553608
2239	-0.00046724087
2240	-0.00053751474
2241	-0.00066357857
2242	-0.00066465145
2243	-0.0005455614
2244	-0.00045651203
2245	-0.0005251766
2246	-0.0006474853
2247	-0.0006662608
2248	-0.00054287916
2249	-0.00045651203
2250	-0.000525713
2251	-0.00064426666
2252	-0.0006539226
2253	-0.0005444885
2254	-0.00046134
2255	-0.0005321503
2256	-0.00066196924
2257	-0.00068235403
2258	-0.00056219107
2259	-0.0004779697
2260	-0.0005396605
2261	-0.0006651879
2262	-0.0006844998
2263	-0.00056219107
2264	-0.0004779697
2265	-0.0005342961
2266	-0.0006603599
2267	-0.00067001587
2268	-0.00055307156
2269	-0.00045919424
2270	-0.00052624947
2271	-0.0006501675
2272	-0.00066196924
2273	-0.00054395205
2274	-0.0004586578
2275	-0.00051820284
2276	-0.000645876
2277	-0.0006614328
2278	-0.0005423427
2279	-0.0004677773
2280	-0.00053483254
2281	-0.00065821415
2282	-0.0006726981
2283	-0.0005519987
2284	-0.0004715324
2285	-0.0005396605
2286	-0.00066572434
2287	-0.00068771845
2288	-0.00055575377
2289	-0.0004677773
2290	-0.0005332232
2291	-0.0006598235
2292	-0.0006694794
2293	-0.00055038935
2294	-0.00045651203
2295	-0.0005241037
2296	-0.00065070397
2297	-0.00065553194
2298	-0.0005423427
2299	-0.00045275694
2300	-0.00052624947
2301	-0.0006512404
2302	-0.0006625057
2303	-0.00055414444
2304	-0.0004742146
2305	-0.00053483254
2306	-0.00065284973
2307	-0.000668943
2308	-0.00055950886
2309	-0.00047314173
2310	-0.0005359054
2311	-0.0006603599
2312	-0.0006769896
2313	-0.0005654097
2314	-0.00048226124
2315	-0.00054502493
2316	-0.0006501675
2317	-0.00066089636
2318	-0.00055146223
2319	-0.0004650951
2320	-0.0005101562
2321	-0.0006335378
2322	-0.00065714127
2323	-0.00054019695
2324	-0.00046187645
2325	-0.00052356726
2326	-0.0006539226
2327	-0.00066572434
2328	-0.0005455614
2329	-0.0004677773
2330	-0.0005294681
2331	-0.0006512404
2332	-0.00066840654
2333	-0.0005573631
2334	-0.0004742146
2335	-0.00054502493
2336	-0.000668943
2337	-0.00067859894
2338	-0.0005627275
2339	-0.00048762566
2340	-0.0005289317
2341	-0.0006523133
2342	-0.0006796718
2343	-0.0005654097
2344	-0.00046616798
2345	-0.0005241037
2346	-0.0006512404
2347	-0.00067591673
2348	-0.0005573631
2349	-0.0004624129
2350	-0.0005241037
2351	-0.00064909464
2352	-0.00067108875
2353	-0.000558436
2354	-0.0004726053
2355	-0.0005321503
2356	-0.00065284973
2357	-0.0006780625
2358	-0.00056594616
2359	-0.0004752875
2360	-0.0005396605
2361	-0.0006716252
2362	-0.0006893278
2363	-0.0005654097
2364	-0.00047689682
2365	-0.00054126984
2366	-0.00066089636
2367	-0.0006791354
2368	-0.00056219107
2369	-0.00046455866
2370	-0.00051820284
2371	-0.0006421209
2372	-0.00066840654
2373	-0.000553608
2374	-0.00045329338
2375	-0.00050908333
2376	-0.00063890225
2377	-0.00065928703
2378	-0.00055682665
2379	-0.00046616798
2380	-0.0005251766
2381	-0.00066572434
2382	-0.0006796718
2383	-0.0005654097
2384	-0.00047582394
2385	-0.00054287916
2386	-0.0006662608
2387	-0.00068879133
2388	-0.0005756021
2389	-0.00048226124
2390	-0.00054502493
2391	-0.00066089636
2392	-0.0006651879
2393	-0.000553608
2394	-0.00046080357
2395	-0.0005160571
2396	-0.00063782936
2397	-0.0006560684
2398	-0.0005498529
2399	-0.0004624129
2400	-0.00050801045
2401	-0.0006238819
2402	-0.00065928703
2403	-0.0005627275
2404	-0.00047689682
2405	-0.0005369783
2406	-0.00065553194
2407	-0.0006753803
2408	-0.0005702377
2409	-0.00047850615
2410	-0.0005332232
2411	-0.00065928703
2412	-0.0006791354
2413	-0.0005739928
2414	-0.0004806519
2415	-0.00052464014
2416	-0.00065177685
2417	-0.00067377096
2418	-0.00056326395
2419	-0.0004726053
2420	-0.00052195793
2421	-0.00063890225
2422	-0.00066357857
2423	-0.000553608
2424	-0.00045758492
2425	-0.00051337486
2426	-0.0006448031
2427	-0.00065821415
2428	-0.00055307156
2429	-0.00046831375
2430	-0.0005187393
2431	-0.00064802176
2432	-0.00067377096
2433	-0.0005680919
2434	-0.00048494345
2435	-0.00053751474
2436	-0.0006598235
2437	-0.00068879133
2438	-0.0005654097
2439	-0.00047099596
2440	-0.0005321503
2441	-0.0006539226
2442	-0.0006780625
2443	-0.000553608
2444	-0.00045812136
2445	-0.0005160571
2446	-0.00064802176
2447	-0.0006726981
2448	-0.0005552173
2449	-0.00046616798
2450	-0.00050908333
2451	-0.0006308556
2452	-0.00066465145
2453	-0.0005600453
2454	-0.00046616798
2455	-0.00052356726
2456	-0.00065553194
2457	-0.0006791354
2458	-0.0005713106
2459	-0.0004779697
2460	-0.00053375965
2461	-0.00066196924
2462	-0.00069040066
2463	-0.00058096653
2464	-0.00047475105
2465	-0.0005230308
2466	-0.0006501675
2467	-0.0006726981
2468	-0.0005648733
2469	-0.00046831375
2470	-0.0005101562
2471	-0.000645876
2472	-0.000668943
2473	-0.000553608
2474	-0.00045651203
2475	-0.00051176554
2476	-0.0006421209
2477	-0.00067377096
2478	-0.00056219107
2479	-0.0004779697
2480	-0.0005251766
2481	-0.0006469489
2482	-0.00067108875
2483	-0.0005691648
2484	-0.00047475105
2485	-0.0005214215
2486	-0.0006523133
2487	-0.0006844998
2488	-0.00057452923
2489	-0.0004677773
2490	-0.0005214215
2491	-0.0006496311
2492	-0.000668943
2493	-0.0005616546
2494	-0.0004688502
2495	-0.00052356726
2496	-0.00064265734
2497	-0.0006662608
2498	-0.00055789953
2499	-0.00045436627
2500	-0.00050532824
2501	-0.0006254912
2502	-0.0006662608
2503	-0.0005675555
2504	-0.00046348578
2505	-0.0005224944
2506	-0.00065284973
2507	-0.00068128115
2508	-0.0005680919
2509	-0.00047206884
2510	-0.00052464014
2511	-0.00066465145
2512	-0.0006898642
2513	-0.00057989365
2514	-0.0004742146
2515	-0.00052356726
2516	-0.0006523133
2517	-0.00068503624
2518	-0.0005648733
2519	-0.00046616798
2520	-0.00050318247
2521	-0.00063622004
2522	-0.0006667972
2523	-0.00056326395
2524	-0.00045543915
2525	-0.0004999638
2526	-0.0006405116
2527	-0.00067859894
2528	-0.0005627275
2529	-0.00046992308
2530	-0.00051552063
2531	-0.0006421209
2532	-0.0006818176
2533	-0.00057882076
2534	-0.0004806519
2535	-0.0005407334
2536	-0.0006539226
2537	-0.00067377096
2538	-0.00057613855
2539	-0.00048655277
2540	-0.00053483254
2541	-0.00066089636
2542	-0.00067752606
2543	-0.00056970125
2544	-0.00046670443
2545	-0.0005096198
2546	-0.00063622004
2547	-0.00066465145
2548	-0.0005589724
2549	-0.00046080357
2550	-0.0005037189
2551	-0.0006292463
2552	-0.0006630421
2553	-0.00056433683
2554	-0.0004715324
2555	-0.0005101562
2556	-0.0006405116
2557	-0.0006818176
2558	-0.000581503
2559	-0.00047636038
2560	-0.0005359054
2561	-0.00065928703
2562	-0.0006818176
2563	-0.000581503
2564	-0.00048118836
2565	-0.0005294681
2566	-0.00064426666
2567	-0.00067591673
2568	-0.0005691648
2569	-0.00046724087
2570	-0.00050801045
2571	-0.0006281734
2572	-0.0006603599
2573	-0.00056219107
2574	-0.00045758492
2575	-0.0004972816
2576	-0.0006421209
2577	-0.0006791354
2578	-0.0005680919
2579	-0.0004688502
2580	-0.0005165935
2581	-0.0006437302
2582	-0.00067484385
2583	-0.000571847
2584	-0.00047582394
2585	-0.00052624947
2586	-0.00065553194
2587	-0.000687182
2588	-0.0005868674
2589	-0.00047582394
2590	-0.000512302
2591	-0.0006335378
2592	-0.0006780625
2593	-0.00057613855
2594	-0.00046348578
2595	-0.00050532824
2596	-0.0006372929
2597	-0.00066572434
2598	-0.0005616546
2599	-0.00046134
2600	-0.0005010367
2601	-0.0006244183
2602	-0.0006678701
2603	-0.00057345635
2604	-0.00046724087
2605	-0.0005187393
2606	-0.0006566048
2607	-0.00068771845
2608	-0.00057882076
2609	-0.00047850615
2610	-0.0005267859
2611	-0.00064909464
2612	-0.0006743074
2613	-0.0005857945
2614	-0.0004817248
2615	-0.0005251766
2616	-0.0006566048
2617	-0.00067859894
2618	-0.00057238346
2619	-0.0004650951
2620	-0.0005058647
2621	-0.00063782936
2622	-0.00067377096
2623	-0.0005638004
2624	-0.00046026713
2625	-0.000502646
2626	-0.0006206632
2627	-0.00066572434
2628	-0.0005729199
2629	-0.00047475105
2630	-0.0005160571
2631	-0.00063407427
2632	-0.0006764532
2633	-0.0005943776
2634	-0.00048118836
2635	-0.00052356726
2636	-0.0006625057
2637	-0.0006957651
2638	-0.0005879403
2639	-0.00048762566
2640	-0.0005289317
2641	-0.0006437302
2642	-0.0006818176
2643	-0.0005804301
2644	-0.0004677773
2645	-0.0005101562
2646	-0.00063139206
2647	-0.00066572434
2648	-0.0005680919
2649	-0.00045704847
2650	-0.0005047918
2651	-0.0006335378
2652	-0.0006780625
2653	-0.00057077414
2654	-0.0004677773
2655	-0.00051176554
2656	-0.0006367565
2657	-0.0006662608
2658	-0.0005831123
2659	-0.0004806519
2660	-0.0005047918
2661	-0.00064641243
2662	-0.0006898642
2663	-0.0005959869
2664	-0.0004945994
2665	-0.00051712996
2666	-0.0006356836
2667	-0.0006807447
2668	-0.00057345635
2669	-0.00046455866
2670	-0.0005101562
2671	-0.00063139206
2672	-0.00066465145
2673	-0.00056219107
2674	-0.00045973068
2675	-0.0004956723
2676	-0.0006271005
2677	-0.0006603599
2678	-0.000571847
2679	-0.00046992308
2680	-0.0005149842
2681	-0.000641048
2682	-0.00068879133
2683	-0.00058901316
2684	-0.00048708922
2685	-0.0005165935
2686	-0.0006474853
2687	-0.00069683796
2688	-0.00060027844
2689	-0.00048494345
2690	-0.0005187393
2691	-0.00063890225
2692	-0.00068235403
2693	-0.00057721144
2694	-0.0004688502
2695	-0.0005047918
2696	-0.00062870985
2697	-0.0006796718
2698	-0.00057721144
2699	-0.00046724087
2700	-0.0005047918
2701	-0.0006174446
2702	-0.00066196924
2703	-0.0005804301
2704	-0.00047045952
2705	-0.0005058647
2706	-0.0006367565
2707	-0.0006753803
2708	-0.00059008604
2709	-0.0004854799
2710	-0.000507474
2711	-0.0006437302
2712	-0.00069415575
2713	-0.00060027844
2714	-0.00048869854
2715	-0.00051069265
2716	-0.00063782936
2717	-0.0006753803
2718	-0.0005804301
2719	-0.0004742146
2720	-0.00050157314
2721	-0.000617981
2722	-0.00067216164
2723	-0.000571847
2724	-0.00046080357
2725	-0.0004956723
2726	-0.0006206632
2727	-0.00067001587
2728	-0.000581503
2729	-0.0004752875
2730	-0.0005037189
2731	-0.00063514715
2732	-0.0006893278
2733	-0.0005943776
2734	-0.00048118836
2735	-0.00051444775
2736	-0.00064265734
2737	-0.00070059305
2738	-0.00059920555
2739	-0.0004806519
2740	-0.0005160571
2741	-0.00064265734
2742	-0.00068128115
2743	-0.0005857945
2744	-0.00047314173
2745	-0.00050425535
2746	-0.00062119967
2747	-0.0006662608
2748	-0.00057345635
2749	-0.00045973068
2750	-0.00048655277
2751	-0.0006099344
2752	-0.00067108875
2753	-0.00059008604
2754	-0.00047099596
2755	-0.0005010367
2756	-0.0006308556
2757	-0.0006925464
2758	-0.0006013513
2759	-0.0004854799
2760	-0.0005096198
2761	-0.00064426666
2762	-0.0006957651
2763	-0.00059545046
2764	-0.00048279768
2765	-0.0005021096
2766	-0.00063246494
2767	-0.00068664557
2768	-0.0005847216
2769	-0.0004650951
2770	-0.00049406296
2771	-0.000617981
2772	-0.0006726981
2773	-0.00058096653
2774	-0.0004677773
2775	-0.00048226124
2776	-0.000617981
2777	-0.0006630421
2778	-0.00058364874
2779	-0.0004790426
2780	-0.0005139113
2781	-0.00063514715
2782	-0.00068503624
2783	-0.000599742
2784	-0.00048118836
2785	-0.00050908333
2786	-0.00063782936
2787	-0.0006898642
2788	-0.000599742
2789	-0.0004817248
2790	-0.00050050026
2791	-0.0006271005
2792	-0.00068235403
2793	-0.00058525807
2794	-0.00047206884
2795	-0.0004897714
2796	-0.00062495476
2797	-0.00068503624
2798	-0.00058525807
2799	-0.00046187645
2800	-0.00048118836
2801	-0.00060296064
2802	-0.00067001587
2803	-0.00059652334
2804	-0.0004715324
2805	-0.00049781805
2806	-0.0006335378
2807	-0.00069201
2808	-0.00059652334
2809	-0.00048655277
2810	-0.0005160571
2811	-0.0006330014
2812	-0.0006963015
2813	-0.0006099344
2814	-0.00048279768
2815	-0.00050532824
2816	-0.0006217361
2817	-0.0006796718
2818	-0.00059545046
2819	-0.0004779697
2820	-0.0004945994
2821	-0.000617981
2822	-0.0006743074
2823	-0.00057613855
2824	-0.0004688502
2825	-0.00049030787
2826	-0.0006061793
2827	-0.0006732345
2828	-0.0005868674
2829	-0.0004817248
2830	-0.00049781805
2831	-0.0006254912
2832	-0.0006898642
2833	-0.00060296064
2834	-0.00048869854
2835	-0.00050801045
2836	-0.0006346107
2837	-0.0006861091
2838	-0.000594914
2839	-0.0004919172
2840	-0.000502646
2841	-0.00062602764
2842	-0.0006861091
2843	-0.00059008604
2844	-0.0004790426
2845	-0.0005021096
2846	-0.0006330014
2847	-0.00068020826
2848	-0.0005831123
2849	-0.00046938664
2850	-0.00048869854
2851	-0.00061851746
2852	-0.0006705523
2853	-0.00058525807
2854	-0.00047475105
2855	-0.00049245363
2856	-0.00062227255
2857	-0.000687182
2858	-0.00060564285
2859	-0.00049138075
2860	-0.0005021096
2861	-0.0006254912
2862	-0.00069415575
2863	-0.00061476236
2864	-0.0004908443
2865	-0.0005047918
2866	-0.00062495476
2867	-0.00068396336
2868	-0.0005986691
2869	-0.0004790426
2870	-0.0004956723
2871	-0.0006217361
2872	-0.0006780625
2873	-0.00058525807
2874	-0.00046187645
2875	-0.00047850615
2876	-0.00061851746
2877	-0.0006753803
2878	-0.00059169537
2879	-0.0004752875
2880	-0.0004908443
2881	-0.0006265641
2882	-0.00068128115
2883	-0.0006013513
2884	-0.00049030787
2885	-0.0005096198
2886	-0.00063139206
2887	-0.0006963015
2888	-0.00060671574
2889	-0.00049138075
2890	-0.00050425535
2891	-0.00062334543
2892	-0.0006780625
2893	-0.00059384113
2894	-0.0004624129
2895	-0.0004779697
2896	-0.0006142259
2897	-0.0006753803
2898	-0.00058096653
2899	-0.00046187645
2900	-0.00048387056
2901	-0.0006244183
2902	-0.000687182
2903	-0.0005933047
2904	-0.00047367817
2905	-0.00048601633
2906	-0.000617981
2907	-0.0006844998
2908	-0.0006110073
2909	-0.0004908443
2910	-0.00050425535
2911	-0.00063246494
2912	-0.00069522863
2913	-0.00061583525
2914	-0.00048655277
2915	-0.0004999638
2916	-0.0006136895
2917	-0.00068020826
2918	-0.00060027844
2919	-0.00047045952
2920	-0.0004817248
2921	-0.0006206632
2922	-0.0006834269
2923	-0.00060027844
2924	-0.0004726053
2925	-0.00048279768
2926	-0.0006110073
2927	-0.0006753803
2928	-0.0005959869
2929	-0.00048333412
2930	-0.00049406296
2931	-0.0006136895
2932	-0.00067752606
2933	-0.0006110073
2934	-0.00048869854
2935	-0.00049674517
2936	-0.0006292463
2937	-0.00069415575
2938	-0.00061583525
2939	-0.0004929901
2940	-0.000502646
2941	-0.0006308556
2942	-0.00068771845
2943	-0.00060939795
2944	-0.000489235
2945	-0.00049138075
2946	-0.0006115437
2947	-0.0006764532
2948	-0.0005970598
2949	-0.0004742146
2950	-0.00047957903
2951	-0.0006072522
2952	-0.00068235403
2953	-0.00060296064
2954	-0.00048494345
2955	-0.00048762566
2956	-0.00061476236
2957	-0.0006882549
2958	-0.0006217361
2959	-0.000489235
2960	-0.00048762566
2961	-0.0006244183
2962	-0.00069147354
2963	-0.00060456997
2964	-0.000484407
2965	-0.000502646
2966	-0.00061851746
2967	-0.0006828905
2968	-0.0006034971
2969	-0.00047850615
2970	-0.00048601633
2971	-0.0006136895
2972	-0.00067591673
2973	-0.00059652334
2974	-0.00046992308
2975	-0.0004752875
2976	-0.00060832506
2977	-0.00067859894
2978	-0.000599742
2979	-0.00048118836
2980	-0.0004935265
2981	-0.000617981
2982	-0.0006957651
2983	-0.0006061793
2984	-0.00048601633
2985	-0.0004919172
2986	-0.0006190539
2987	-0.00069522863
2988	-0.000617981
2989	-0.00049674517
2990	-0.000502646
2991	-0.0006136895
2992	-0.0006844998
2993	-0.0006051064
2994	-0.00048708922
2995	-0.00049138075
2996	-0.00060027844
2997	-0.0006678701
2998	-0.000594914
2999	-0.00047314173
3000	-0.00048279768
3001	-0.0006088615
3002	-0.00068396336
3003	-0.0006088615
3004	-0.00048762566
3005	-0.00048762566
3006	-0.00061047083
3007	-0.0006898642
3008	-0.0006152988
3009	-0.00048708922
3010	-0.0004983545
3011	-0.0006217361
3012	-0.00069147354
3013	-0.00062334543
3014	-0.00049889093
3015	-0.00050425535
3016	-0.000622809
3017	-0.0006898642
3018	-0.0006115437
3019	-0.00047689682
3020	-0.00048333412
3021	-0.00060671574
3022	-0.00067752606
3023	-0.0006072522
3024	-0.00047957903
3025	-0.00047582394
3026	-0.0005906225
3027	-0.0006726981
3028	-0.0006072522
3029	-0.00048708922
3030	-0.0004935265
3031	-0.0006088615
3032	-0.0006796718
3033	-0.00061315304
3034	-0.0004962087
3035	-0.00049889093
3036	-0.000622809
3037	-0.0007038117
3038	-0.00062334543
3039	-0.0004972816
3040	-0.0004972816
3041	-0.0006099344
3042	-0.000687182
3043	-0.0006013513
3044	-0.0004752875
3045	-0.00047582394
3046	-0.0006051064
3047	-0.00067377096
3048	-0.00059652334
3049	-0.00048279768
3050	-0.00047957903
3051	-0.0005970598
3052	-0.0006726981
3053	-0.00060296064
3054	-0.00048333412
3055	-0.00048494345
3056	-0.00060832506
3057	-0.00069308287
3058	-0.0006126166
3059	-0.0004919172
3060	-0.00050693756
3061	-0.00062495476
3062	-0.0006984473
3063	-0.00062602764
3064	-0.0004994274
3065	-0.0004929901
3066	-0.00061476236
3067	-0.00068771845
3068	-0.00060832506
3069	-0.00048708922
3070	-0.00049513584
3071	-0.0006126166
3072	-0.00067377096
3073	-0.0006040335
3074	-0.00048494345
3075	-0.0004806519
3076	-0.0006040335
3077	-0.0006844998
3078	-0.00060671574
3079	-0.0004817248
3080	-0.0004806519
3081	-0.00060939795
3082	-0.0006925464
3083	-0.000622809
3084	-0.00049138075
3085	-0.00049245363
3086	-0.0006206632
3087	-0.0006957651
3088	-0.00063139206
3089	-0.0004945994
3090	-0.00048762566
3091	-0.00060564285
3092	-0.0006791354
3093	-0.00060939795
3094	-0.00048869854
3095	-0.00048869854
3096	-0.0006013513
3097	-0.0006764532
3098	-0.000594914
3099	-0.00047206884
3100	-0.00047475105
3101	-0.00059920555
3102	-0.00068235403
3103	-0.00061047083
3104	-0.0004956723
3105	-0.0004956723
3106	-0.00061047083
3107	-0.0006828905
3108	-0.0006115437
3109	-0.0004935265
3110	-0.00049138075
3111	-0.00061476236
3112	-0.0006989837
3113	-0.0006346107
3114	-0.0004994274
3115	-0.00048011547
3116	-0.00059920555
3117	-0.0006834269
3118	-0.0006077886
3119	-0.000484407
3120	-0.0004908443
3121	-0.0006034971
3122	-0.00067859894
3123	-0.00060832506
3124	-0.00048494345
3125	-0.0004779697
3126	-0.000594914
3127	-0.0006796718
3128	-0.00061208016
3129	-0.00048655277
3130	-0.00047636038
3131	-0.00060671574
3132	-0.0006957651
3133	-0.0006271005
3134	-0.0004972816
3135	-0.0005037189
3136	-0.000617981
3137	-0.0006898642
3138	-0.0006238819
3139	-0.00050050026
3140	-0.0004908443
3141	-0.0006152988
3142	-0.000687182
3143	-0.00060296064
3144	-0.00047475105
3145	-0.00047743326
3146	-0.0005986691
3147	-0.0006716252
3148	-0.00060456997
3149	-0.00047314173
3150	-0.00046563154
3151	-0.00059008604
3152	-0.0006807447
3153	-0.00060939795
3154	-0.00048011547
3155	-0.0004752875
3156	-0.0006061793
3157	-0.00069791084
3158	-0.0006308556
3159	-0.0004929901
3160	-0.00048762566
3161	-0.0006072522
3162	-0.0006898642
3163	-0.00062334543
3164	-0.00050050026
3165	-0.00048601633
3166	-0.00060296064
3167	-0.0006834269
3168	-0.0006254912
3169	-0.000489235
3170	-0.0004677773
3171	-0.0005895496
3172	-0.0006769896
3173	-0.00061583525
3174	-0.0004854799
3175	-0.0004715324
3176	-0.0005906225
3177	-0.00067001587
3178	-0.0006115437
3179	-0.0004908443
3180	-0.00048011547
3181	-0.000594914
3182	-0.00068503624
3183	-0.00062602764
3184	-0.00050318247
3185	-0.00049138075
3186	-0.0006126166
3187	-0.00069415575
3188	-0.00063514715
3189	-0.0005058647
3190	-0.00049030787
3191	-0.00060296064
3192	-0.0006780625
3193	-0.0006099344
3194	-0.00048118836
3195	-0.00046616798
3196	-0.00058257586
3197	-0.0006743074
3198	-0.000622809
3199	-0.00048387056
3200	-0.0004715324
3201	-0.00059169537
3202	-0.0006791354
3203	-0.00060832506
3204	-0.0004854799
3205	-0.0004726053
3206	-0.00059652334
3207	-0.00068879133
3208	-0.0006308556
3209	-0.000502646
3210	-0.00049513584
3211	-0.0006077886
3212	-0.00069415575
3213	-0.00063407427
3214	-0.000507474
3215	-0.0004854799
3216	-0.00060456997
3217	-0.0006936193
3218	-0.00062763697
3219	-0.0004972816
3220	-0.00047689682
3221	-0.00058633095
3222	-0.000668943
3223	-0.0006088615
3224	-0.00048226124
3225	-0.0004677773
3226	-0.0005756021
3227	-0.0006678701
3228	-0.00061959034
3229	-0.0004929901
3230	-0.00048387056
3231	-0.0005922318
3232	-0.00068503624
3233	-0.00063246494
3234	-0.00049889093
3235	-0.00048708922
3236	-0.0006051064
3237	-0.0006909371
3238	-0.00062334543
3239	-0.0005021096
3240	-0.00048708922
3241	-0.0006013513
3242	-0.0006807447
3243	-0.0006206632
3244	-0.00049245363
3245	-0.00047850615
3246	-0.0005841852
3247	-0.0006603599
3248	-0.00059545046
3249	-0.000489235
3250	-0.0004726053
3251	-0.00058525807
3252	-0.00068020826
3253	-0.0006174446
3254	-0.00048387056
3255	-0.0004779697
3256	-0.00060188776
3257	-0.00068771845
3258	-0.0006335378
3259	-0.00051176554
3260	-0.00048869854
3261	-0.0006051064
3262	-0.0006925464
3263	-0.00062870985
3264	-0.0005047918
3265	-0.00049406296
3266	-0.000594914
3267	-0.0006834269
3268	-0.0006244183
3269	-0.0004945994
3270	-0.00046724087
3271	-0.00057989365
3272	-0.0006753803
3273	-0.0006190539
3274	-0.0004854799
3275	-0.00046455866
3276	-0.00058525807
3277	-0.0006780625
3278	-0.000622809
3279	-0.0004929901
3280	-0.00047957903
3281	-0.0006008149
3282	-0.0006925464
3283	-0.0006405116
3284	-0.00051444775
3285	-0.0004908443
3286	-0.00059813267
3287	-0.0006882549
3288	-0.00063139206
3289	-0.00050908333
3290	-0.000484407
3291	-0.00059384113
3292	-0.0006828905
3293	-0.0006281734
3294	-0.0004919172
3295	-0.00046563154
3296	-0.0005831123
3297	-0.00066840654
3298	-0.0006061793
3299	-0.00048387056
3300	-0.0004688502
3301	-0.0005782843
3302	-0.00067377096
3303	-0.0006238819
3304	-0.0004945994
3305	-0.0004779697
3306	-0.0005841852
3307	-0.00068503624
3308	-0.00063246494
3309	-0.0005101562
3310	-0.00047850615
3311	-0.0006008149
3312	-0.00070327526
3313	-0.0006367565
3314	-0.0005096198
3315	-0.00048333412
3316	-0.00059545046
3317	-0.0006791354
3318	-0.0006206632
3319	-0.0004881621
3320	-0.00047045952
3321	-0.0005804301
3322	-0.00067216164
3323	-0.0006190539
3324	-0.00048601633
3325	-0.00045973068
3326	-0.00057452923
3327	-0.00067484385
3328	-0.0006217361
3329	-0.0004972816
3330	-0.0004742146
3331	-0.0005820394
3332	-0.0006882549
3333	-0.00063782936
3334	-0.00050801045
3335	-0.00048494345
3336	-0.00059920555
3337	-0.0006936193
3338	-0.0006496311
3339	-0.00051712996
3340	-0.00048387056
3341	-0.0005831123
3342	-0.00068235403
3343	-0.0006356836
3344	-0.0004972816
3345	-0.00046563154
3346	-0.000571847
3347	-0.0006694794
3348	-0.0006136895
3349	-0.0004929901
3350	-0.00046831375
3351	-0.00057721144
3352	-0.00067377096
3353	-0.000622809
3354	-0.00049889093
3355	-0.00048494345
3356	-0.0005906225
3357	-0.00068235403
3358	-0.0006356836
3359	-0.00051552063
3360	-0.000484407
3361	-0.00059384113
3362	-0.0006957651
3363	-0.0006405116
3364	-0.0005112291
3365	-0.0004881621
3366	-0.00058525807
3367	-0.00068771845
3368	-0.0006292463
3369	-0.00049674517
3370	-0.00047045952
3371	-0.00057721144
3372	-0.0006678701
3373	-0.00062763697
3374	-0.00050157314
3375	-0.00046616798
3376	-0.00057721144
3377	-0.0006844998
3378	-0.00063782936
3379	-0.0005112291
3380	-0.00048011547
3381	-0.00057613855
3382	-0.00068020826
3383	-0.0006319285
3384	-0.00051981217
3385	-0.0004945994
3386	-0.0005959869
3387	-0.0006844998
3388	-0.0006405116
3389	-0.00052088505
3390	-0.00048118836
3391	-0.00057721144
3392	-0.0006764532
3393	-0.0006335378
3394	-0.00051337486
3395	-0.00047850615
3396	-0.0005750657
3397	-0.000668943
3398	-0.00062602764
3399	-0.0004945994
3400	-0.00045919424
3401	-0.0005664826
3402	-0.00067001587
3403	-0.00062334543
3404	-0.0005047918
3405	-0.0004752875
3406	-0.00058257586
3407	-0.00068879133
3408	-0.00064158445
3409	-0.0005251766
3410	-0.00048869854
3411	-0.00059384113
3412	-0.0006898642
3413	-0.00063890225
3414	-0.00051444775
3415	-0.00048333412
3416	-0.00058257586
3417	-0.0006753803
3418	-0.00063407427
3419	-0.0005047918
3420	-0.00046724087
3421	-0.0005638004
3422	-0.0006716252
3423	-0.00062763697
3424	-0.0004945994
3425	-0.00045919424
3426	-0.0005616546
3427	-0.0006678701
3428	-0.00063139206
3429	-0.0005176664
3430	-0.00047850615
3431	-0.0005739928
3432	-0.00068771845
3433	-0.00064909464
3434	-0.00051552063
3435	-0.0004779697
3436	-0.0005868674
3437	-0.00069415575
3438	-0.0006566048
3439	-0.0005289317
3440	-0.00047689682
3441	-0.00058257586
3442	-0.00067752606
3443	-0.00063622004
3444	-0.0005085469
3445	-0.00047314173
3446	-0.00056701904
3447	-0.0006818176
3448	-0.0006431938
3449	-0.00049406296
3450	-0.00045704847
3451	-0.000571847
3452	-0.0006726981
3453	-0.00063139206
3454	-0.0005064011
3455	-0.0004742146
3456	-0.00057721144
3457	-0.00068771845
3458	-0.000645876
3459	-0.0005160571
3460	-0.0004715324
3461	-0.00057721144
3462	-0.0006909371
3463	-0.000645876
3464	-0.0005203486
3465	-0.0004806519
3466	-0.00057721144
3467	-0.0006743074
3468	-0.0006271005
3469	-0.0005112291
3470	-0.00046187645
3471	-0.00056058174
3472	-0.0006743074
3473	-0.0006254912
3474	-0.0004945994
3475	-0.0004511476
3476	-0.0005600453
3477	-0.00066572434
3478	-0.00063622004
3479	-0.000507474
3480	-0.00047582394
3481	-0.00057721144
3482	-0.00068128115
3483	-0.0006421209
3484	-0.00051552063
3485	-0.00047475105
3486	-0.0005782843
3487	-0.00069308287
3488	-0.0006501675
3489	-0.00052356726
3490	-0.0004779697
3491	-0.00056594616
3492	-0.0006732345
3493	-0.00064158445
3494	-0.0005058647
3495	-0.00046724087
3496	-0.0005573631
3497	-0.0006630421
3498	-0.0006254912
3499	-0.0004983545
3500	-0.00046080357
3501	-0.0005664826
3502	-0.0006764532
3503	-0.00064158445
3504	-0.0005085469
3505	-0.0004715324
3506	-0.0005729199
3507	-0.0006791354
3508	-0.0006501675
3509	-0.00052732235
3510	-0.00048279768
3511	-0.00057989365
3512	-0.00069147354
3513	-0.000645876
3514	-0.000525713
3515	-0.00048279768
3516	-0.0005729199
3517	-0.00067377096
3518	-0.00063890225
3519	-0.00051337486
3520	-0.00046992308
3521	-0.00056970125
3522	-0.0006726981
3523	-0.00063622004
3524	-0.0005047918
3525	-0.00045382982
3526	-0.000558436
3527	-0.00066357857
3528	-0.0006356836
3529	-0.0005139113
3530	-0.00047099596
3531	-0.0005675555
3532	-0.0006807447
3533	-0.00065445906
3534	-0.0005214215
3535	-0.0004790426
3536	-0.0005756021
3537	-0.0006898642
3538	-0.0006560684
3539	-0.00051981217
3540	-0.00047582394
3541	-0.00056433683
3542	-0.0006764532
3543	-0.0006405116
3544	-0.000512302
3545	-0.00046724087
3546	-0.00055575377
3547	-0.0006598235
3548	-0.00062119967
3549	-0.0004945994
3550	-0.00045973068
3551	-0.00056594616
3552	-0.0006726981
3553	-0.0006383658
3554	-0.00051820284
3555	-0.0004677773
3556	-0.0005638004
3557	-0.0006743074
3558	-0.00064426666
3559	-0.0005187393
3560	-0.00048118836
3561	-0.0005804301
3562	-0.0006936193
3563	-0.0006512404
3564	-0.0005160571
3565	-0.00047314173
3566	-0.0005756021
3567	-0.00068503624
3568	-0.0006485582
3569	-0.00051337486
3570	-0.00045704847
3571	-0.00055038935
3572	-0.000664115
3573	-0.0006394387
3574	-0.00051820284
3575	-0.00046831375
3576	-0.0005482436
3577	-0.00066572434
3578	-0.00064265734
3579	-0.0005224944
3580	-0.0004715324
3581	-0.0005664826
3582	-0.00068396336
3583	-0.0006539226
3584	-0.00052839523
3585	-0.0004726053
3586	-0.00056701904
3587	-0.00068664557
3588	-0.0006523133
3589	-0.0005165935
3590	-0.00046938664
3591	-0.0005680919
3592	-0.00068503624
3593	-0.00064802176
3594	-0.00051712996
3595	-0.00046455866
3596	-0.0005573631
3597	-0.0006625057
3598	-0.00063782936
3599	-0.0005101562
3600	-0.0004484654
3601	-0.00054770714
3602	-0.000664115
3603	-0.0006421209
3604	-0.0005149842
3605	-0.0004688502
3606	-0.00056862837
3607	-0.0006807447
3608	-0.00065070397
3609	-0.0005294681
3610	-0.0004790426
3611	-0.0005777479
3612	-0.00068771845
3613	-0.0006598235
3614	-0.0005332232
3615	-0.00048118836
3616	-0.0005691648
3617	-0.0006844998
3618	-0.0006496311
3619	-0.00051444775
3620	-0.00045651203
3621	-0.00054770714
3622	-0.00065928703
3623	-0.00063622004
3624	-0.00051552063
3625	-0.00046616798
3626	-0.00054770714
3627	-0.00067216164
3628	-0.0006421209
3629	-0.0005187393
3630	-0.00046724087
3631	-0.0005600453
3632	-0.00068235403
3633	-0.0006512404
3634	-0.0005359054
3635	-0.0004806519
3636	-0.00057613855
3637	-0.000687182
3638	-0.00066465145
3639	-0.00053751474
3640	-0.0004742146
3641	-0.0005680919
3642	-0.0006764532
3643	-0.0006576777
3644	-0.00052356726
3645	-0.00046080357
3646	-0.00055038935
3647	-0.0006716252
3648	-0.00063782936
3649	-0.0005101562
3650	-0.00045973068
3651	-0.0005509258
3652	-0.00066572434
3653	-0.00064426666
3654	-0.00051712996
3655	-0.00046831375
3656	-0.0005573631
3657	-0.0006828905
3658	-0.0006539226
3659	-0.0005321503
3660	-0.0004779697
3661	-0.0005691648
3662	-0.00068503624
3663	-0.00066089636
3664	-0.00053483254
3665	-0.00046831375
3666	-0.0005562902
3667	-0.0006716252
3668	-0.00065553194
3669	-0.00052624947
3670	-0.00046455866
3671	-0.00054019695
3672	-0.0006549955
3673	-0.00063997513
3674	-0.00052356726
3675	-0.00046080357
3676	-0.0005460978
3677	-0.0006662608
3678	-0.000645876
3679	-0.0005230308
3680	-0.00047045952
3681	-0.0005573631
3682	-0.0006694794
3683	-0.00066089636
3684	-0.00054019695
3685	-0.0004806519
3686	-0.0005648733
3687	-0.0006796718
3688	-0.00066089636
3689	-0.0005316139
3690	-0.00045919424
3691	-0.0005509258
3692	-0.00067216164
3693	-0.0006512404
3694	-0.0005214215
3695	-0.00045651203
3696	-0.0005434156
3697	-0.0006630421
3698	-0.00064265734
3699	-0.0005101562
3700	-0.0004522205
3701	-0.00055307156
3702	-0.00068020826
3703	-0.0006539226
3704	-0.00051552063
3705	-0.0004549027
3706	-0.0005573631
3707	-0.0006791354
3708	-0.0006630421
3709	-0.000535369
3710	-0.00048279768
3711	-0.00057238346
3712	-0.0006769896
3713	-0.0006523133
3714	-0.0005332232
3715	-0.0004779697
3716	-0.0005589724
3717	-0.0006807447
3718	-0.00066089636
3719	-0.0005251766
3720	-0.0004511476
3721	-0.00054395205
3722	-0.00065553194
3723	-0.0006356836
3724	-0.0005096198
3725	-0.00044524675
3726	-0.00053751474
3727	-0.0006614328
3728	-0.00064533955
3729	-0.0005241037
3730	-0.0004688502
3731	-0.00055575377
3732	-0.00066840654
3733	-0.0006496311
3734	-0.0005278588
3735	-0.00048494345
3736	-0.0005713106
3737	-0.00068235403
3738	-0.0006566048
3739	-0.00053751474
3740	-0.00047099596
3741	-0.00056058174
3742	-0.00067216164
3743	-0.0006598235
3744	-0.0005321503
3745	-0.0004688502
3746	-0.0005385876
3747	-0.0006603599
3748	-0.0006431938
3749	-0.00051981217
3750	-0.00045973068
3751	-0.0005321503
3752	-0.00065445906
3753	-0.00065070397
3754	-0.0005316139
3755	-0.0004726053
3756	-0.0005573631
3757	-0.0006764532
3758	-0.000668943
3759	-0.00055575377
3760	-0.00048333412
3761	-0.00055950886
3762	-0.0006796718
3763	-0.00066089636
3764	-0.0005289317
3765	-0.0004752875
3766	-0.00055038935
3767	-0.0006705523
3768	-0.0006533862
3769	-0.0005321503
3770	-0.00046080357
3771	-0.00053912407
3772	-0.0006614328
3773	-0.000645876
3774	-0.0005160571
3775	-0.00045973068
3776	-0.00054663426
3777	-0.00066196924
3778	-0.0006448031
3779	-0.0005369783
3780	-0.00047475105
3781	-0.0005525351
3782	-0.00068020826
3783	-0.00066572434
3784	-0.0005423427
3785	-0.0004752875
3786	-0.00054663426
3787	-0.00067377096
3788	-0.00067001587
3789	-0.0005396605
3790	-0.0004726053
3791	-0.00055575377
3792	-0.00067377096
3793	-0.0006630421
3794	-0.00053107744
3795	-0.00046455866
3796	-0.00054663426
3797	-0.00065714127
3798	-0.0006469489
3799	-0.00051981217
3800	-0.00045704847
3801	-0.000530541
3802	-0.00065177685
3803	-0.0006512404
3804	-0.0005289317
3805	-0.00046294933
3806	-0.00055038935
3807	-0.00067001587
3808	-0.0006662608
3809	-0.0005444885
3810	-0.0004752875
3811	-0.0005611182
3812	-0.00067752606
3813	-0.0006630421
3814	-0.00054019695
3815	-0.00047636038
3816	-0.0005460978
3817	-0.00066089636
3818	-0.0006576777
3819	-0.00054287916
3820	-0.0004650951
3821	-0.00053751474
3822	-0.0006539226
3823	-0.0006501675
3824	-0.00052356726
3825	-0.00045436627
3826	-0.00052839523
3827	-0.0006566048
3828	-0.0006512404
3829	-0.0005332232
3830	-0.0004688502
3831	-0.00055146223
3832	-0.0006780625
3833	-0.00066465145
3834	-0.0005396605
3835	-0.0004688502
3836	-0.00054395205
3837	-0.0006732345
3838	-0.00066840654
3839	-0.00054019695
3840	-0.00048011547
3841	-0.0005434156
3842	-0.00066840654
3843	-0.0006662608
3844	-0.0005316139
3845	-0.00045973068
3846	-0.00053483254
3847	-0.00066089636
3848	-0.00066196924
3849	-0.0005289317
3850	-0.0004624129
3851	-0.00052356726
3852	-0.0006474853
3853	-0.0006603599
3854	-0.00053644186
3855	-0.0004624129
3856	-0.00054663426
3857	-0.0006625057
3858	-0.00065553194
3859	-0.00053912407
3860	-0.0004742146
3861	-0.00055414444
3862	-0.0006807447
3863	-0.00066196924
3864	-0.00054019695
3865	-0.00047582394
3866	-0.0005519987
3867	-0.00066840654
3868	-0.0006566048
3869	-0.0005396605
3870	-0.0004624129
3871	-0.0005385876
3872	-0.00065284973
3873	-0.0006512404
3874	-0.000535369
3875	-0.00045973068
3876	-0.0005359054
3877	-0.00065928703
3878	-0.0006630421
3879	-0.0005407334
3880	-0.00046455866
3881	-0.0005385876
3882	-0.00067377096
3883	-0.00067591673
3884	-0.0005616546
3885	-0.00048601633
3886	-0.00055682665
3887	-0.0006807447
3888	-0.0006818176
3889	-0.00055414444
3890	-0.00047314173
3891	-0.0005369783
3892	-0.0006662608
3893	-0.00065928703
3894	-0.0005332232
3895	-0.00046026713
3896	-0.00053751474
3897	-0.00066089636
3898	-0.0006549955
3899	-0.0005342961
3900	-0.00046026713
3901	-0.00053751474
3902	-0.00065284973
3903	-0.00064909464
3904	-0.00053107744
3905	-0.00046563154
3906	-0.00054287916
3907	-0.0006743074
3908	-0.0006743074
3909	-0.0005519987
3910	-0.00047367817
3911	-0.00055038935
3912	-0.00066840654
3913	-0.0006769896
3914	-0.00055575377
3915	-0.00047582394
3916	-0.0005278588
3917	-0.00065714127
3918	-0.0006662608
3919	-0.00053912407
3920	-0.0004511476
3921	-0.0005278588
3922	-0.00065928703
3923	-0.00065821415
3924	-0.00053268677
3925	-0.0004549027
3926	-0.00052088505
3927	-0.0006474853
3928	-0.0006539226
3929	-0.00053644186
3930	-0.00046348578
3931	-0.0005321503
3932	-0.0006630421
3933	-0.0006743074
3934	-0.000558436
3935	-0.00048118836
3936	-0.00054395205
3937	-0.00067752606
3938	-0.00068771845
3939	-0.000558436
3940	-0.00047689682
3941	-0.00054126984
3942	-0.00066733366
3943	-0.00067108875
3944	-0.0005509258
3945	-0.00047045952
3946	-0.0005332232
3947	-0.0006560684
3948	-0.0006651879
3949	-0.0005407334
3950	-0.00046348578
3951	-0.0005278588
3952	-0.0006448031
3953	-0.0006512404
3954	-0.00053268677
3955	-0.00045758492
3956	-0.0005418063
3957	-0.0006732345
3958	-0.0006791354
3959	-0.0005627275
3960	-0.0004726053
3961	-0.00054395205
3962	-0.00066572434
3963	-0.00067591673
3964	-0.0005589724
3965	-0.00047689682
3966	-0.00054019695
3967	-0.0006566048
3968	-0.0006603599
3969	-0.00054663426
3970	-0.00045812136
3971	-0.0005278588
3972	-0.0006603599
3973	-0.0006560684
3974	-0.000535369
3975	-0.00046348578
3976	-0.00052732235
3977	-0.0006496311
3978	-0.00066196924
3979	-0.0005423427
3980	-0.00047206884
3981	-0.0005385876
3982	-0.0006560684
3983	-0.00066733366
3984	-0.0005509258
3985	-0.00047582394
3986	-0.00054287916
3987	-0.00066196924
3988	-0.0006807447
3989	-0.000558436
3990	-0.00047206884
3991	-0.00053644186
3992	-0.00066089636
3993	-0.00066840654
3994	-0.00054126984
3995	-0.00045919424
3996	-0.0005332232
3997	-0.0006566048
3998	-0.0006566048
3999	-0.0005267859
4000	-0.0004393459
4001	-0.00052088505
4002	-0.00065445906
4003	-0.0006630421
4004	-0.00055575377
4005	-0.0004752875
4006	-0.0005385876
4007	-0.00066572434
4008	-0.000668943
4009	-0.0005552173
4010	-0.0004779697
4011	-0.00054287916
4012	-0.0006598235
4013	-0.00067377096
4014	-0.0005482436
4015	-0.00046992308
4016	-0.0005396605
4017	-0.00065553194
4018	-0.0006576777
4019	-0.0005482436
4020	-0.00046294933
4021	-0.0005203486
4022	-0.0006501675
4023	-0.00066733366
4024	-0.0005423427
4025	-0.00044685608
4026	-0.00051981217
4027	-0.00064802176
4028	-0.0006576777
4029	-0.00054287916
4030	-0.00046080357
4031	-0.00052732235
4032	-0.00065284973
4033	-0.00067591673
4034	-0.0005616546
4035	-0.00046831375
4036	-0.00053375965
4037	-0.0006716252
4038	-0.00068664557
4039	-0.00056433683
4040	-0.00046992308
4041	-0.0005396605
4042	-0.0006625057
4043	-0.0006630421
4044	-0.0005471707
4045	-0.00046348578
4046	-0.00052195793
4047	-0.0006367565
4048	-0.0006576777
4049	-0.00054019695
4050	-0.00045382982
4051	-0.0005214215
4052	-0.00065177685
4053	-0.00066196924
4054	-0.0005471707
4055	-0.00045543915
4056	-0.0005289317
4057	-0.00066357857
4058	-0.0006743074
4059	-0.00055575377
4060	-0.00046724087
4061	-0.0005380512
4062	-0.0006662608
4063	-0.0006796718
4064	-0.0005654097
4065	-0.00047582394
4066	-0.0005342961
4067	-0.00065070397
4068	-0.00067377096
4069	-0.00055414444
4070	-0.00045651203
4071	-0.0005241037
4072	-0.00064641243
4073	-0.0006485582
4074	-0.0005332232
4075	-0.00045704847
4076	-0.00051981217
4077	-0.0006437302
4078	-0.00066196924
4079	-0.00054126984
4080	-0.00046455866
4081	-0.00053000456
4082	-0.00066089636
4083	-0.00068503624
4084	-0.00057077414
4085	-0.00047582394
4086	-0.0005460978
4087	-0.0006753803
4088	-0.0006855727
4089	-0.00056326395
4090	-0.00046992308
4091	-0.00052624947
4092	-0.0006576777
4093	-0.0006743074
4094	-0.0005519987
4095	-0.00045973068
4096	-0.00051712996
4097	-0.00065284973
4098	-0.0006705523
4099	-0.0005444885
4100	-0.00044685608
4101	-0.00050908333
4102	-0.0006512404
4103	-0.0006705523
4104	-0.0005455614
4105	-0.00046724087
4106	-0.0005342961
4107	-0.00065553194
4108	-0.0006818176
4109	-0.00056701904
4110	-0.00047367817
4111	-0.0005396605
4112	-0.00066465145
4113	-0.00068771845
4114	-0.0005750657
4115	-0.00047314173
4116	-0.0005321503
4117	-0.00065070397
4118	-0.0006753803
4119	-0.00055307156
4120	-0.0004624129
4121	-0.0005139113
4122	-0.00063622004
4123	-0.00065553194
4124	-0.0005444885
4125	-0.00045919424
4126	-0.00051444775
4127	-0.0006469489
4128	-0.000664115
4129	-0.00054931646
4130	-0.00046187645
4131	-0.0005342961
4132	-0.00066357857
4133	-0.0006834269
4134	-0.0005611182
4135	-0.00046831375
4136	-0.0005294681
4137	-0.000645876
4138	-0.0006743074
4139	-0.00056326395
4140	-0.00047689682
4141	-0.0005380512
4142	-0.0006533862
4143	-0.0006726981
4144	-0.0005600453
4145	-0.0004624129
4146	-0.0005187393
4147	-0.00063997513
4148	-0.000664115
4149	-0.00054287916
4150	-0.0004511476
4151	-0.00050693756
4152	-0.00064802176
4153	-0.00067001587
4154	-0.00055307156
4155	-0.0004586578
4156	-0.0005192757
4157	-0.0006512404
4158	-0.0006791354
4159	-0.0005654097
4160	-0.0004790426
4161	-0.00052624947
4162	-0.00065445906
4163	-0.0006818176
4164	-0.00056862837
4165	-0.00046724087
4166	-0.000525713
4167	-0.00065070397
4168	-0.000668943
4169	-0.000558436
4170	-0.0004586578
4171	-0.00050908333
4172	-0.00063622004
4173	-0.00066089636
4174	-0.0005509258
4175	-0.00045704847
4176	-0.00050801045
4177	-0.0006367565
4178	-0.00066196924
4179	-0.00056433683
4180	-0.00046670443
4181	-0.00052088505
4182	-0.00065821415
4183	-0.0006818176
4184	-0.0005664826
4185	-0.0004779697
4186	-0.00053107744
4187	-0.0006523133
4188	-0.00067591673
4189	-0.00057721144
4190	-0.00047582394
4191	-0.00052356726
4192	-0.0006485582
4193	-0.0006769896
4194	-0.0005562902
4195	-0.00045758492
4196	-0.00051981217
4197	-0.0006356836
4198	-0.0006651879
4199	-0.000553608
4200	-0.0004511476
4201	-0.0005085469
4202	-0.0006421209
4203	-0.0006630421
4204	-0.0005654097
4205	-0.0004742146
4206	-0.0005224944
4207	-0.0006576777
4208	-0.00068503624
4209	-0.00057238346
4210	-0.00047367817
4211	-0.00052624947
4212	-0.00065284973
4213	-0.0006791354
4214	-0.00057238346
4215	-0.00047689682
4216	-0.00052088505
4217	-0.00064426666
4218	-0.00066733366
4219	-0.00055307156
4220	-0.00045812136
4221	-0.00050532824
4222	-0.0006346107
4223	-0.00066196924
4224	-0.000553608
4225	-0.0004522205
4226	-0.0005047918
4227	-0.00063782936
4228	-0.0006603599
4229	-0.0005616546
4230	-0.0004677773
4231	-0.0005165935
4232	-0.00064802176
4233	-0.00068503624
4234	-0.00057882076
4235	-0.00047689682
4236	-0.0005241037
4237	-0.0006523133
4238	-0.00069040066
4239	-0.00057452923
4240	-0.00047045952
4241	-0.0005289317
4242	-0.0006501675
4243	-0.00067001587
4244	-0.00056058174
4245	-0.00046455866
4246	-0.00050532824
4247	-0.00063139206
4248	-0.0006614328
4249	-0.0005525351
4250	-0.00045275694
4251	-0.00051176554
4252	-0.0006421209
4253	-0.00066357857
4254	-0.00055682665
4255	-0.00046294933
4256	-0.0005289317
4257	-0.0006485582
4258	-0.00068396336
4259	-0.00057882076
4260	-0.0004806519
4261	-0.00053268677
4262	-0.00065553194
4263	-0.00068235403
4264	-0.0005804301
4265	-0.0004742146
4266	-0.0005214215
4267	-0.00064802176
4268	-0.00066840654
4269	-0.0005638004
4270	-0.0004522205
4271	-0.0005101562
4272	-0.0006319285
4273	-0.0006630421
4274	-0.0005654097
4275	-0.00045007473
4276	-0.0004956723
4277	-0.00063514715
4278	-0.00067377096
4279	-0.00056970125
4280	-0.0004650951
4281	-0.0005224944
4282	-0.0006431938
4283	-0.0006732345
4284	-0.000571847
4285	-0.00048011547
4286	-0.00052839523
4287	-0.0006566048
4288	-0.00069791084
4289	-0.0005911589
4290	-0.00048011547
4291	-0.00051444775
4292	-0.00063622004
4293	-0.0006753803
4294	-0.00056970125
4295	-0.00046187645
4296	-0.0005021096
4297	-0.00062602764
4298	-0.00066465145
4299	-0.0005611182
4300	-0.0004549027
4301	-0.0004983545
4302	-0.0006367565
4303	-0.00066840654
4304	-0.0005675555
4305	-0.00046616798
4306	-0.0005160571
4307	-0.0006448031
4308	-0.0006818176
4309	-0.00058257586
4310	-0.00048118836
4311	-0.0005267859
4312	-0.0006501675
4313	-0.00068396336
4314	-0.00058096653
4315	-0.00046455866
4316	-0.0005101562
4317	-0.0006372929
4318	-0.0006705523
4319	-0.00056326395
4320	-0.00045812136
4321	-0.0005021096
4322	-0.0006308556
4323	-0.00067108875
4324	-0.0005664826
4325	-0.0004650951
4326	-0.00050532824
4327	-0.00063997513
4328	-0.0006818176
4329	-0.000571847
4330	-0.00046724087
4331	-0.00052088505
4332	-0.0006539226
4333	-0.00068503624
4334	-0.00058364874
4335	-0.0004790426
4336	-0.0005224944
4337	-0.00065553194
4338	-0.0006834269
4339	-0.0005777479
4340	-0.0004715324
4341	-0.00051820284
4342	-0.00063997513
4343	-0.0006769896
4344	-0.00057238346
4345	-0.00046455866
4346	-0.0005010367
4347	-0.000622809
4348	-0.00066840654
4349	-0.0005702377
4350	-0.00045973068
4351	-0.0004881621
4352	-0.00061959034
4353	-0.0006705523
4354	-0.0005750657
4355	-0.0004688502
4356	-0.0005203486
4357	-0.0006421209
4358	-0.0006780625
4359	-0.0005820394
4360	-0.00047957903
4361	-0.0005241037
4362	-0.0006448031
4363	-0.0006764532
4364	-0.00058257586
4365	-0.0004726053
4366	-0.00050908333
4367	-0.00063514715
4368	-0.00067377096
4369	-0.00057345635
4370	-0.00046616798
4371	-0.0004983545
4372	-0.0006281734
4373	-0.0006662608
4374	-0.0005627275
4375	-0.0004586578
4376	-0.0005021096
4377	-0.0006335378
4378	-0.00067591673
4379	-0.0005750657
4380	-0.0004677773
4381	-0.00050425535
4382	-0.0006335378
4383	-0.00069147354
4384	-0.0005986691
4385	-0.0004806519
4386	-0.0005192757
4387	-0.00065070397
4388	-0.0006898642
4389	-0.0005841852
4390	-0.00047045952
4391	-0.00050532824
4392	-0.0006335378
4393	-0.00068235403
4394	-0.00057613855
4395	-0.00046616798
4396	-0.0004972816
4397	-0.0006136895
4398	-0.000664115
4399	-0.00057452923
4400	-0.00046724087
4401	-0.00049674517
4402	-0.0006217361
4403	-0.00066840654
4404	-0.0005691648
4405	-0.0004624129
4406	-0.00050532824
4407	-0.00063514715
4408	-0.0006818176
4409	-0.0005922318
4410	-0.00048387056
4411	-0.0005187393
4412	-0.00064426666
4413	-0.00068396336
4414	-0.00058740383
4415	-0.00046938664
4416	-0.00050908333
4417	-0.0006319285
4418	-0.0006732345
4419	-0.0005739928
4420	-0.00045812136
4421	-0.0004919172
4422	-0.0006136895
4423	-0.0006630421
4424	-0.00057077414
4425	-0.00046080357
4426	-0.0004956723
4427	-0.00062334543
4428	-0.00066196924
4429	-0.0005664826
4430	-0.00046402222
4431	-0.0004972816
4432	-0.0006330014
4433	-0.00068503624
4434	-0.0005959869
4435	-0.00048494345
4436	-0.0005160571
4437	-0.0006405116
4438	-0.0006834269
4439	-0.0005906225
4440	-0.00047582394
4441	-0.00051069265
4442	-0.0006244183
4443	-0.0006753803
4444	-0.0005777479
4445	-0.00046831375
4446	-0.0005064011
4447	-0.0006238819
4448	-0.00065284973
4449	-0.0005611182
4450	-0.0004549027
4451	-0.00048869854
4452	-0.000617981
4453	-0.00067752606
4454	-0.0005777479
4455	-0.00046026713
4456	-0.0005064011
4457	-0.00063514715
4458	-0.00068664557
4459	-0.0005959869
4460	-0.0004935265
4461	-0.00050801045
4462	-0.0006303192
4463	-0.00067591673
4464	-0.00059276825
4465	-0.00048655277
4466	-0.0005064011
4467	-0.0006281734
4468	-0.0006807447
4469	-0.0005820394
4470	-0.00046670443
4471	-0.0004994274
4472	-0.00061476236
4473	-0.0006651879
4474	-0.00057613855
4475	-0.00046563154
4476	-0.00048494345
4477	-0.0006206632
4478	-0.0006743074
4479	-0.0005804301
4480	-0.00046724087
4481	-0.0005064011
4482	-0.00063246494
4483	-0.000687182
4484	-0.00059652334
4485	-0.0004779697
4486	-0.000512302
4487	-0.0006431938
4488	-0.00069308287
4489	-0.0006024242
4490	-0.0004817248
4491	-0.0005064011
4492	-0.00062978273
4493	-0.0006769896
4494	-0.0005857945
4495	-0.00047045952
4496	-0.00048869854
4497	-0.00061476236
4498	-0.00067216164
4499	-0.0005756021
4500	-0.00046134
4501	-0.00048708922
4502	-0.00061476236
4503	-0.000668943
4504	-0.0005793572
4505	-0.00047314173
4506	-0.0005021096
4507	-0.00062602764
4508	-0.00068235403
4509	-0.0005857945
4510	-0.00047206884
4511	-0.0005037189
4512	-0.00063890225
4513	-0.00068235403
4514	-0.00060027844
4515	-0.00048387056
4516	-0.00049513584
4517	-0.0006174446
4518	-0.0006780625
4519	-0.0005868674
4520	-0.00046455866
4521	-0.00048011547
4522	-0.00061476236
4523	-0.0006743074
4524	-0.00057613855
4525	-0.0004688502
4526	-0.000484407
4527	-0.0006190539
4528	-0.0006726981
4529	-0.00057882076
4530	-0.0004650951
4531	-0.00050532824
4532	-0.0006292463
4533	-0.0006807447
4534	-0.0005959869
4535	-0.00048869854
4536	-0.0005047918
4537	-0.0006367565
4538	-0.0006861091
4539	-0.0006136895
4540	-0.00049889093
4541	-0.000502646
4542	-0.00061690813
4543	-0.00067377096
4544	-0.00058740383
4545	-0.00047045952
4546	-0.0004854799
4547	-0.00060456997
4548	-0.0006678701
4549	-0.00058740383
4550	-0.00047045952
4551	-0.0004881621
4552	-0.00061851746
4553	-0.00067108875
4554	-0.0005868674
4555	-0.0004752875
4556	-0.0004972816
4557	-0.0006271005
4558	-0.00068879133
4559	-0.00059813267
4560	-0.00048387056
4561	-0.0005021096
4562	-0.0006319285
4563	-0.0006818176
4564	-0.00060027844
4565	-0.00048708922
4566	-0.0004994274
4567	-0.000622809
4568	-0.0006769896
4569	-0.0005906225
4570	-0.00046563154
4571	-0.00047689682
4572	-0.0006115437
4573	-0.00066733366
4574	-0.0005841852
4575	-0.0004688502
4576	-0.00048869854
4577	-0.0006126166
4578	-0.0006716252
4579	-0.00059545046
4580	-0.00048601633
4581	-0.0005010367
4582	-0.00062495476
4583	-0.00069522863
4584	-0.0006126166
4585	-0.0004908443
4586	-0.0005058647
4587	-0.0006217361
4588	-0.0006855727
4589	-0.00059920555
4590	-0.00048279768
4591	-0.00050157314
4592	-0.0006201268
4593	-0.00067377096
4594	-0.0005879403
4595	-0.00046402222
4596	-0.0004806519
4597	-0.00060939795
4598	-0.000668943
4599	-0.0005857945
4600	-0.00046294933
4601	-0.00048494345
4602	-0.0006152988
4603	-0.0006780625
4604	-0.0005820394
4605	-0.0004726053
4606	-0.00048655277
4607	-0.0006254912
4608	-0.00069040066
4609	-0.0006061793
4610	-0.00049406296
4611	-0.0005021096
4612	-0.0006292463
4613	-0.0006861091
4614	-0.00060456997
4615	-0.00049406296
4616	-0.0005021096
4617	-0.0006136895
4618	-0.00067001587
4619	-0.0005922318
4620	-0.0004715324
4621	-0.00048226124
4622	-0.000599742
4623	-0.0006743074
4624	-0.00058257586
4625	-0.00045973068
4626	-0.00047957903
4627	-0.00060832506
4628	-0.0006662608
4629	-0.0005879403
4630	-0.000489235
4631	-0.00049889093
4632	-0.0006217361
4633	-0.0006818176
4634	-0.0006174446
4635	-0.000489235
4636	-0.0004919172
4637	-0.00061851746
4638	-0.0006925464
4639	-0.0006110073
4640	-0.0004854799
4641	-0.00049513584
4642	-0.0006088615
4643	-0.00066840654
4644	-0.000581503
4645	-0.00047689682
4646	-0.00048387056
4647	-0.00060456997
4648	-0.000664115
4649	-0.000594914
4650	-0.0004688502
4651	-0.0004790426
4652	-0.00060564285
4653	-0.00067216164
4654	-0.0005959869
4655	-0.00047957903
4656	-0.0004956723
4657	-0.00061959034
4658	-0.0006973744
4659	-0.0006206632
4660	-0.0004908443
4661	-0.0004983545
4662	-0.00062602764
4663	-0.00068503624
4664	-0.00060671574
4665	-0.00048494345
4666	-0.00048762566
4667	-0.0006072522
4668	-0.00067108875
4669	-0.0005868674
4670	-0.00047582394
4671	-0.00047957903
4672	-0.00059652334
4673	-0.000668943
4674	-0.00058901316
4675	-0.00047045952
4676	-0.0004806519
4677	-0.0006088615
4678	-0.00067752606
4679	-0.0005959869
4680	-0.00048118836
4681	-0.00048655277
4682	-0.0006115437
4683	-0.0006818176
4684	-0.0006099344
4685	-0.00048601633
4686	-0.00049674517
4687	-0.0006152988
4688	-0.0006893278
4689	-0.00061315304
4690	-0.000489235
4691	-0.00048655277
4692	-0.0006072522
4693	-0.0006828905
4694	-0.00059652334
4695	-0.00048226124
4696	-0.0004742146
4697	-0.0005895496
4698	-0.0006716252
4699	-0.0005868674
4700	-0.00046455866
4701	-0.0004779697
4702	-0.0006190539
4703	-0.00067859894
4704	-0.00059169537
4705	-0.00047314173
4706	-0.0004935265
4707	-0.0006206632
4708	-0.0007027388
4709	-0.00061959034
4710	-0.0004956723
4711	-0.0004999638
4712	-0.0006174446
4713	-0.0006925464
4714	-0.0006201268
4715	-0.00049674517
4716	-0.00048655277
4717	-0.00060456997
4718	-0.0006705523
4719	-0.0005857945
4720	-0.00047582394
4721	-0.0004715324
4722	-0.0005975962
4723	-0.00066465145
4724	-0.0005857945
4725	-0.00047314173
4726	-0.00047636038
4727	-0.00060296064
4728	-0.0006780625
4729	-0.0005975962
4730	-0.00048494345
4731	-0.0004881621
4732	-0.0006072522
4733	-0.0006834269
4734	-0.0006136895
4735	-0.0004908443
4736	-0.0004962087
4737	-0.000617981
4738	-0.00068879133
4739	-0.0006110073
4740	-0.0004945994
4741	-0.0004956723
4742	-0.00060188776
4743	-0.0006726981
4744	-0.00060939795
4745	-0.0004752875
4746	-0.00046724087
4747	-0.0005911589
4748	-0.0006796718
4749	-0.00060027844
4750	-0.0004677773
4751	-0.00047582394
4752	-0.00060027844
4753	-0.0006716252
4754	-0.0006008149
4755	-0.00047850615
4756	-0.00048655277
4757	-0.00061208016
4758	-0.00068771845
4759	-0.00060832506
4760	-0.0005010367
4761	-0.00049406296
4762	-0.00060564285
4763	-0.0006828905
4764	-0.0006201268
4765	-0.0004945994
4766	-0.0004854799
4767	-0.00060832506
4768	-0.00068503624
4769	-0.00060671574
4770	-0.00047957903
4771	-0.0004650951
4772	-0.00059652334
4773	-0.00067108875
4774	-0.0006072522
4775	-0.00047689682
4776	-0.00047957903
4777	-0.0005922318
4778	-0.000668943
4779	-0.0006072522
4780	-0.00047957903
4781	-0.00047850615
4782	-0.00060296064
4783	-0.00069201
4784	-0.0006190539
4785	-0.0004945994
4786	-0.0004817248
4787	-0.00060832506
4788	-0.0006973744
4789	-0.0006271005
4790	-0.0004881621
4791	-0.00048226124
4792	-0.00060456997
4793	-0.0006732345
4794	-0.00060296064
4795	-0.00048118836
4796	-0.0004715324
4797	-0.00059545046
4798	-0.0006662608
4799	-0.000594914
4800	-0.00047045952
4801	-0.00047582394
4802	-0.00059169537
4803	-0.00066840654
4804	-0.0006110073
4805	-0.00048011547
4806	-0.0004742146
4807	-0.00059652334
4808	-0.0006753803
4809	-0.0006163717
4810	-0.0004994274
4811	-0.0004956723
4812	-0.0006072522
4813	-0.0006753803
4814	-0.000617981
4815	-0.00049674517
4816	-0.00048601633
4817	-0.0005975962
4818	-0.0006764532
4819	-0.0006206632
4820	-0.00048494345
4821	-0.00046992308
4822	-0.00058901316
4823	-0.0006716252
4824	-0.0006013513
4825	-0.0004715324
4826	-0.00046992308
4827	-0.00059813267
4828	-0.0006796718
4829	-0.0006115437
4830	-0.00049674517
4831	-0.00048655277
4832	-0.0006040335
4833	-0.00069308287
4834	-0.0006142259
4835	-0.00049781805
4836	-0.00049513584
4837	-0.00060939795
4838	-0.00069040066
4839	-0.0006265641
4840	-0.00050425535
4841	-0.00048762566
4842	-0.0005986691
4843	-0.0006726981
4844	-0.00060939795
4845	-0.0004854799
4846	-0.00047475105
4847	-0.0005906225
4848	-0.0006743074
4849	-0.000599742
4850	-0.00046616798
4851	-0.00047099596
4852	-0.0005922318
4853	-0.0006844998
4854	-0.000622809
4855	-0.0004983545
4856	-0.00048869854
4857	-0.0006024242
4858	-0.00068879133
4859	-0.0006152988
4860	-0.0004919172
4861	-0.00048387056
4862	-0.0006061793
4863	-0.00068771845
4864	-0.0006206632
4865	-0.00049889093
4866	-0.00048655277
4867	-0.000594914
4868	-0.00068020826
4869	-0.0006099344
4870	-0.00047743326
4871	-0.0004624129
4872	-0.00058096653
4873	-0.0006598235
4874	-0.00060564285
4875	-0.00047850615
4876	-0.00046616798
4877	-0.00058525807
4878	-0.00067377096
4879	-0.0006142259
4880	-0.00049513584
4881	-0.00048118836
4882	-0.0005943776
4883	-0.0006861091
4884	-0.00061476236
4885	-0.0004972816
4886	-0.0004956723
4887	-0.00060296064
4888	-0.00069147354
4889	-0.0006254912
4890	-0.00048226124
4891	-0.00047850615
4892	-0.0006051064
4893	-0.0006743074
4894	-0.0006040335
4895	-0.0004790426
4896	-0.00045973068
4897	-0.0005777479
4898	-0.00066733366
4899	-0.00060671574
4900	-0.00048226124
4901	-0.0004688502
4902	-0.0005868674
4903	-0.00067859894
4904	-0.00061476236
4905	-0.00049030787
4906	-0.00048494345
4907	-0.000594914
4908	-0.00067859894
4909	-0.00062334543
4910	-0.0005010367
4911	-0.00048869854
4912	-0.0006013513
4913	-0.0006957651
4914	-0.00062978273
4915	-0.0004919172
4916	-0.00046992308
4917	-0.00058525807
4918	-0.0006732345
4919	-0.00061208016
4920	-0.00048387056
4921	-0.00046026713
4922	-0.00057345635
4923	-0.00067484385
4924	-0.00060456997
4925	-0.000484407
4926	-0.0004650951
4927	-0.0005868674
4928	-0.00067377096
4929	-0.0006142259
4930	-0.0004956723
4931	-0.00048333412
4932	-0.0005895496
4933	-0.0006909371
4934	-0.0006281734
4935	-0.00049781805
4936	-0.00047689682
4937	-0.0006024242
4938	-0.00068879133
4939	-0.0006238819
4940	-0.00050157314
4941	-0.00047689682
4942	-0.0005884767
4943	-0.0006818176
4944	-0.0006244183
4945	-0.0004897714
4946	-0.00047689682
4947	-0.0005884767
4948	-0.0006662608
4949	-0.0006099344
4950	-0.00048011547
4951	-0.00046080357
4952	-0.00057613855
4953	-0.00067377096
4954	-0.0006136895
4955	-0.00048387056
4956	-0.0004715324
4957	-0.00058901316
4958	-0.0006844998
4959	-0.00063622004
4960	-0.0005101562
4961	-0.00048387056
4962	-0.000594914
4963	-0.00069415575
4964	-0.00063782936
4965	-0.00050693756
4966	-0.0004742146
4967	-0.00058525807
4968	-0.0006732345
4969	-0.0006174446
4970	-0.00049030787
4971	-0.0004650951
4972	-0.00057238346
4973	-0.0006753803
4974	-0.00061476236
4975	-0.00049138075
4976	-0.0004624129
4977	-0.0005804301
4978	-0.0006807447
4979	-0.00063139206
4980	-0.0004935265
4981	-0.00046455866
4982	-0.00058525807
4983	-0.00068879133
4984	-0.0006367565
4985	-0.0005101562
4986	-0.00048387056
4987	-0.0005906225
4988	-0.000687182
4989	-0.0006335378
4990	-0.00050157314
4991	-0.0004677773
4992	-0.0005831123
4993	-0.0006844998
4994	-0.000622809
4995	-0.0004919172
4996	-0.0004688502
4997	-0.000571847
4998	-0.0006694794
4999	-0.0006099344
5000	-0.0004945994
5001	-0.00047045952
5002	-0.0005777479
5003	-0.0006764532
5004	-0.0006174446
5005	-0.00049513584
5006	-0.00046563154
5007	-0.000581503
5008	-0.0006898642
5009	-0.00063782936
5010	-0.0005064011
5011	-0.00048011547
5012	-0.00059169537
5013	-0.0006898642
5014	-0.00063246494
5015	-0.00051444775
5016	-0.00047850615
5017	-0.0005777479
5018	-0.0006780625
5019	-0.00062119967
5020	-0.000489235
5021	-0.00046992308
5022	-0.00057613855
5023	-0.00067108875
5024	-0.0006174446
5025	-0.0004945994
5026	-0.0004688502
5027	-0.00057721144
5028	-0.000668943
5029	-0.0006174446
5030	-0.0004929901
5031	-0.0004742146
5032	-0.0005831123
5033	-0.0006898642
5034	-0.0006437302
5035	-0.00052088505
5036	-0.00048708922
5037	-0.00059276825
5038	-0.00069415575
5039	-0.000641048
5040	-0.00051444775
