0	-0.0004726053
1	-0.00059652334
2	-0.00077891356
3	-0.00076335674
4	-0.00057989365
5	-0.00047743326
6	-0.00060296064
7	-0.0007896424
8	-0.0007756949
9	-0.0005804301
10	-0.0004752875
11	-0.0006051064
12	-0.00078266865
13	-0.000774622
14	-0.00058096653
15	-0.00047206884
16	-0.00059384113
17	-0.0007778407
18	-0.0007665754
19	-0.0005782843
20	-0.00047367817
21	-0.000599742
22	-0.0007848144
23	-0.00077730423
24	-0.00058364874
25	-0.00047314173
26	-0.0005959869
27	-0.0007810593
28	-0.00077140337
29	-0.0005831123
30	-0.00047206884
31	-0.0005911589
32	-0.00077247625
33	-0.0007756949
34	-0.0005943776
35	-0.00047957903
36	-0.0005911589
37	-0.0007778407
38	-0.00076979405
39	-0.00058257586
40	-0.0004650951
41	-0.0005943776
42	-0.0007869602
43	-0.00077354914
44	-0.0005831123
45	-0.00048333412
46	-0.0005943776
47	-0.00078535086
48	-0.0007783771
49	-0.00058525807
50	-0.00047743326
51	-0.0005943776
52	-0.0007923246
53	-0.0007832051
54	-0.00058525807
55	-0.00047475105
56	-0.0005884767
57	-0.00076872116
58	-0.000774622
59	-0.00059384113
60	-0.00046616798
61	-0.0005868674
62	-0.0007756949
63	-0.00077730423
64	-0.0005959869
65	-0.00046992308
66	-0.0005777479
67	-0.00077623135
68	-0.00078159577
69	-0.0005911589
70	-0.00047045952
71	-0.00058525807
72	-0.0007810593
73	-0.0007885695
74	-0.0005933047
75	-0.0004726053
76	-0.00057077414
77	-0.0007730127
78	-0.00077945
79	-0.00059920555
80	-0.00047636038
81	-0.000571847
82	-0.00076711184
83	-0.0007740856
84	-0.0005911589
85	-0.0004688502
86	-0.00057989365
87	-0.00076979405
88	-0.0007730127
89	-0.0005922318
90	-0.00047582394
91	-0.0005857945
92	-0.0007719398
93	-0.0007692576
94	-0.00058740383
95	-0.0004726053
96	-0.0005820394
97	-0.00076228386
98	-0.0007703305
99	-0.00060027844
100	-0.00049674517
101	-0.0005911589
102	-0.00074136263
103	-0.00074672705
104	-0.00058901316
105	-0.00050693756
106	-0.0005975962
107	-0.00073277956
108	-0.0007418991
109	-0.00059169537
110	-0.000507474
111	-0.00059652334
112	-0.00073760754
113	-0.0007435084
114	-0.0005922318
115	-0.000502646
116	-0.00059920555
117	-0.00074779993
118	-0.00074565416
119	-0.0005879403
120	-0.0005187393
121	-0.00060188776
122	-0.0007370711
123	-0.00073546177
124	-0.0005911589
125	-0.0005064011
126	-0.00059384113
127	-0.0007359982
128	-0.0007408262
129	-0.00059545046
130	-0.0005037189
131	-0.0005943776
132	-0.00073653465
133	-0.00074404484
134	-0.0005933047
135	-0.00050908333
136	-0.00059169537
137	-0.0007386804
138	-0.00074565416
139	-0.00059813267
140	-0.00051176554
141	-0.0005986691
142	-0.0007461906
143	-0.0007445813
144	-0.0005959869
145	-0.00050050026
146	-0.0005868674
147	-0.0007370711
148	-0.00073653465
149	-0.0005943776
150	-0.00050801045
151	-0.00058740383
152	-0.0007418991
153	-0.0007451177
154	-0.0005922318
155	-0.0005037189
156	-0.00058525807
157	-0.00072473293
158	-0.0007397533
159	-0.0005959869
160	-0.00049674517
161	-0.000581503
162	-0.00074028975
163	-0.00075316435
164	-0.000594914
165	-0.00050157314
166	-0.00058633095
167	-0.0007343889
168	-0.0007451177
169	-0.0005975962
170	-0.00049889093
171	-0.000581503
172	-0.00073760754
173	-0.00074672705
174	-0.0006013513
175	-0.0005047918
176	-0.00058257586
177	-0.00073277956
178	-0.000738144
179	-0.0005975962
180	-0.00050425535
181	-0.00058901316
182	-0.0007418991
183	-0.0007499457
184	-0.0005970598
185	-0.00050318247
186	-0.00058740383
187	-0.0007306338
188	-0.0007574559
189	-0.0006136895
190	-0.00051176554
191	-0.00058740383
192	-0.0007279516
193	-0.0007435084
194	-0.0006136895
195	-0.00052088505
196	-0.000594914
197	-0.0007359982
198	-0.0007488728
199	-0.00060456997
200	-0.0005064011
201	-0.0005820394
202	-0.000733316
203	-0.0007488728
204	-0.000599742
205	-0.00050318247
206	-0.00057989365
207	-0.0007279516
208	-0.0007472635
209	-0.0006099344
210	-0.0005128384
211	-0.00057989365
212	-0.0007241965
213	-0.0007472635
214	-0.0006110073
215	-0.00050157314
216	-0.0005847216
217	-0.0007424355
218	-0.0007553101
219	-0.0006110073
220	-0.00050801045
221	-0.00057882076
222	-0.0007241965
223	-0.0007408262
224	-0.0006034971
225	-0.00051552063
226	-0.0005906225
227	-0.00073546177
228	-0.0007510186
229	-0.0006110073
230	-0.0005064011
231	-0.0005831123
232	-0.00073653465
233	-0.00076228386
234	-0.0006271005
235	-0.0005128384
236	-0.0005782843
237	-0.0007317067
238	-0.0007510186
239	-0.0006040335
240	-0.0004956723
241	-0.000571847
242	-0.00073117024
243	-0.000761211
244	-0.0006099344
245	-0.0005010367
246	-0.0005750657
247	-0.0007268787
248	-0.000751555
249	-0.0006152988
250	-0.00051444775
251	-0.0005804301
252	-0.00071990496
253	-0.0007359982
254	-0.0006040335
255	-0.0005037189
256	-0.00057989365
257	-0.0007231236
258	-0.00075960165
259	-0.0006163717
260	-0.0005037189
261	-0.00056701904
262	-0.00071990496
263	-0.00075209147
264	-0.0006217361
265	-0.0005058647
266	-0.00057452923
267	-0.0007220507
268	-0.00074672705
269	-0.0006163717
270	-0.00051820284
271	-0.000571847
272	-0.0007220507
273	-0.00075691944
274	-0.00061690813
275	-0.0005021096
276	-0.00057077414
277	-0.0007220507
278	-0.000751555
279	-0.0006190539
280	-0.00050532824
281	-0.0005611182
282	-0.0007129312
283	-0.000751555
284	-0.0006201268
285	-0.0005037189
286	-0.0005750657
287	-0.0007231236
288	-0.00076067453
289	-0.0006346107
290	-0.0005021096
291	-0.00056433683
292	-0.0007166863
293	-0.00075209147
294	-0.0006217361
295	-0.0005101562
296	-0.00057345635
297	-0.00072473293
298	-0.0007579923
299	-0.0006217361
300	-0.0005047918
301	-0.0005562902
302	-0.00071614987
303	-0.0007617474
304	-0.0006303192
305	-0.000512302
306	-0.00056701904
307	-0.0007193685
308	-0.00075423723
309	-0.00062978273
310	-0.0005064011
311	-0.00056433683
312	-0.0007193685
313	-0.00075048214
314	-0.0006217361
315	-0.0005128384
316	-0.0005611182
317	-0.00071454054
318	-0.00075209147
319	-0.0006281734
320	-0.0005021096
321	-0.0005627275
322	-0.00072258717
323	-0.00076496607
324	-0.00062602764
325	-0.00049781805
326	-0.0005546809
327	-0.0007123948
328	-0.0007510186
329	-0.0006190539
330	-0.0005058647
331	-0.0005573631
332	-0.00071078545
333	-0.00075852877
334	-0.00063407427
335	-0.0005187393
336	-0.00056701904
337	-0.0007113219
338	-0.00075423723
339	-0.00063139206
340	-0.0005187393
341	-0.0005616546
342	-0.000715077
343	-0.0007547737
344	-0.0006303192
345	-0.0005165935
346	-0.0005546809
347	-0.0007064939
348	-0.0007499457
349	-0.00063246494
350	-0.000507474
351	-0.000553608
352	-0.0007113219
353	-0.00075960165
354	-0.00063407427
355	-0.00051069265
356	-0.000558436
357	-0.0007086397
358	-0.0007547737
359	-0.0006335378
360	-0.00051444775
361	-0.0005600453
362	-0.00071078545
363	-0.00075852877
364	-0.00062870985
365	-0.00050801045
366	-0.000558436
367	-0.0007193685
368	-0.0007692576
369	-0.00063782936
370	-0.00051176554
371	-0.00056433683
372	-0.0007156134
373	-0.0007665754
374	-0.0006431938
375	-0.0005128384
376	-0.00056219107
377	-0.0007022024
378	-0.00074672705
379	-0.0006335378
380	-0.0005160571
381	-0.0005509258
382	-0.0007059575
383	-0.00075584656
384	-0.0006319285
385	-0.000507474
386	-0.0005654097
387	-0.0007156134
388	-0.0007590652
389	-0.00063890225
390	-0.00051069265
391	-0.00054770714
392	-0.00070166594
393	-0.0007499457
394	-0.00062978273
395	-0.0005101562
396	-0.0005546809
397	-0.0007022024
398	-0.0007638932
399	-0.0006431938
400	-0.00051069265
401	-0.00055038935
402	-0.00070059305
403	-0.000751555
404	-0.0006281734
405	-0.00050908333
406	-0.0005546809
407	-0.0007075668
408	-0.0007676483
409	-0.000641048
410	-0.00051176554
411	-0.00055307156
412	-0.0007064939
413	-0.00076228386
414	-0.0006485582
415	-0.00051712996
416	-0.0005546809
417	-0.0007011295
418	-0.0007526279
419	-0.0006469489
420	-0.00051981217
421	-0.00055414444
422	-0.0007064939
423	-0.0007574559
424	-0.00064426666
425	-0.000512302
426	-0.00054395205
427	-0.0006957651
428	-0.000756383
429	-0.0006421209
430	-0.000512302
431	-0.00055146223
432	-0.0007048846
433	-0.00076496607
434	-0.0006560684
435	-0.0005192757
436	-0.00054663426
437	-0.0007064939
438	-0.0007644296
439	-0.00065070397
440	-0.00051820284
441	-0.0005407334
442	-0.0006925464
443	-0.0007665754
444	-0.00064158445
445	-0.00052088505
446	-0.00054931646
447	-0.0007011295
448	-0.0007537008
449	-0.0006501675
450	-0.0005149842
451	-0.0005444885
452	-0.00070327526
453	-0.0007638932
454	-0.00065821415
455	-0.00051712996
456	-0.00054502493
457	-0.00070059305
458	-0.00076335674
459	-0.00064641243
460	-0.00051444775
461	-0.00054287916
462	-0.0007022024
463	-0.00076067453
464	-0.0006383658
465	-0.0005101562
466	-0.00054287916
467	-0.00069952017
468	-0.00075960165
469	-0.0006496311
470	-0.0005160571
471	-0.00052732235
472	-0.0006791354
473	-0.0007553101
474	-0.000645876
475	-0.00051444775
476	-0.0005385876
477	-0.00069683796
478	-0.00075584656
479	-0.00065553194
480	-0.00052088505
481	-0.00053483254
482	-0.0007048846
483	-0.0007676483
484	-0.0006523133
485	-0.00051337486
486	-0.00054126984
487	-0.0007022024
488	-0.0007692576
489	-0.00065553194
490	-0.0005139113
491	-0.0005332232
492	-0.0006909371
493	-0.00076496607
494	-0.0006566048
495	-0.00051337486
496	-0.0005294681
497	-0.0006818176
498	-0.00075316435
499	-0.0006576777
500	-0.00052356726
501	-0.00052624947
502	-0.0006818176
503	-0.0007617474
504	-0.0006576777
505	-0.0005224944
506	-0.00054502493
507	-0.00069415575
508	-0.0007574559
509	-0.0006539226
510	-0.0005187393
511	-0.0005332232
512	-0.00068503624
513	-0.0007692576
514	-0.00066196924
515	-0.00052624947
516	-0.0005294681
517	-0.00068235403
518	-0.0007676483
519	-0.0006598235
520	-0.000512302
521	-0.0005316139
522	-0.0006957651
523	-0.0007692576
524	-0.00066733366
525	-0.0005241037
526	-0.0005294681
527	-0.000687182
528	-0.0007676483
529	-0.00066733366
530	-0.00052195793
531	-0.0005359054
532	-0.0006828905
533	-0.0007553101
534	-0.0006603599
535	-0.0005289317
536	-0.0005359054
537	-0.0006909371
538	-0.00076228386
539	-0.0006576777
540	-0.0005096198
541	-0.00051712996
542	-0.0006807447
543	-0.0007617474
544	-0.00066196924
545	-0.0005241037
546	-0.0005332232
547	-0.0006834269
548	-0.00076496607
549	-0.0006726981
550	-0.000525713
551	-0.00052839523
552	-0.0006796718
553	-0.00076228386
554	-0.00066465145
555	-0.00051712996
556	-0.000530541
557	-0.0006716252
558	-0.00075691944
559	-0.0006587506
560	-0.0005176664
561	-0.00053483254
562	-0.0006882549
563	-0.00076496607
564	-0.00066357857
565	-0.0005332232
566	-0.00053483254
567	-0.00068503624
568	-0.0007708669
569	-0.00066357857
570	-0.00052088505
571	-0.00051981217
572	-0.0006796718
573	-0.000761211
574	-0.00066572434
575	-0.0005214215
576	-0.000530541
577	-0.0006898642
578	-0.0007644296
579	-0.00065928703
580	-0.0005214215
581	-0.00053000456
582	-0.00068235403
583	-0.000761211
584	-0.00067377096
585	-0.000535369
586	-0.0005332232
587	-0.00068664557
588	-0.0007601381
589	-0.0006630421
590	-0.0005203486
591	-0.00053483254
592	-0.0006743074
593	-0.0007617474
594	-0.00068396336
595	-0.000530541
596	-0.0005241037
597	-0.0006732345
598	-0.0007676483
599	-0.0006764532
600	-0.0005321503
601	-0.0005294681
602	-0.00067377096
603	-0.0007574559
604	-0.0006764532
605	-0.00053107744
606	-0.00052356726
607	-0.0006769896
608	-0.0007574559
609	-0.00067001587
610	-0.00053000456
611	-0.0005241037
612	-0.00067108875
613	-0.00076067453
614	-0.0006818176
615	-0.00053268677
616	-0.00052088505
617	-0.000668943
618	-0.00076067453
619	-0.00066572434
620	-0.000525713
621	-0.00052088505
622	-0.0006743074
623	-0.0007692576
624	-0.0006807447
625	-0.0005316139
626	-0.00051552063
627	-0.0006667972
628	-0.00076496607
629	-0.0006807447
630	-0.0005418063
631	-0.0005316139
632	-0.0006651879
633	-0.0007692576
634	-0.0006925464
635	-0.0005332232
636	-0.0005267859
637	-0.0006662608
638	-0.00075852877
639	-0.00067377096
640	-0.00052088505
641	-0.00052088505
642	-0.0006705523
643	-0.00076496607
644	-0.0006898642
645	-0.00053751474
646	-0.0005176664
647	-0.0006662608
648	-0.00075691944
649	-0.0006667972
650	-0.00051981217
651	-0.0005214215
652	-0.00067591673
653	-0.0007708669
654	-0.0006882549
655	-0.000535369
656	-0.0005149842
657	-0.0006662608
658	-0.0007638932
659	-0.000687182
660	-0.00052839523
661	-0.0005176664
662	-0.00066840654
663	-0.00076603895
664	-0.0006769896
665	-0.00054019695
666	-0.00051820284
667	-0.00065928703
668	-0.00075960165
669	-0.0006791354
670	-0.0005359054
671	-0.0005214215
672	-0.00066733366
673	-0.00076496607
674	-0.00068503624
675	-0.0005369783
676	-0.00051820284
677	-0.00066465145
678	-0.000761211
679	-0.00068664557
680	-0.0005396605
681	-0.00051444775
682	-0.0006566048
683	-0.00076228386
684	-0.00068879133
685	-0.0005396605
686	-0.00051712996
687	-0.0006566048
688	-0.0007574559
689	-0.00068879133
690	-0.00054019695
691	-0.0005192757
692	-0.0006716252
693	-0.000761211
694	-0.00067377096
695	-0.00052356726
696	-0.00051069265
697	-0.00065445906
698	-0.00075960165
699	-0.0006807447
700	-0.0005460978
701	-0.0005241037
702	-0.0006512404
703	-0.00075423723
704	-0.00069683796
705	-0.00055789953
706	-0.0005187393
707	-0.0006533862
708	-0.000761211
709	-0.00069415575
710	-0.00054770714
711	-0.00052464014
712	-0.0006539226
713	-0.0007553101
714	-0.0006925464
715	-0.0005423427
716	-0.0005160571
717	-0.0006566048
718	-0.0007526279
719	-0.0006909371
720	-0.0005385876
721	-0.0005160571
722	-0.0006539226
723	-0.0007665754
724	-0.00069791084
725	-0.00054395205
726	-0.00050532824
727	-0.0006448031
728	-0.00075316435
729	-0.00069147354
730	-0.0005385876
731	-0.0005128384
732	-0.00064909464
733	-0.0007628203
734	-0.00069952017
735	-0.00054126984
736	-0.0005165935
737	-0.0006587506
738	-0.0007703305
739	-0.0007000566
740	-0.00054878
741	-0.0005160571
742	-0.0006603599
743	-0.0007730127
744	-0.0007027388
745	-0.00054287916
746	-0.0005139113
747	-0.00065177685
748	-0.0007601381
749	-0.00069201
750	-0.00054019695
751	-0.0005112291
752	-0.0006394387
753	-0.0007547737
754	-0.0006898642
755	-0.00055146223
756	-0.00051552063
757	-0.00065284973
758	-0.0007579923
759	-0.0006882549
760	-0.0005359054
761	-0.00051337486
762	-0.0006576777
763	-0.0007676483
764	-0.0006989837
765	-0.00054287916
766	-0.00051444775
767	-0.0006448031
768	-0.0007537008
769	-0.0006957651
770	-0.0005455614
771	-0.0005112291
772	-0.0006448031
773	-0.0007574559
774	-0.0006957651
775	-0.00054502493
776	-0.00051552063
777	-0.0006405116
778	-0.00075960165
779	-0.0006984473
780	-0.0005525351
781	-0.0005160571
782	-0.0006421209
783	-0.00075584656
784	-0.0007048846
785	-0.00056594616
786	-0.0005203486
787	-0.0006512404
788	-0.00075852877
789	-0.00069683796
790	-0.0005546809
791	-0.00051820284
792	-0.0006474853
793	-0.00075584656
794	-0.0007091761
795	-0.00055950886
796	-0.0005064011
797	-0.0006485582
798	-0.0007681847
799	-0.00070059305
800	-0.00054126984
801	-0.00050693756
802	-0.0006421209
803	-0.0007628203
804	-0.0007011295
805	-0.00055414444
806	-0.0005021096
807	-0.00063890225
808	-0.0007579923
809	-0.0007059575
810	-0.00055682665
811	-0.00052088505
812	-0.0006501675
813	-0.0007579923
814	-0.0007038117
815	-0.0005573631
816	-0.00051444775
817	-0.00064426666
818	-0.0007638932
819	-0.0006989837
820	-0.00053483254
821	-0.0004999638
822	-0.0006346107
823	-0.0007628203
824	-0.0007027388
825	-0.0005482436
826	-0.0005047918
827	-0.0006244183
828	-0.000756383
829	-0.00070327526
830	-0.00055414444
831	-0.0005096198
832	-0.0006405116
833	-0.00075584656
834	-0.0007091761
835	-0.0005498529
836	-0.0005037189
837	-0.0006394387
838	-0.00075852877
839	-0.00070542103
840	-0.00055146223
841	-0.00051444775
842	-0.0006330014
843	-0.0007574559
844	-0.0007086397
845	-0.00054931646
846	-0.000502646
847	-0.0006405116
848	-0.000756383
849	-0.0007075668
850	-0.0005691648
851	-0.00051337486
852	-0.00063782936
853	-0.0007628203
854	-0.0007113219
855	-0.0005546809
856	-0.00050532824
857	-0.000622809
858	-0.00074779993
859	-0.0007048846
860	-0.0005546809
861	-0.0005160571
862	-0.00063782936
863	-0.000756383
864	-0.00071454054
865	-0.0005600453
866	-0.00051712996
867	-0.0006308556
868	-0.00075584656
869	-0.0007140041
870	-0.00055414444
871	-0.0005064011
872	-0.00062602764
873	-0.0007574559
874	-0.0007075668
875	-0.0005519987
876	-0.00050801045
877	-0.00062978273
878	-0.00075584656
879	-0.00071185833
880	-0.0005552173
881	-0.0004999638
882	-0.0006254912
883	-0.0007537008
884	-0.00071454054
885	-0.0005589724
886	-0.00051444775
887	-0.00062870985
888	-0.00075691944
889	-0.000710249
890	-0.000553608
891	-0.0005064011
892	-0.00062870985
893	-0.0007537008
894	-0.000715077
895	-0.00055575377
896	-0.000502646
897	-0.00062978273
898	-0.000756383
899	-0.0007140041
900	-0.0005648733
901	-0.0005096198
902	-0.00062495476
903	-0.00075316435
904	-0.00071722275
905	-0.0005616546
906	-0.0005064011
907	-0.0006265641
908	-0.00075960165
909	-0.00071990496
910	-0.00055682665
911	-0.0004945994
912	-0.0006163717
913	-0.00075048214
914	-0.00071185833
915	-0.0005600453
916	-0.00050318247
917	-0.00062495476
918	-0.00074672705
919	-0.00071454054
920	-0.0005638004
921	-0.0005021096
922	-0.0006217361
923	-0.0007537008
924	-0.0007166863
925	-0.0005691648
926	-0.0004983545
927	-0.00061583525
928	-0.0007418991
929	-0.0007220507
930	-0.00056326395
931	-0.00050425535
932	-0.0006254912
933	-0.00075852877
934	-0.0007166863
935	-0.00055307156
936	-0.00050157314
937	-0.00062978273
938	-0.00075048214
939	-0.0007215143
940	-0.0005654097
941	-0.0005010367
942	-0.0006217361
943	-0.0007547737
944	-0.0007188321
945	-0.00056701904
946	-0.00050801045
947	-0.0006190539
948	-0.00074404484
949	-0.0007123948
950	-0.00056433683
951	-0.00051444775
952	-0.000622809
953	-0.0007510186
954	-0.00072366005
955	-0.0005739928
956	-0.0005096198
957	-0.000622809
958	-0.0007537008
959	-0.0007306338
960	-0.00057989365
961	-0.0005101562
962	-0.000617981
963	-0.0007488728
964	-0.0007220507
965	-0.0005680919
966	-0.00050693756
967	-0.0006174446
968	-0.0007483364
969	-0.00072473293
970	-0.0005857945
971	-0.0005149842
972	-0.00062119967
973	-0.00075048214
974	-0.00072258717
975	-0.00057345635
976	-0.0005096198
977	-0.00061476236
978	-0.000738144
979	-0.0007215143
980	-0.0005868674
981	-0.00051069265
982	-0.0006163717
983	-0.0007488728
984	-0.00072902447
985	-0.0005804301
986	-0.00049889093
987	-0.00060564285
988	-0.00074565416
989	-0.000733316
990	-0.0005895496
991	-0.00051069265
992	-0.0006072522
993	-0.0007408262
994	-0.00073277956
995	-0.0005831123
996	-0.00050693756
997	-0.0006206632
998	-0.0007499457
999	-0.0007322431
1000	-0.0005664826
1001	-0.00050532824
1002	-0.00060671574
1003	-0.0007343889
1004	-0.0007252694
1005	-0.0005729199
1006	-0.00050425535
1007	-0.00060939795
1008	-0.0007386804
1009	-0.00072366005
1010	-0.00057452923
1011	-0.00051069265
1012	-0.00061315304
1013	-0.00075048214
1014	-0.000738144
1015	-0.0005857945
1016	-0.0005085469
1017	-0.00060939795
1018	-0.0007408262
1019	-0.0007279516
1020	-0.0005654097
1021	-0.0004935265
1022	-0.0005959869
1023	-0.0007397533
1024	-0.0007220507
1025	-0.00056970125
1026	-0.0005037189
1027	-0.0006013513
1028	-0.0007359982
1029	-0.00071990496
1030	-0.0005782843
1031	-0.00051552063
1032	-0.0006072522
1033	-0.0007359982
1034	-0.0007193685
1035	-0.0005664826
1036	-0.0004962087
1037	-0.00060939795
1038	-0.00074404484
1039	-0.0007306338
1040	-0.0005750657
1041	-0.0005010367
1042	-0.0006008149
1043	-0.000738144
1044	-0.0007252694
1045	-0.00057077414
1046	-0.00050318247
1047	-0.0005975962
1048	-0.000733316
1049	-0.00072258717
1050	-0.0005750657
1051	-0.0004919172
1052	-0.0006040335
1053	-0.0007435084
1054	-0.0007241965
1055	-0.00056970125
1056	-0.00049674517
1057	-0.0005975962
1058	-0.000733316
1059	-0.0007193685
1060	-0.000581503
1061	-0.0005064011
1062	-0.00059384113
1063	-0.00073546177
1064	-0.0007322431
1065	-0.0005713106
1066	-0.00050050026
1067	-0.00060564285
1068	-0.0007408262
1069	-0.00073009735
1070	-0.00058257586
1071	-0.00050157314
1072	-0.00060027844
1073	-0.00075048214
1074	-0.00072902447
1075	-0.00057345635
1076	-0.0004999638
1077	-0.000594914
1078	-0.00073921686
1079	-0.00073546177
1080	-0.0005782843
1081	-0.00048762566
1082	-0.0005841852
1083	-0.00072902447
1084	-0.00072366005
1085	-0.000576675
1086	-0.00049513584
1087	-0.00059920555
1088	-0.0007359982
1089	-0.00073546177
1090	-0.0005911589
1091	-0.00050425535
1092	-0.00060027844
1093	-0.000751555
1094	-0.00074672705
1095	-0.00059384113
1096	-0.0004999638
1097	-0.0005895496
1098	-0.00073277956
1099	-0.00073921686
1100	-0.0005906225
1101	-0.0004972816
1102	-0.00058525807
1103	-0.0007317067
1104	-0.00073653465
1105	-0.00058740383
1106	-0.00050693756
1107	-0.0005922318
1108	-0.0007343889
1109	-0.0007343889
1110	-0.0005831123
1111	-0.00049406296
1112	-0.000594914
1113	-0.0007397533
1114	-0.000738144
1115	-0.0005782843
1116	-0.0004956723
1117	-0.00059169537
1118	-0.0007349253
1119	-0.0007435084
1120	-0.0005933047
1121	-0.00049889093
1122	-0.00058364874
1123	-0.00073277956
1124	-0.000733316
1125	-0.0006013513
1126	-0.0005037189
1127	-0.0005868674
1128	-0.00073653465
1129	-0.0007418991
1130	-0.000594914
1131	-0.00049406296
1132	-0.0005847216
1133	-0.0007295609
1134	-0.0007386804
1135	-0.0006040335
1136	-0.0005160571
1137	-0.0005804301
1138	-0.00072473293
1139	-0.0007408262
1140	-0.0006013513
1141	-0.00050908333
1142	-0.00059384113
1143	-0.0007343889
1144	-0.0007386804
1145	-0.00059169537
1146	-0.000502646
1147	-0.00058740383
1148	-0.00073009735
1149	-0.0007359982
1150	-0.00058633095
1151	-0.0004897714
1152	-0.00057882076
1153	-0.00073009735
1154	-0.0007408262
1155	-0.00059813267
1156	-0.0004983545
1157	-0.00058257586
1158	-0.00073385244
1159	-0.0007370711
1160	-0.0005879403
1161	-0.0005021096
1162	-0.0005906225
1163	-0.0007268787
1164	-0.00073277956
1165	-0.0006040335
1166	-0.0004999638
1167	-0.0005911589
1168	-0.00073921686
1169	-0.0007499457
1170	-0.00061208016
1171	-0.00050801045
1172	-0.0005729199
1173	-0.00072258717
1174	-0.0007370711
1175	-0.0005884767
1176	-0.0004908443
1177	-0.00058525807
1178	-0.0007317067
1179	-0.0007386804
1180	-0.00059384113
1181	-0.0004994274
1182	-0.00058525807
1183	-0.00073760754
1184	-0.00074404484
1185	-0.00059384113
1186	-0.00049406296
1187	-0.0005820394
1188	-0.000733316
1189	-0.00074672705
1190	-0.00060027844
1191	-0.0005010367
1192	-0.0005820394
1193	-0.0007306338
1194	-0.0007386804
1195	-0.00059169537
1196	-0.00050318247
1197	-0.00057721144
1198	-0.00072634226
1199	-0.00074136263
1200	-0.00060188776
1201	-0.0005010367
1202	-0.0005841852
1203	-0.0007343889
1204	-0.00075048214
1205	-0.00061047083
1206	-0.00050801045
1207	-0.00058257586
1208	-0.000728488
1209	-0.00073653465
1210	-0.00060564285
1211	-0.00050318247
1212	-0.00057721144
1213	-0.000728488
1214	-0.0007451177
1215	-0.00060939795
1216	-0.0005101562
1217	-0.00058096653
1218	-0.0007295609
1219	-0.00074779993
1220	-0.0006217361
1221	-0.00051176554
1222	-0.0005793572
1223	-0.0007252694
1224	-0.0007424355
1225	-0.0006099344
1226	-0.00049889093
1227	-0.00057238346
1228	-0.0007177592
1229	-0.0007386804
1230	-0.00060832506
1231	-0.0005037189
1232	-0.00057345635
1233	-0.00072473293
1234	-0.0007386804
1235	-0.0005986691
1236	-0.0004994274
1237	-0.00057077414
1238	-0.0007140041
1239	-0.00074028975
1240	-0.0006099344
1241	-0.00050532824
1242	-0.00056970125
1243	-0.0007215143
1244	-0.0007424355
1245	-0.000594914
1246	-0.00049781805
1247	-0.00056862837
1248	-0.0007220507
1249	-0.0007451177
1250	-0.0006099344
1251	-0.0004935265
1252	-0.0005691648
1253	-0.0007258058
1254	-0.00074297196
1255	-0.0006072522
1256	-0.00050050026
1257	-0.0005750657
1258	-0.00072902447
1259	-0.00075584656
1260	-0.00060939795
1261	-0.0005047918
1262	-0.0005680919
1263	-0.00072473293
1264	-0.0007510186
1265	-0.00061959034
1266	-0.00050801045
1267	-0.000571847
1268	-0.0007252694
1269	-0.00075584656
1270	-0.00062334543
1271	-0.00050908333
1272	-0.0005702377
1273	-0.00072097784
1274	-0.0007445813
1275	-0.0006190539
1276	-0.0005101562
1277	-0.00056701904
1278	-0.00072097784
1279	-0.00074565416
1280	-0.00060564285
1281	-0.00050425535
1282	-0.0005664826
1283	-0.0007241965
1284	-0.0007526279
1285	-0.00061208016
1286	-0.0004945994
1287	-0.0005573631
1288	-0.00071185833
1289	-0.0007359982
1290	-0.0006115437
1291	-0.0004935265
1292	-0.00056219107
1293	-0.0007241965
1294	-0.00075316435
1295	-0.0006308556
1296	-0.0005165935
1297	-0.00057452923
1298	-0.0007156134
1299	-0.0007499457
1300	-0.00062119967
1301	-0.00051444775
1302	-0.00057077414
1303	-0.0007140041
1304	-0.0007424355
1305	-0.0006244183
1306	-0.00050908333
1307	-0.0005600453
1308	-0.00071454054
1309	-0.00075209147
1310	-0.0006292463
1311	-0.000512302
1312	-0.00056326395
1313	-0.0007140041
1314	-0.00075316435
1315	-0.0006292463
1316	-0.00050908333
1317	-0.00057077414
1318	-0.00071990496
1319	-0.00074136263
1320	-0.00061959034
1321	-0.0005047918
1322	-0.0005600453
1323	-0.00071614987
1324	-0.0007574559
1325	-0.00061959034
1326	-0.0004972816
1327	-0.0005627275
1328	-0.0007113219
1329	-0.00075209147
1330	-0.00062334543
1331	-0.0005037189
1332	-0.0005638004
1333	-0.00071185833
1334	-0.0007526279
1335	-0.00063139206
1336	-0.00050318247
1337	-0.00054931646
1338	-0.0007091761
1339	-0.00075584656
1340	-0.00062602764
1341	-0.000507474
1342	-0.0005616546
1343	-0.0007188321
1344	-0.0007553101
1345	-0.0006281734
1346	-0.00050050026
1347	-0.0005509258
1348	-0.0007038117
1349	-0.0007461906
1350	-0.00063246494
1351	-0.0005128384
1352	-0.00054395205
1353	-0.0007000566
1354	-0.0007574559
1355	-0.0006372929
1356	-0.000507474
1357	-0.0005509258
1358	-0.00070810324
1359	-0.00075691944
1360	-0.0006271005
1361	-0.00050532824
1362	-0.0005627275
1363	-0.0007064939
1364	-0.00075584656
1365	-0.00062763697
1366	-0.00050050026
1367	-0.00054878
1368	-0.00070542103
1369	-0.00075960165
1370	-0.0006405116
1371	-0.00051552063
1372	-0.0005519987
1373	-0.0007086397
1374	-0.00075423723
1375	-0.00063890225
1376	-0.00050693756
1377	-0.0005455614
1378	-0.0007059575
1379	-0.0007601381
1380	-0.00063622004
1381	-0.00050908333
1382	-0.0005509258
1383	-0.0007022024
1384	-0.0007553101
1385	-0.00063514715
1386	-0.0005112291
1387	-0.0005509258
1388	-0.000710249
1389	-0.0007537008
1390	-0.00063139206
1391	-0.00051337486
1392	-0.00055414444
1393	-0.00070542103
1394	-0.00075209147
1395	-0.00063782936
1396	-0.00051444775
1397	-0.0005407334
1398	-0.00069952017
1399	-0.0007547737
1400	-0.0006335378
1401	-0.0005064011
1402	-0.000553608
1403	-0.0007113219
1404	-0.0007547737
1405	-0.0006330014
1406	-0.000507474
1407	-0.00054931646
1408	-0.0007022024
1409	-0.00076228386
1410	-0.0006431938
1411	-0.0005139113
1412	-0.00055038935
1413	-0.00070971256
1414	-0.0007579923
1415	-0.00064426666
1416	-0.00051820284
1417	-0.0005509258
1418	-0.00070059305
1419	-0.0007553101
1420	-0.00063407427
1421	-0.0005160571
1422	-0.0005552173
1423	-0.0006984473
1424	-0.00075423723
1425	-0.0006469489
1426	-0.00051176554
1427	-0.00053912407
1428	-0.0006984473
1429	-0.00075584656
1430	-0.0006405116
1431	-0.00049674517
1432	-0.0005407334
1433	-0.0007048846
1434	-0.000756383
1435	-0.00064158445
1436	-0.00050693756
1437	-0.0005359054
1438	-0.0006957651
1439	-0.00075960165
1440	-0.0006485582
1441	-0.00051712996
1442	-0.0005509258
1443	-0.0007038117
1444	-0.00076067453
1445	-0.0006469489
1446	-0.0005085469
1447	-0.00053912407
1448	-0.00070434815
1449	-0.00075960165
1450	-0.00064426666
1451	-0.00051444775
1452	-0.0005396605
1453	-0.00069683796
1454	-0.0007628203
1455	-0.0006539226
1456	-0.0005128384
1457	-0.0005519987
1458	-0.0007038117
1459	-0.0007579923
1460	-0.00063246494
1461	-0.00050693756
1462	-0.0005423427
1463	-0.00069791084
1464	-0.0007574559
1465	-0.00063407427
1466	-0.00051069265
1467	-0.0005509258
1468	-0.0007086397
1469	-0.0007644296
1470	-0.0006448031
1471	-0.00051444775
1472	-0.00054663426
1473	-0.0006989837
1474	-0.00075209147
1475	-0.0006405116
1476	-0.00051176554
1477	-0.00053644186
1478	-0.0006861091
1479	-0.00075209147
1480	-0.00063514715
1481	-0.00050425535
1482	-0.00054502493
1483	-0.0006925464
1484	-0.00075048214
1485	-0.0006437302
1486	-0.0005101562
1487	-0.0005407334
1488	-0.0006946922
1489	-0.00075584656
1490	-0.00064426666
1491	-0.000507474
1492	-0.0005385876
1493	-0.0006925464
1494	-0.00075209147
1495	-0.0006469489
1496	-0.0005149842
1497	-0.00053751474
1498	-0.000687182
1499	-0.0007547737
1500	-0.0006405116
1501	-0.00051552063
1502	-0.00054663426
1503	-0.00070059305
1504	-0.0007574559
1505	-0.0006474853
1506	-0.00051337486
1507	-0.00053107744
1508	-0.00069201
1509	-0.0007601381
1510	-0.0006566048
1511	-0.0005214215
1512	-0.0005359054
1513	-0.0006957651
1514	-0.0007655025
1515	-0.0006603599
1516	-0.000525713
1517	-0.00053644186
1518	-0.00069040066
1519	-0.000756383
1520	-0.0006421209
1521	-0.00050801045
1522	-0.0005396605
1523	-0.000687182
1524	-0.00075584656
1525	-0.00064533955
1526	-0.00051069265
1527	-0.0005342961
1528	-0.00068879133
1529	-0.00075316435
1530	-0.0006431938
1531	-0.0005010367
1532	-0.0005294681
1533	-0.0006844998
1534	-0.00075048214
1535	-0.000645876
1536	-0.00051444775
1537	-0.0005385876
1538	-0.00069147354
1539	-0.00075852877
1540	-0.00065714127
1541	-0.0005214215
1542	-0.0005321503
1543	-0.00069040066
1544	-0.00075960165
1545	-0.00065821415
1546	-0.0005214215
1547	-0.00054126984
1548	-0.0006898642
1549	-0.0007526279
1550	-0.000645876
1551	-0.0005101562
1552	-0.0005342961
1553	-0.00069308287
1554	-0.00075691944
1555	-0.0006539226
1556	-0.00052624947
1557	-0.0005407334
1558	-0.0006818176
1559	-0.00075691944
1560	-0.0006566048
1561	-0.00051444775
1562	-0.0005278588
1563	-0.00068396336
1564	-0.00075209147
1565	-0.00064533955
1566	-0.0005064011
1567	-0.00052732235
1568	-0.0006936193
1569	-0.00076228386
1570	-0.000664115
1571	-0.0005241037
1572	-0.0005385876
1573	-0.00068879133
1574	-0.00075209147
1575	-0.0006496311
1576	-0.0005203486
1577	-0.00053644186
1578	-0.0006844998
1579	-0.00075316435
1580	-0.00066357857
1581	-0.0005359054
1582	-0.0005369783
1583	-0.00068128115
1584	-0.0007488728
1585	-0.00065928703
1586	-0.0005321503
1587	-0.00052839523
1588	-0.000687182
1589	-0.0007590652
1590	-0.00065928703
1591	-0.00051176554
1592	-0.0005230308
1593	-0.00068396336
1594	-0.00075209147
1595	-0.0006523133
1596	-0.0005139113
1597	-0.0005267859
1598	-0.00068235403
1599	-0.000756383
1600	-0.00066089636
1601	-0.0005214215
1602	-0.0005267859
1603	-0.0006844998
1604	-0.0007579923
1605	-0.0006603599
1606	-0.00051820284
1607	-0.0005224944
1608	-0.0006828905
1609	-0.0007574559
1610	-0.0006576777
1611	-0.00051337486
1612	-0.00052356726
1613	-0.00068235403
1614	-0.00075584656
1615	-0.00065714127
1616	-0.00051712996
1617	-0.0005214215
1618	-0.0006780625
1619	-0.00075584656
1620	-0.0006566048
1621	-0.0005160571
1622	-0.0005241037
1623	-0.0006630421
1624	-0.00074404484
1625	-0.00065928703
1626	-0.0005203486
1627	-0.00052464014
1628	-0.00068020826
1629	-0.000761211
1630	-0.00066196924
1631	-0.00051444775
1632	-0.0005203486
1633	-0.0006780625
1634	-0.0007574559
1635	-0.000668943
1636	-0.0005289317
1637	-0.00052624947
1638	-0.0006818176
1639	-0.0007665754
1640	-0.0006625057
1641	-0.00052195793
1642	-0.0005267859
1643	-0.00066840654
1644	-0.0007590652
1645	-0.0006716252
1646	-0.0005251766
1647	-0.0005203486
1648	-0.0006726981
1649	-0.0007526279
1650	-0.0006587506
1651	-0.0005214215
1652	-0.00051820284
1653	-0.000668943
1654	-0.000761211
1655	-0.00067108875
1656	-0.00053644186
1657	-0.00052464014
1658	-0.0006796718
1659	-0.00075960165
1660	-0.0006732345
1661	-0.0005332232
1662	-0.00053268677
1663	-0.0006694794
1664	-0.0007547737
1665	-0.000668943
1666	-0.000525713
1667	-0.0005294681
1668	-0.0006667972
1669	-0.0007537008
1670	-0.0006791354
1671	-0.0005251766
1672	-0.00051712996
1673	-0.0006662608
1674	-0.00075423723
1675	-0.00067484385
1676	-0.0005294681
1677	-0.0005187393
1678	-0.0006694794
1679	-0.0007638932
1680	-0.0006791354
1681	-0.00053000456
1682	-0.0005165935
1683	-0.0006834269
1684	-0.0007665754
1685	-0.0006791354
1686	-0.0005380512
1687	-0.0005251766
1688	-0.00067216164
1689	-0.00075691944
1690	-0.00067108875
1691	-0.0005224944
1692	-0.00051444775
1693	-0.00066465145
1694	-0.000751555
1695	-0.0006598235
1696	-0.0005294681
1697	-0.0005251766
1698	-0.00066196924
1699	-0.00075316435
1700	-0.00066572434
1701	-0.0005224944
1702	-0.0005064011
1703	-0.0006523133
1704	-0.00076228386
1705	-0.0006818176
1706	-0.00052624947
1707	-0.00051981217
1708	-0.00066196924
1709	-0.00076067453
1710	-0.0006769896
1711	-0.000530541
1712	-0.00051981217
1713	-0.00066840654
1714	-0.00076496607
1715	-0.00067859894
1716	-0.0005267859
1717	-0.00052732235
1718	-0.0006791354
1719	-0.0007590652
1720	-0.0006791354
1721	-0.0005332232
1722	-0.0005149842
1723	-0.00065821415
1724	-0.0007526279
1725	-0.0006780625
1726	-0.0005316139
1727	-0.0005203486
1728	-0.0006603599
1729	-0.00075691944
1730	-0.00067484385
1731	-0.00053268677
1732	-0.00052464014
1733	-0.0006694794
1734	-0.00076872116
1735	-0.00068235403
1736	-0.00053912407
1737	-0.0005224944
1738	-0.0006716252
1739	-0.0007692576
1740	-0.00068235403
1741	-0.0005498529
1742	-0.0005160571
1743	-0.0006576777
1744	-0.0007655025
1745	-0.00068503624
1746	-0.000535369
1747	-0.00051712996
1748	-0.00066465145
1749	-0.0007628203
1750	-0.0006769896
1751	-0.00053375965
1752	-0.0005192757
1753	-0.00065928703
1754	-0.00076228386
1755	-0.0006769896
1756	-0.000535369
1757	-0.00051176554
1758	-0.0006630421
1759	-0.0007665754
1760	-0.00067377096
1761	-0.0005165935
1762	-0.00051712996
1763	-0.000668943
1764	-0.00075852877
1765	-0.00068879133
1766	-0.00054663426
1767	-0.00052088505
1768	-0.0006485582
1769	-0.0007451177
1770	-0.00068396336
1771	-0.0005396605
1772	-0.0005149842
1773	-0.00065714127
1774	-0.0007526279
1775	-0.0006807447
1776	-0.0005423427
1777	-0.0005160571
1778	-0.00064802176
1779	-0.00075960165
1780	-0.0007027388
1781	-0.00054931646
1782	-0.00051552063
1783	-0.00065284973
1784	-0.0007579923
1785	-0.00069308287
1786	-0.0005369783
1787	-0.00052356726
1788	-0.00066572434
1789	-0.00076496607
1790	-0.0006893278
1791	-0.00053483254
1792	-0.0005160571
1793	-0.00065070397
1794	-0.00075691944
1795	-0.00068771845
1796	-0.0005321503
1797	-0.00050908333
1798	-0.00065177685
1799	-0.00075584656
1800	-0.00068235403
1801	-0.00053644186
1802	-0.00051712996
1803	-0.00065284973
1804	-0.0007579923
1805	-0.0006882549
1806	-0.0005332232
1807	-0.0005176664
1808	-0.0006512404
1809	-0.000761211
1810	-0.00069040066
1811	-0.00053751474
1812	-0.00051176554
1813	-0.000645876
1814	-0.0007601381
1815	-0.0006989837
1816	-0.00054663426
1817	-0.0005139113
1818	-0.0006474853
1819	-0.00075960165
1820	-0.00068664557
1821	-0.00053644186
1822	-0.00051176554
1823	-0.0006560684
1824	-0.00075423723
1825	-0.0006861091
1826	-0.00054395205
1827	-0.00050532824
1828	-0.0006421209
1829	-0.00075584656
1830	-0.00068503624
1831	-0.0005332232
1832	-0.0004994274
1833	-0.0006405116
1834	-0.00075423723
1835	-0.0006936193
1836	-0.00053751474
1837	-0.0005085469
1838	-0.0006437302
1839	-0.00075316435
1840	-0.00069147354
1841	-0.0005418063
1842	-0.00051552063
1843	-0.0006496311
1844	-0.0007547737
1845	-0.0006844998
1846	-0.0005434156
1847	-0.000512302
1848	-0.00063997513
1849	-0.00074779993
1850	-0.00069040066
1851	-0.00055414444
1852	-0.0005160571
1853	-0.00065070397
1854	-0.00076603895
1855	-0.0006898642
1856	-0.0005418063
1857	-0.0005160571
1858	-0.0006448031
1859	-0.00074672705
1860	-0.00069147354
1861	-0.0005519987
1862	-0.00051444775
1863	-0.00065284973
1864	-0.0007601381
1865	-0.0006957651
1866	-0.00054502493
1867	-0.00049513584
1868	-0.0006319285
1869	-0.00074779993
1870	-0.0007022024
1871	-0.0005482436
1872	-0.0004994274
1873	-0.000641048
1874	-0.00075423723
1875	-0.000687182
1876	-0.0005498529
1877	-0.00050532824
1878	-0.0006372929
1879	-0.0007537008
1880	-0.00070059305
1881	-0.00054931646
1882	-0.00050532824
1883	-0.0006485582
1884	-0.00075852877
1885	-0.0007059575
1886	-0.0005482436
1887	-0.0005112291
1888	-0.00064426666
1889	-0.00075960165
1890	-0.0007011295
1891	-0.00054931646
1892	-0.00050318247
1893	-0.0006437302
1894	-0.00075584656
1895	-0.00070059305
1896	-0.00054502493
1897	-0.00050801045
1898	-0.0006372929
1899	-0.00076228386
1900	-0.0007064939
1901	-0.00055038935
1902	-0.0004897714
1903	-0.0006254912
1904	-0.0007488728
1905	-0.0007027388
1906	-0.0005589724
1907	-0.0005128384
1908	-0.0006346107
1909	-0.0007547737
1910	-0.0007038117
1911	-0.0005471707
1912	-0.0005021096
1913	-0.00063514715
1914	-0.0007579923
1915	-0.0007038117
1916	-0.00055414444
1917	-0.00051444775
1918	-0.00064802176
1919	-0.00076067453
1920	-0.0007075668
1921	-0.0005562902
1922	-0.000507474
1923	-0.0006335378
1924	-0.00075584656
1925	-0.0006957651
1926	-0.00054126984
1927	-0.0004962087
1928	-0.000641048
1929	-0.00075852877
1930	-0.00068771845
1931	-0.0005434156
1932	-0.0005047918
1933	-0.00062978273
1934	-0.00075691944
1935	-0.0007075668
1936	-0.00055038935
1937	-0.0005149842
1938	-0.0006367565
1939	-0.00075316435
1940	-0.00070059305
1941	-0.0005482436
1942	-0.0005112291
1943	-0.0006330014
1944	-0.00075584656
1945	-0.00070703035
1946	-0.0005509258
1947	-0.0005064011
1948	-0.00063407427
1949	-0.0007488728
1950	-0.00070703035
1951	-0.0005546809
1952	-0.0005021096
1953	-0.00062870985
1954	-0.00074779993
1955	-0.00069952017
1956	-0.00055575377
1957	-0.0005047918
1958	-0.0006254912
1959	-0.00075691944
1960	-0.00071346766
1961	-0.00055307156
1962	-0.00050318247
1963	-0.0006271005
1964	-0.0007628203
1965	-0.0007166863
1966	-0.0005471707
1967	-0.0005021096
1968	-0.0006244183
1969	-0.0007499457
1970	-0.0007113219
1971	-0.0005482436
1972	-0.00050801045
1973	-0.00063407427
1974	-0.00075423723
1975	-0.0007059575
1976	-0.00055575377
1977	-0.0005085469
1978	-0.0006292463
1979	-0.00075691944
1980	-0.00069791084
1981	-0.0005455614
1982	-0.0005064011
1983	-0.0006271005
1984	-0.00075048214
1985	-0.0007059575
1986	-0.0005573631
1987	-0.000502646
1988	-0.0006271005
1989	-0.0007547737
1990	-0.00070810324
1991	-0.00055575377
1992	-0.00050801045
1993	-0.000622809
1994	-0.0007488728
1995	-0.000710249
1996	-0.000553608
1997	-0.00050157314
1998	-0.000617981
1999	-0.00074779993
2000	-0.00071614987
2001	-0.0005509258
2002	-0.0004972816
2003	-0.000622809
2004	-0.00075423723
2005	-0.0007075668
2006	-0.00055038935
2007	-0.00050425535
2008	-0.0006319285
2009	-0.00075316435
2010	-0.0007188321
2011	-0.00055682665
2012	-0.000502646
2013	-0.0006271005
2014	-0.0007408262
2015	-0.0007075668
2016	-0.0005600453
2017	-0.00050532824
2018	-0.0006190539
2019	-0.00074404484
2020	-0.000710249
2021	-0.00055789953
2022	-0.0004999638
2023	-0.0006201268
2024	-0.0007499457
2025	-0.00072366005
2026	-0.0005611182
2027	-0.0004999638
2028	-0.0006126166
2029	-0.0007472635
2030	-0.0007188321
2031	-0.0005611182
2032	-0.0005021096
2033	-0.000617981
2034	-0.00074779993
2035	-0.0007086397
2036	-0.0005546809
2037	-0.0005047918
2038	-0.0006190539
2039	-0.00074940926
2040	-0.0007188321
2041	-0.0005611182
2042	-0.0004972816
2043	-0.000622809
2044	-0.00075584656
2045	-0.00072366005
2046	-0.0005616546
2047	-0.0004919172
2048	-0.00060564285
2049	-0.00073653465
2050	-0.0007075668
2051	-0.0005562902
2052	-0.00049781805
2053	-0.0006072522
2054	-0.00074136263
2055	-0.0007140041
2056	-0.0005627275
2057	-0.0005064011
2058	-0.00062495476
2059	-0.00074940926
2060	-0.00072473293
2061	-0.000576675
2062	-0.0005021096
2063	-0.0006115437
2064	-0.0007445813
2065	-0.00071614987
2066	-0.0005713106
2067	-0.00050908333
2068	-0.0006174446
2069	-0.00074940926
2070	-0.0007193685
2071	-0.0005616546
2072	-0.0004994274
2073	-0.0006110073
2074	-0.00074565416
2075	-0.0007140041
2076	-0.0005600453
2077	-0.0005021096
2078	-0.0006206632
2079	-0.0007424355
2080	-0.00071722275
2081	-0.0005739928
2082	-0.0005047918
2083	-0.0006136895
2084	-0.0007451177
2085	-0.0007204414
2086	-0.00058257586
2087	-0.00051820284
2088	-0.00062495476
2089	-0.00074136263
2090	-0.0007231236
2091	-0.00058364874
2092	-0.00050801045
2093	-0.0006110073
2094	-0.0007418991
2095	-0.00071829563
2096	-0.00056433683
2097	-0.0005064011
2098	-0.0006217361
2099	-0.00074404484
2100	-0.00072366005
2101	-0.00056326395
2102	-0.0005037189
2103	-0.00060671574
2104	-0.0007317067
2105	-0.0007188321
2106	-0.00057721144
2107	-0.00049674517
2108	-0.00061208016
2109	-0.00074404484
2110	-0.00072097784
2111	-0.0005616546
2112	-0.0004994274
2113	-0.0006110073
2114	-0.00074404484
2115	-0.0007295609
2116	-0.00057238346
2117	-0.000502646
2118	-0.00061047083
2119	-0.0007547737
2120	-0.0007343889
2121	-0.00058096653
2122	-0.0005058647
2123	-0.00060671574
2124	-0.0007397533
2125	-0.00072258717
2126	-0.0005820394
2127	-0.0005058647
2128	-0.00060832506
2129	-0.0007343889
2130	-0.0007193685
2131	-0.0005638004
2132	-0.0004994274
2133	-0.0006013513
2134	-0.00074404484
2135	-0.0007306338
2136	-0.00057882076
2137	-0.00049889093
2138	-0.00060296064
2139	-0.00074565416
2140	-0.0007193685
2141	-0.0005664826
2142	-0.00050532824
2143	-0.00061047083
2144	-0.0007435084
2145	-0.000728488
2146	-0.0005675555
2147	-0.0004956723
2148	-0.00060027844
2149	-0.00074565416
2150	-0.00072902447
2151	-0.00057238346
2152	-0.0004956723
2153	-0.0006024242
2154	-0.00074404484
2155	-0.00072366005
2156	-0.0005739928
2157	-0.0005064011
2158	-0.0006008149
2159	-0.00073921686
2160	-0.00073009735
2161	-0.0005713106
2162	-0.0004994274
2163	-0.0006008149
2164	-0.0007386804
2165	-0.00072634226
2166	-0.00056433683
2167	-0.0004956723
2168	-0.0005959869
2169	-0.00073277956
2170	-0.00071990496
2171	-0.00056433683
2172	-0.0005021096
2173	-0.00059652334
2174	-0.00074672705
2175	-0.0007386804
2176	-0.00059008604
2177	-0.00050801045
2178	-0.0006024242
2179	-0.0007359982
2180	-0.00072473293
2181	-0.0005831123
2182	-0.0005021096
2183	-0.00060456997
2184	-0.0007451177
2185	-0.0007349253
2186	-0.0005943776
2187	-0.0005037189
2188	-0.0005975962
2189	-0.0007424355
2190	-0.000733316
2191	-0.00057345635
2192	-0.0004994274
2193	-0.0006013513
2194	-0.0007386804
2195	-0.0007370711
2196	-0.0005868674
2197	-0.0004994274
2198	-0.00059169537
2199	-0.00073760754
2200	-0.0007386804
2201	-0.0005868674
2202	-0.00049138075
2203	-0.0005975962
2204	-0.00073277956
2205	-0.0007279516
2206	-0.0005820394
2207	-0.000502646
2208	-0.0005933047
2209	-0.00073277956
2210	-0.00072902447
2211	-0.00058525807
2212	-0.00050801045
2213	-0.0005970598
2214	-0.00074297196
2215	-0.0007386804
2216	-0.0005793572
2217	-0.00050693756
2218	-0.0005959869
2219	-0.0007268787
2220	-0.0007279516
2221	-0.00057882076
2222	-0.00050157314
2223	-0.0005986691
2224	-0.0007472635
2225	-0.00073653465
2226	-0.0005793572
2227	-0.0004956723
2228	-0.0005868674
2229	-0.00073653465
2230	-0.00073546177
2231	-0.0005841852
2232	-0.0004983545
2233	-0.0005841852
2234	-0.00072741514
2235	-0.0007268787
2236	-0.00056970125
2237	-0.00048869854
2238	-0.0005879403
2239	-0.00073546177
2240	-0.00072902447
2241	-0.0005884767
2242	-0.0005047918
2243	-0.00059384113
2244	-0.0007349253
2245	-0.0007386804
2246	-0.00059920555
2247	-0.000507474
2248	-0.00059545046
2249	-0.0007370711
2250	-0.00074779993
2251	-0.00060027844
2252	-0.0005096198
2253	-0.0005868674
2254	-0.00072634226
2255	-0.0007322431
2256	-0.0005750657
2257	-0.00049674517
2258	-0.00058525807
2259	-0.0007322431
2260	-0.0007343889
2261	-0.0005975962
2262	-0.0005010367
2263	-0.0005933047
2264	-0.0007295609
2265	-0.0007268787
2266	-0.0005911589
2267	-0.0005047918
2268	-0.0005911589
2269	-0.00073009735
2270	-0.0007317067
2271	-0.000594914
2272	-0.00050801045
2273	-0.0005906225
2274	-0.00073385244
2275	-0.0007359982
2276	-0.0005895496
2277	-0.00049513584
2278	-0.0005777479
2279	-0.00072097784
2280	-0.00074136263
2281	-0.00060671574
2282	-0.00050801045
2283	-0.00057721144
2284	-0.00071990496
2285	-0.00073921686
2286	-0.00060027844
2287	-0.0004994274
2288	-0.0005793572
2289	-0.00072741514
2290	-0.0007408262
2291	-0.000594914
2292	-0.00050318247
2293	-0.00059276825
2294	-0.000733316
2295	-0.0007451177
2296	-0.00060939795
2297	-0.00050693756
2298	-0.0005922318
2299	-0.00073760754
2300	-0.0007386804
2301	-0.00060027844
2302	-0.0005010367
2303	-0.00058525807
2304	-0.0007317067
2305	-0.0007359982
2306	-0.00059652334
2307	-0.0004983545
2308	-0.00057721144
2309	-0.000728488
2310	-0.00074297196
2311	-0.0006072522
2312	-0.000507474
2313	-0.00058633095
2314	-0.0007386804
2315	-0.0007424355
2316	-0.00060296064
2317	-0.000502646
2318	-0.000581503
2319	-0.00073653465
2320	-0.00074565416
2321	-0.00060296064
2322	-0.00049781805
2323	-0.0005777479
2324	-0.00072902447
2325	-0.00074672705
2326	-0.00060456997
2327	-0.0005047918
2328	-0.00057613855
2329	-0.00071990496
2330	-0.0007370711
2331	-0.0006088615
2332	-0.0005010367
2333	-0.00057989365
2334	-0.00072634226
2335	-0.0007386804
2336	-0.0006077886
2337	-0.000507474
2338	-0.00057613855
2339	-0.0007220507
2340	-0.000751555
2341	-0.0006152988
2342	-0.00050908333
2343	-0.0005782843
2344	-0.0007295609
2345	-0.0007408262
2346	-0.0005975962
2347	-0.0004919172
2348	-0.0005729199
2349	-0.0007193685
2350	-0.0007359982
2351	-0.0005970598
2352	-0.0004994274
2353	-0.0005820394
2354	-0.0007370711
2355	-0.0007435084
2356	-0.0006013513
2357	-0.0004972816
2358	-0.0005713106
2359	-0.00072097784
2360	-0.000751555
2361	-0.000622809
2362	-0.0005064011
2363	-0.00057882076
2364	-0.0007156134
2365	-0.00074779993
2366	-0.00061208016
2367	-0.00049889093
2368	-0.00057345635
2369	-0.00072473293
2370	-0.0007397533
2371	-0.00060456997
2372	-0.0005047918
2373	-0.0005664826
2374	-0.00071990496
2375	-0.00075048214
2376	-0.00060564285
2377	-0.00049674517
2378	-0.0005680919
2379	-0.0007258058
2380	-0.00075048214
2381	-0.0006142259
2382	-0.0004956723
2383	-0.00057238346
2384	-0.00072634226
2385	-0.0007499457
2386	-0.0006024242
2387	-0.0004881621
2388	-0.0005691648
2389	-0.00073009735
2390	-0.0007499457
2391	-0.0006034971
2392	-0.0005037189
2393	-0.0005804301
2394	-0.0007231236
2395	-0.0007418991
2396	-0.0005986691
2397	-0.0004999638
2398	-0.00057238346
2399	-0.00071454054
2400	-0.0007424355
2401	-0.0006051064
2402	-0.00049030787
2403	-0.0005611182
2404	-0.0007129312
2405	-0.0007424355
2406	-0.0006142259
2407	-0.0005064011
2408	-0.00057613855
2409	-0.0007188321
2410	-0.00074136263
2411	-0.00060832506
2412	-0.0004972816
2413	-0.00056326395
2414	-0.00071829563
2415	-0.0007397533
2416	-0.00061208016
2417	-0.0004999638
2418	-0.0005680919
2419	-0.0007231236
2420	-0.00074940926
2421	-0.0006217361
2422	-0.00050801045
2423	-0.0005616546
2424	-0.00071722275
2425	-0.00075316435
2426	-0.0006126166
2427	-0.0004972816
2428	-0.00056970125
2429	-0.0007193685
2430	-0.00074940926
2431	-0.0006254912
2432	-0.00050801045
2433	-0.00055682665
2434	-0.00071829563
2435	-0.00074297196
2436	-0.00061047083
2437	-0.00049030787
2438	-0.0005611182
2439	-0.00071078545
2440	-0.00073760754
2441	-0.0006034971
2442	-0.0004994274
2443	-0.0005654097
2444	-0.00071078545
2445	-0.0007408262
2446	-0.00060832506
2447	-0.0004994274
2448	-0.00056433683
2449	-0.0007177592
2450	-0.0007451177
2451	-0.0006088615
2452	-0.0004983545
2453	-0.0005589724
2454	-0.00072366005
2455	-0.0007579923
2456	-0.00062334543
2457	-0.0005101562
2458	-0.00055682665
2459	-0.000715077
2460	-0.00074404484
2461	-0.0006099344
2462	-0.0004994274
2463	-0.00056433683
2464	-0.00071185833
2465	-0.00074940926
2466	-0.00061315304
2467	-0.00049781805
2468	-0.0005616546
2469	-0.00071990496
2470	-0.00075316435
2471	-0.000617981
2472	-0.0005058647
2473	-0.0005627275
2474	-0.000715077
2475	-0.0007526279
2476	-0.00063139206
2477	-0.0005058647
2478	-0.0005675555
2479	-0.0007193685
2480	-0.0007547737
2481	-0.00063246494
2482	-0.000512302
2483	-0.0005654097
2484	-0.00071829563
2485	-0.0007547737
2486	-0.000622809
2487	-0.00050050026
2488	-0.00056219107
2489	-0.0007123948
2490	-0.00074779993
2491	-0.00061476236
2492	-0.0004956723
2493	-0.0005589724
2494	-0.0007129312
2495	-0.0007526279
2496	-0.0006254912
2497	-0.00051337486
2498	-0.0005589724
2499	-0.0007086397
2500	-0.0007461906
2501	-0.00062495476
2502	-0.0005101562
2503	-0.0005552173
2504	-0.0007113219
2505	-0.0007590652
2506	-0.0006217361
2507	-0.00050050026
2508	-0.0005664826
2509	-0.00071722275
2510	-0.00074940926
2511	-0.0006174446
2512	-0.0005047918
2513	-0.0005616546
2514	-0.0007193685
2515	-0.00075852877
2516	-0.0006281734
2517	-0.0004972816
2518	-0.0005434156
2519	-0.00070166594
2520	-0.00075584656
2521	-0.00062334543
2522	-0.00051176554
2523	-0.0005627275
2524	-0.00071078545
2525	-0.0007526279
2526	-0.0006254912
2527	-0.00050157314
2528	-0.000553608
2529	-0.00070542103
2530	-0.00074779993
2531	-0.00062978273
2532	-0.0005058647
2533	-0.00054770714
2534	-0.00070059305
2535	-0.00074672705
2536	-0.0006217361
2537	-0.0005037189
2538	-0.00054770714
2539	-0.00070703035
2540	-0.0007547737
2541	-0.0006244183
2542	-0.0004994274
2543	-0.00054931646
2544	-0.0007048846
2545	-0.0007526279
2546	-0.00063139206
2547	-0.00051176554
2548	-0.0005562902
2549	-0.0007086397
2550	-0.00075209147
2551	-0.00062227255
2552	-0.0005085469
2553	-0.000558436
2554	-0.00071185833
2555	-0.000751555
2556	-0.00062870985
2557	-0.00050532824
2558	-0.00054931646
2559	-0.00070059305
2560	-0.000756383
2561	-0.0006335378
2562	-0.000507474
2563	-0.0005498529
2564	-0.00070327526
2565	-0.00075584656
2566	-0.0006335378
2567	-0.00051337486
2568	-0.0005498529
2569	-0.00069952017
2570	-0.0007537008
2571	-0.00063139206
2572	-0.0005064011
2573	-0.0005509258
2574	-0.0007064939
2575	-0.0007574559
2576	-0.00062978273
2577	-0.0004994274
2578	-0.00054395205
2579	-0.00069791084
2580	-0.00075048214
2581	-0.0006367565
2582	-0.000502646
2583	-0.00054126984
2584	-0.0007086397
2585	-0.0007547737
2586	-0.00063407427
2587	-0.0005058647
2588	-0.00054931646
2589	-0.0006984473
2590	-0.0007574559
2591	-0.0006335378
2592	-0.00050801045
2593	-0.0005519987
2594	-0.0007059575
2595	-0.00074940926
2596	-0.0006319285
2597	-0.0005101562
2598	-0.00054502493
2599	-0.0007022024
2600	-0.0007574559
2601	-0.00063407427
2602	-0.0005160571
2603	-0.0005509258
2604	-0.0007038117
2605	-0.0007574559
2606	-0.0006474853
2607	-0.00050801045
2608	-0.00054663426
2609	-0.0007113219
2610	-0.0007681847
2611	-0.0006421209
2612	-0.00051712996
2613	-0.0005455614
2614	-0.0007011295
2615	-0.00076335674
2616	-0.00063890225
2617	-0.00051337486
2618	-0.0005519987
2619	-0.0006957651
2620	-0.00074779993
2621	-0.00063514715
2622	-0.000507474
2623	-0.00055146223
2624	-0.00070542103
2625	-0.0007617474
2626	-0.0006448031
2627	-0.0005064011
2628	-0.0005380512
2629	-0.0006925464
2630	-0.0007617474
2631	-0.0006549955
2632	-0.0005224944
2633	-0.0005498529
2634	-0.0007156134
2635	-0.00075960165
2636	-0.00063782936
2637	-0.00051176554
2638	-0.0005385876
2639	-0.0006925464
2640	-0.0007547737
2641	-0.00063514715
2642	-0.0005085469
2643	-0.00054126984
2644	-0.00069522863
2645	-0.00074940926
2646	-0.000645876
2647	-0.0005096198
2648	-0.0005444885
2649	-0.0006957651
2650	-0.0007574559
2651	-0.000645876
2652	-0.0005203486
2653	-0.0005407334
2654	-0.00068128115
2655	-0.000751555
2656	-0.00065928703
2657	-0.0005224944
2658	-0.0005385876
2659	-0.0006957651
2660	-0.00075316435
2661	-0.0006576777
2662	-0.0005289317
2663	-0.00054019695
2664	-0.0006957651
2665	-0.00075423723
2666	-0.0006431938
2667	-0.00051176554
2668	-0.0005444885
2669	-0.00069147354
2670	-0.0007488728
2671	-0.0006523133
2672	-0.000530541
2673	-0.0005471707
2674	-0.0006909371
2675	-0.0007574559
2676	-0.0006485582
2677	-0.00051069265
2678	-0.00054019695
2679	-0.00069683796
2680	-0.00075960165
2681	-0.0006560684
2682	-0.00051820284
2683	-0.0005359054
2684	-0.00069308287
2685	-0.0007579923
2686	-0.0006431938
2687	-0.0005096198
2688	-0.00053751474
2689	-0.0006882549
2690	-0.0007553101
2691	-0.0006512404
2692	-0.00052088505
2693	-0.00053751474
2694	-0.0006861091
2695	-0.00075584656
2696	-0.0006501675
2697	-0.00051981217
2698	-0.00053268677
2699	-0.0006753803
2700	-0.00074779993
2701	-0.0006421209
2702	-0.0005139113
2703	-0.00053751474
2704	-0.0006807447
2705	-0.0007553101
2706	-0.0006474853
2707	-0.00051981217
2708	-0.00053751474
2709	-0.0006909371
2710	-0.00075316435
2711	-0.00066357857
2712	-0.00053483254
2713	-0.0005396605
2714	-0.00069415575
2715	-0.00075852877
2716	-0.0006485582
2717	-0.0005187393
2718	-0.00054126984
2719	-0.00069522863
2720	-0.00075423723
2721	-0.0006523133
2722	-0.0005101562
2723	-0.0005316139
2724	-0.0006963015
2725	-0.00075960165
2726	-0.0006474853
2727	-0.00051176554
2728	-0.000535369
2729	-0.00068771845
2730	-0.000751555
2731	-0.00065284973
2732	-0.00051712996
2733	-0.00052464014
2734	-0.0006791354
2735	-0.00075423723
2736	-0.00065177685
2737	-0.0005241037
2738	-0.0005380512
2739	-0.00068235403
2740	-0.00075584656
2741	-0.00066572434
2742	-0.00052839523
2743	-0.00054019695
2744	-0.000687182
2745	-0.00075209147
2746	-0.00065177685
2747	-0.0005101562
2748	-0.00051444775
2749	-0.0006834269
2750	-0.0007547737
2751	-0.0006512404
2752	-0.00051712996
2753	-0.00053751474
2754	-0.0006844998
2755	-0.0007628203
2756	-0.0006598235
2757	-0.00052356726
2758	-0.0005332232
2759	-0.0006844998
2760	-0.0007526279
2761	-0.0006566048
2762	-0.0005203486
2763	-0.0005316139
2764	-0.0006796718
2765	-0.00075316435
2766	-0.0006614328
2767	-0.0005224944
2768	-0.0005385876
2769	-0.0006898642
2770	-0.0007638932
2771	-0.0006549955
2772	-0.00051712996
2773	-0.00053375965
2774	-0.00068235403
2775	-0.00075209147
2776	-0.0006603599
2777	-0.00052088505
2778	-0.0005332232
2779	-0.00068235403
2780	-0.00075584656
2781	-0.0006512404
2782	-0.0005160571
2783	-0.0005289317
2784	-0.0006796718
2785	-0.000756383
2786	-0.00066357857
2787	-0.00051820284
2788	-0.0005289317
2789	-0.0006769896
2790	-0.00075423723
2791	-0.00064802176
2792	-0.00051444775
2793	-0.00053268677
2794	-0.00068503624
2795	-0.00075316435
2796	-0.00065553194
2797	-0.00051337486
2798	-0.0005278588
2799	-0.00068503624
2800	-0.00075423723
2801	-0.0006587506
2802	-0.00051712996
2803	-0.00052624947
2804	-0.0006791354
2805	-0.0007488728
2806	-0.0006576777
2807	-0.00052356726
2808	-0.0005332232
2809	-0.0006844998
2810	-0.0007665754
2811	-0.0006630421
2812	-0.00052356726
2813	-0.00052839523
2814	-0.0006753803
2815	-0.00075691944
2816	-0.00066572434
2817	-0.00051552063
2818	-0.00052464014
2819	-0.0006769896
2820	-0.00075960165
2821	-0.0006576777
2822	-0.00051176554
2823	-0.00051712996
2824	-0.0006726981
2825	-0.0007601381
2826	-0.0006630421
2827	-0.0005112291
2828	-0.0005160571
2829	-0.0006743074
2830	-0.00075584656
2831	-0.00066196924
2832	-0.0005289317
2833	-0.00053375965
2834	-0.0006796718
2835	-0.0007579923
2836	-0.0006630421
2837	-0.0005176664
2838	-0.00051981217
2839	-0.00066572434
2840	-0.0007510186
2841	-0.0006662608
2842	-0.00052356726
2843	-0.00052088505
2844	-0.0006667972
2845	-0.000761211
2846	-0.0006796718
2847	-0.000530541
2848	-0.00052356726
2849	-0.0006807447
2850	-0.00076228386
2851	-0.000664115
2852	-0.0005267859
2853	-0.00052732235
2854	-0.00067377096
2855	-0.0007628203
2856	-0.0006662608
2857	-0.0005187393
2858	-0.0005187393
2859	-0.0006769896
2860	-0.0007601381
2861	-0.00067108875
2862	-0.0005278588
2863	-0.0005251766
2864	-0.00067484385
2865	-0.00075852877
2866	-0.0006662608
2867	-0.0005224944
2868	-0.00052195793
2869	-0.00067108875
2870	-0.00075691944
2871	-0.0006716252
2872	-0.0005321503
2873	-0.0005165935
2874	-0.00065928703
2875	-0.00075316435
2876	-0.000668943
2877	-0.00052839523
2878	-0.00051712996
2879	-0.0006576777
2880	-0.0007510186
2881	-0.00066733366
2882	-0.0005224944
2883	-0.00051176554
2884	-0.0006614328
2885	-0.00075691944
2886	-0.0006678701
2887	-0.0005278588
2888	-0.0005224944
2889	-0.00066465145
2890	-0.0007655025
2891	-0.00067377096
2892	-0.0005192757
2893	-0.0005149842
2894	-0.00066357857
2895	-0.00076228386
2896	-0.0006818176
2897	-0.00054502493
2898	-0.0005267859
2899	-0.00066733366
2900	-0.00075852877
2901	-0.0006769896
2902	-0.0005332232
2903	-0.0005251766
2904	-0.00066465145
2905	-0.0007499457
2906	-0.00066357857
2907	-0.00051552063
2908	-0.00051069265
2909	-0.0006576777
2910	-0.00075584656
2911	-0.0006743074
2912	-0.0005385876
2913	-0.0005267859
2914	-0.0006716252
2915	-0.00076496607
2916	-0.00068128115
2917	-0.0005267859
2918	-0.0005128384
2919	-0.0006603599
2920	-0.0007655025
2921	-0.00068664557
2922	-0.00053375965
2923	-0.0005192757
2924	-0.00066572434
2925	-0.000756383
2926	-0.00068396336
2927	-0.0005385876
2928	-0.0005160571
2929	-0.0006539226
2930	-0.0007472635
2931	-0.00067752606
2932	-0.0005385876
2933	-0.0005160571
2934	-0.0006549955
2935	-0.0007547737
2936	-0.0006807447
2937	-0.0005278588
2938	-0.00051337486
2939	-0.00066357857
2940	-0.0007601381
2941	-0.0006769896
2942	-0.00053000456
2943	-0.00051820284
2944	-0.00067377096
2945	-0.00076496607
2946	-0.0006753803
2947	-0.0005332232
2948	-0.0005187393
2949	-0.00065928703
2950	-0.00076228386
2951	-0.00068503624
2952	-0.0005321503
2953	-0.00051444775
2954	-0.0006560684
2955	-0.00075316435
2956	-0.0006818176
2957	-0.00053483254
2958	-0.0005165935
2959	-0.00065928703
2960	-0.0007692576
2961	-0.0006957651
2962	-0.0005455614
2963	-0.0005101562
2964	-0.0006560684
2965	-0.000756383
2966	-0.00069147354
2967	-0.00054287916
2968	-0.0005101562
2969	-0.0006474853
2970	-0.0007547737
2971	-0.00068771845
2972	-0.0005455614
2973	-0.00051712996
2974	-0.00065284973
2975	-0.0007537008
2976	-0.00069522863
2977	-0.00054931646
2978	-0.0005139113
2979	-0.00066196924
2980	-0.0007574559
2981	-0.0006844998
2982	-0.0005342961
2983	-0.00050693756
2984	-0.0006512404
2985	-0.00075584656
2986	-0.0006791354
2987	-0.00051820284
2988	-0.0005021096
2989	-0.00064909464
2990	-0.0007574559
2991	-0.0006946922
2992	-0.0005519987
2993	-0.00052088505
2994	-0.00065553194
2995	-0.0007628203
2996	-0.00069201
2997	-0.0005407334
2998	-0.00051069265
2999	-0.00065284973
3000	-0.00075584656
3001	-0.00069147354
3002	-0.00053644186
3003	-0.00050532824
3004	-0.0006485582
3005	-0.000761211
3006	-0.00069201
3007	-0.0005321503
3008	-0.0004972816
3009	-0.00064158445
3010	-0.000751555
3011	-0.00068235403
3012	-0.0005482436
3013	-0.0005187393
3014	-0.0006512404
3015	-0.0007547737
3016	-0.00069683796
3017	-0.0005407334
3018	-0.00051444775
3019	-0.0006523133
3020	-0.000751555
3021	-0.0006796718
3022	-0.0005369783
3023	-0.0005010367
3024	-0.00063890225
3025	-0.0007408262
3026	-0.00068235403
3027	-0.00054126984
3028	-0.000512302
3029	-0.0006539226
3030	-0.00076228386
3031	-0.00069201
3032	-0.0005396605
3033	-0.00050801045
3034	-0.0006469489
3035	-0.00075316435
3036	-0.000687182
3037	-0.00053483254
3038	-0.00050532824
3039	-0.0006319285
3040	-0.00075209147
3041	-0.0006861091
3042	-0.0005289317
3043	-0.00050425535
3044	-0.0006437302
3045	-0.00075209147
3046	-0.00068503624
3047	-0.00054287916
3048	-0.00050908333
3049	-0.00065177685
3050	-0.00075691944
3051	-0.00069040066
3052	-0.00053644186
3053	-0.0004972816
3054	-0.00063407427
3055	-0.00075584656
3056	-0.0006925464
3057	-0.0005380512
3058	-0.00050532824
3059	-0.0006437302
3060	-0.000751555
3061	-0.000687182
3062	-0.0005407334
3063	-0.0005064011
3064	-0.00064265734
3065	-0.0007472635
3066	-0.0006882549
3067	-0.00054019695
3068	-0.00050693756
3069	-0.0006448031
3070	-0.000761211
3071	-0.00069952017
3072	-0.0005385876
3073	-0.0004929901
3074	-0.0006244183
3075	-0.0007488728
3076	-0.0006898642
3077	-0.0005455614
3078	-0.0005101562
3079	-0.0006383658
3080	-0.00075423723
3081	-0.0007000566
3082	-0.0005418063
3083	-0.0005064011
3084	-0.0006356836
3085	-0.00074672705
3086	-0.0006893278
3087	-0.0005418063
3088	-0.0005021096
3089	-0.0006308556
3090	-0.00074940926
3091	-0.00069952017
3092	-0.0005471707
3093	-0.00050801045
3094	-0.0006405116
3095	-0.00076228386
3096	-0.00069147354
3097	-0.00054287916
3098	-0.00050801045
3099	-0.00063139206
3100	-0.00075584656
3101	-0.0006989837
3102	-0.0005460978
3103	-0.0005064011
3104	-0.00063514715
3105	-0.0007461906
3106	-0.00069522863
3107	-0.00054931646
3108	-0.00050693756
3109	-0.0006254912
3110	-0.0007451177
3111	-0.00070434815
3112	-0.000553608
3113	-0.0004994274
3114	-0.0006292463
3115	-0.00074672705
3116	-0.0007075668
3117	-0.00055307156
3118	-0.0005064011
3119	-0.0006405116
3120	-0.0007553101
3121	-0.0006936193
3122	-0.00054502493
3123	-0.0005021096
3124	-0.0006346107
3125	-0.0007537008
3126	-0.00069791084
3127	-0.0005498529
3128	-0.00050425535
3129	-0.0006330014
3130	-0.00075316435
3131	-0.00070327526
3132	-0.0005573631
3133	-0.0005010367
3134	-0.00062334543
3135	-0.00074672705
3136	-0.0007000566
3137	-0.00056058174
3138	-0.0005101562
3139	-0.00063514715
3140	-0.0007553101
3141	-0.00070971256
3142	-0.00055307156
3143	-0.0005010367
3144	-0.0006281734
3145	-0.00074136263
3146	-0.00069791084
3147	-0.00055038935
3148	-0.000507474
3149	-0.00062978273
3150	-0.0007461906
3151	-0.0006984473
3152	-0.00055575377
3153	-0.00050425535
3154	-0.00063139206
3155	-0.0007574559
3156	-0.0007027388
3157	-0.000558436
3158	-0.0005058647
3159	-0.00063139206
3160	-0.00074779993
3161	-0.000715077
3162	-0.00056701904
3163	-0.00051176554
3164	-0.00063514715
3165	-0.00075691944
3166	-0.0007011295
3167	-0.00055575377
3168	-0.0005101562
3169	-0.00062495476
3170	-0.00075209147
3171	-0.00071454054
3172	-0.0005648733
3173	-0.0005058647
3174	-0.00062763697
3175	-0.00075423723
3176	-0.00071346766
3177	-0.0005519987
3178	-0.0004929901
3179	-0.00062334543
3180	-0.00074297196
3181	-0.0007075668
3182	-0.0005562902
3183	-0.0005021096
3184	-0.0006190539
3185	-0.0007445813
3186	-0.0007075668
3187	-0.0005627275
3188	-0.0005047918
3189	-0.00062602764
3190	-0.000751555
3191	-0.0007123948
3192	-0.00056594616
3193	-0.00051176554
3194	-0.0006281734
3195	-0.00074404484
3196	-0.0007075668
3197	-0.0005627275
3198	-0.00050801045
3199	-0.0006319285
3200	-0.00075423723
3201	-0.00070810324
3202	-0.00056326395
3203	-0.0005064011
3204	-0.00062978273
3205	-0.000751555
3206	-0.00069952017
3207	-0.0005546809
3208	-0.000502646
3209	-0.00062495476
3210	-0.00074779993
3211	-0.00071185833
3212	-0.0005627275
3213	-0.000507474
3214	-0.0006319285
3215	-0.00075316435
3216	-0.0007166863
3217	-0.0005654097
3218	-0.000507474
3219	-0.0006110073
3220	-0.00073546177
3221	-0.00070327526
3222	-0.0005519987
3223	-0.00050908333
3224	-0.0006174446
3225	-0.00074136263
3226	-0.00071078545
3227	-0.00055789953
3228	-0.00050532824
3229	-0.0006254912
3230	-0.00075048214
3231	-0.0007113219
3232	-0.0005611182
3233	-0.0005010367
3234	-0.0006136895
3235	-0.0007451177
3236	-0.0007113219
3237	-0.0005519987
3238	-0.0004972816
3239	-0.000617981
3240	-0.0007547737
3241	-0.00071722275
3242	-0.0005562902
3243	-0.0004972816
3244	-0.0006174446
3245	-0.0007472635
3246	-0.0007140041
3247	-0.00055038935
3248	-0.000502646
3249	-0.0006217361
3250	-0.0007451177
3251	-0.00071078545
3252	-0.0005562902
3253	-0.00049889093
3254	-0.00061959034
3255	-0.0007488728
3256	-0.0007129312
3257	-0.0005552173
3258	-0.0004929901
3259	-0.0006152988
3260	-0.00074779993
3261	-0.00070971256
3262	-0.000558436
3263	-0.00049781805
3264	-0.00061208016
3265	-0.0007488728
3266	-0.00072258717
3267	-0.0005664826
3268	-0.0004994274
3269	-0.0006152988
3270	-0.00074565416
3271	-0.0007166863
3272	-0.0005509258
3273	-0.00049406296
3274	-0.0006174446
3275	-0.0007445813
3276	-0.0007193685
3277	-0.00056219107
3278	-0.00049138075
3279	-0.00061315304
3280	-0.0007424355
3281	-0.00071454054
3282	-0.0005713106
3283	-0.0004972816
3284	-0.000599742
3285	-0.0007472635
3286	-0.0007204414
3287	-0.00056326395
3288	-0.0005047918
3289	-0.0006201268
3290	-0.0007488728
3291	-0.0007241965
3292	-0.0005638004
3293	-0.00050050026
3294	-0.00061047083
3295	-0.00074672705
3296	-0.0007241965
3297	-0.00057238346
3298	-0.0004972816
3299	-0.0006088615
3300	-0.0007418991
3301	-0.00072258717
3302	-0.0005831123
3303	-0.0005021096
3304	-0.00060188776
3305	-0.00075209147
3306	-0.00072097784
3307	-0.00056219107
3308	-0.0004956723
3309	-0.0006072522
3310	-0.0007488728
3311	-0.0007204414
3312	-0.00056594616
3313	-0.0004994274
3314	-0.00060296064
3315	-0.0007435084
3316	-0.00072097784
3317	-0.0005589724
3318	-0.0004956723
3319	-0.0006013513
3320	-0.00074136263
3321	-0.00072366005
3322	-0.00056701904
3323	-0.0005010367
3324	-0.00060564285
3325	-0.00074136263
3326	-0.00071990496
3327	-0.00057989365
3328	-0.000507474
3329	-0.0006110073
3330	-0.0007343889
3331	-0.0007091761
3332	-0.00056701904
3333	-0.0004945994
3334	-0.0005986691
3335	-0.00072258717
3336	-0.0007156134
3337	-0.00056701904
3338	-0.0005037189
3339	-0.0006077886
3340	-0.0007424355
3341	-0.0007204414
3342	-0.0005654097
3343	-0.0005010367
3344	-0.000599742
3345	-0.0007408262
3346	-0.00072741514
3347	-0.0005691648
3348	-0.0004999638
3349	-0.0006040335
3350	-0.0007306338
3351	-0.000710249
3352	-0.0005793572
3353	-0.0004919172
3354	-0.00059652334
3355	-0.00074136263
3356	-0.0007231236
3357	-0.0005782843
3358	-0.00050532824
3359	-0.00060296064
3360	-0.0007349253
3361	-0.0007220507
3362	-0.0005638004
3363	-0.0004935265
3364	-0.00059545046
3365	-0.0007306338
3366	-0.0007156134
3367	-0.00057238346
3368	-0.00049781805
3369	-0.00060027844
3370	-0.0007461906
3371	-0.0007279516
3372	-0.0005691648
3373	-0.00049245363
3374	-0.0005922318
3375	-0.0007317067
3376	-0.0007252694
3377	-0.0005713106
3378	-0.00049674517
3379	-0.0005975962
3380	-0.0007359982
3381	-0.0007252694
3382	-0.00056862837
3383	-0.0004919172
3384	-0.000594914
3385	-0.00073277956
3386	-0.0007252694
3387	-0.000581503
3388	-0.000502646
3389	-0.0005879403
3390	-0.0007258058
3391	-0.00072366005
3392	-0.00057721144
3393	-0.0004983545
3394	-0.0006051064
3395	-0.0007461906
3396	-0.00072902447
3397	-0.0005804301
3398	-0.0004983545
3399	-0.0005868674
3400	-0.00072473293
3401	-0.0007279516
3402	-0.00057452923
3403	-0.00049406296
3404	-0.0005911589
3405	-0.0007241965
3406	-0.0007220507
3407	-0.00056433683
3408	-0.00048601633
3409	-0.000594914
3410	-0.0007397533
3411	-0.0007231236
3412	-0.0005777479
3413	-0.0004994274
3414	-0.0005922318
3415	-0.00073760754
3416	-0.0007268787
3417	-0.0005756021
3418	-0.00049781805
3419	-0.0005895496
3420	-0.0007317067
3421	-0.0007279516
3422	-0.00057989365
3423	-0.0004983545
3424	-0.0005820394
3425	-0.00073009735
3426	-0.0007204414
3427	-0.00056970125
3428	-0.0004999638
3429	-0.0005986691
3430	-0.000738144
3431	-0.00073385244
3432	-0.00057613855
3433	-0.0004929901
3434	-0.0005879403
3435	-0.00073546177
3436	-0.00072097784
3437	-0.00057345635
3438	-0.00048869854
3439	-0.0005793572
3440	-0.0007306338
3441	-0.00073009735
3442	-0.0005782843
3443	-0.00049406296
3444	-0.0005906225
3445	-0.00073385244
3446	-0.0007343889
3447	-0.00058364874
3448	-0.00049406296
3449	-0.0005804301
3450	-0.0007166863
3451	-0.00072258717
3452	-0.0005804301
3453	-0.00048762566
3454	-0.000581503
3455	-0.0007322431
3456	-0.00073653465
3457	-0.0005911589
3458	-0.0004994274
3459	-0.0005884767
3460	-0.000738144
3461	-0.00073117024
3462	-0.00057613855
3463	-0.0004908443
3464	-0.00058257586
3465	-0.00072473293
3466	-0.0007343889
3467	-0.00059920555
3468	-0.00051337486
3469	-0.0005911589
3470	-0.00073546177
3471	-0.0007317067
3472	-0.0005884767
3473	-0.00049513584
3474	-0.00057882076
3475	-0.0007193685
3476	-0.00072741514
3477	-0.00057721144
3478	-0.0004956723
3479	-0.0005831123
3480	-0.00071990496
3481	-0.00072741514
3482	-0.00058633095
3483	-0.00050050026
3484	-0.0005831123
3485	-0.00072366005
3486	-0.0007359982
3487	-0.00059652334
3488	-0.000502646
3489	-0.0005847216
3490	-0.0007204414
3491	-0.0007306338
3492	-0.00060027844
3493	-0.0005101562
3494	-0.0005750657
3495	-0.0007306338
3496	-0.0007306338
3497	-0.0005831123
3498	-0.0004881621
3499	-0.00057882076
3500	-0.00073117024
3501	-0.0007279516
3502	-0.00057613855
3503	-0.00048655277
3504	-0.00057613855
3505	-0.0007252694
3506	-0.0007279516
3507	-0.0005804301
3508	-0.00049406296
3509	-0.0005782843
3510	-0.0007166863
3511	-0.00073009735
3512	-0.0005959869
3513	-0.0004945994
3514	-0.00056970125
3515	-0.00072097784
3516	-0.0007343889
3517	-0.000599742
3518	-0.0005021096
3519	-0.00057238346
3520	-0.0007252694
3521	-0.0007408262
3522	-0.000594914
3523	-0.00050318247
3524	-0.0005691648
3525	-0.0007193685
3526	-0.00073385244
3527	-0.0005975962
3528	-0.0005047918
3529	-0.0005841852
3530	-0.00072741514
3531	-0.00074028975
3532	-0.0005895496
3533	-0.00048494345
3534	-0.00057238346
3535	-0.00071829563
3536	-0.0007306338
3537	-0.0005831123
3538	-0.00048708922
3539	-0.0005654097
3540	-0.0007215143
3541	-0.0007408262
3542	-0.00060456997
3543	-0.00049781805
3544	-0.000571847
3545	-0.0007204414
3546	-0.0007343889
3547	-0.0005841852
3548	-0.000489235
3549	-0.00056970125
3550	-0.00072097784
3551	-0.00073546177
3552	-0.000594914
3553	-0.00049513584
3554	-0.0005680919
3555	-0.00071454054
3556	-0.0007386804
3557	-0.0005975962
3558	-0.0004983545
3559	-0.00057989365
3560	-0.0007231236
3561	-0.0007317067
3562	-0.0005922318
3563	-0.00049138075
3564	-0.00057345635
3565	-0.0007204414
3566	-0.00074028975
3567	-0.00060671574
3568	-0.0005112291
3569	-0.00057613855
3570	-0.00072097784
3571	-0.0007359982
3572	-0.0006013513
3573	-0.0004994274
3574	-0.0005713106
3575	-0.00072097784
3576	-0.0007397533
3577	-0.00059652334
3578	-0.00048869854
3579	-0.00056433683
3580	-0.0007317067
3581	-0.0007488728
3582	-0.00059920555
3583	-0.00049030787
3584	-0.00057077414
3585	-0.00071722275
3586	-0.00073117024
3587	-0.00059920555
3588	-0.0004999638
3589	-0.0005713106
3590	-0.00071829563
3591	-0.0007386804
3592	-0.0005959869
3593	-0.00049030787
3594	-0.00056326395
3595	-0.00072097784
3596	-0.00074136263
3597	-0.0005975962
3598	-0.00049138075
3599	-0.00056219107
3600	-0.00071454054
3601	-0.0007435084
3602	-0.0005959869
3603	-0.0004945994
3604	-0.0005638004
3605	-0.00071829563
3606	-0.00074028975
3607	-0.0005975962
3608	-0.00049781805
3609	-0.00056433683
3610	-0.000710249
3611	-0.000733316
3612	-0.00060188776
3613	-0.00049406296
3614	-0.00055575377
3615	-0.0007113219
3616	-0.0007370711
3617	-0.0006040335
3618	-0.0004929901
3619	-0.00056058174
3620	-0.0007113219
3621	-0.00074672705
3622	-0.0006110073
3623	-0.0004908443
3624	-0.0005525351
3625	-0.0007038117
3626	-0.00073385244
3627	-0.00059813267
3628	-0.0004962087
3629	-0.0005616546
3630	-0.0007156134
3631	-0.0007547737
3632	-0.00060296064
3633	-0.00049030787
3634	-0.000558436
3635	-0.00071346766
3636	-0.00074404484
3637	-0.00060296064
3638	-0.00049030787
3639	-0.0005627275
3640	-0.0007075668
3641	-0.0007359982
3642	-0.0006115437
3643	-0.0005047918
3644	-0.0005756021
3645	-0.00071614987
3646	-0.000738144
3647	-0.00062227255
3648	-0.00050801045
3649	-0.00056970125
3650	-0.00071829563
3651	-0.0007451177
3652	-0.0006201268
3653	-0.0005037189
3654	-0.0005616546
3655	-0.0007048846
3656	-0.00074297196
3657	-0.0006115437
3658	-0.00048655277
3659	-0.00055950886
3660	-0.0007113219
3661	-0.000751555
3662	-0.00062763697
3663	-0.0005128384
3664	-0.00056219107
3665	-0.0007156134
3666	-0.000751555
3667	-0.0006201268
3668	-0.00049674517
3669	-0.0005552173
3670	-0.0007086397
3671	-0.00074565416
3672	-0.0006238819
3673	-0.00051176554
3674	-0.00055038935
3675	-0.0007064939
3676	-0.0007424355
3677	-0.0006217361
3678	-0.0004983545
3679	-0.0005482436
3680	-0.0007048846
3681	-0.00074672705
3682	-0.00061583525
3683	-0.000489235
3684	-0.0005396605
3685	-0.0007038117
3686	-0.00074565416
3687	-0.0006152988
3688	-0.00050050026
3689	-0.0005546809
3690	-0.0006963015
3691	-0.0007386804
3692	-0.0006163717
3693	-0.00050425535
3694	-0.0005611182
3695	-0.0007038117
3696	-0.0007370711
3697	-0.0006110073
3698	-0.00049030787
3699	-0.000553608
3700	-0.00070703035
3701	-0.0007451177
3702	-0.0006152988
3703	-0.0004929901
3704	-0.00054931646
3705	-0.00070810324
3706	-0.0007472635
3707	-0.00061476236
3708	-0.0004956723
3709	-0.00054287916
3710	-0.00069791084
3711	-0.0007370711
3712	-0.0006190539
3713	-0.00050157314
3714	-0.0005434156
3715	-0.00069308287
3716	-0.0007408262
3717	-0.0006244183
3718	-0.000507474
3719	-0.000553608
3720	-0.0006989837
3721	-0.0007451177
3722	-0.0006330014
3723	-0.00050157314
3724	-0.0005385876
3725	-0.00069415575
3726	-0.0007343889
3727	-0.0006126166
3728	-0.0004994274
3729	-0.000553608
3730	-0.0006957651
3731	-0.0007370711
3732	-0.0006271005
3733	-0.0005139113
3734	-0.0005589724
3735	-0.0007048846
3736	-0.0007397533
3737	-0.0006136895
3738	-0.0005021096
3739	-0.00053751474
3740	-0.0006925464
3741	-0.00074404484
3742	-0.0006281734
3743	-0.0004962087
3744	-0.00054770714
3745	-0.00070327526
3746	-0.00074779993
3747	-0.00061208016
3748	-0.0004919172
3749	-0.0005423427
3750	-0.0006925464
3751	-0.00074297196
3752	-0.0006206632
3753	-0.000502646
3754	-0.00054878
3755	-0.00070434815
3756	-0.0007386804
3757	-0.0006190539
3758	-0.0004999638
3759	-0.00054502493
3760	-0.0007011295
3761	-0.00075048214
3762	-0.0006335378
3763	-0.00049781805
3764	-0.0005359054
3765	-0.0006861091
3766	-0.00074136263
3767	-0.00062119967
3768	-0.0004972816
3769	-0.0005380512
3770	-0.00070059305
3771	-0.0007488728
3772	-0.0006335378
3773	-0.0005037189
3774	-0.00053483254
3775	-0.000687182
3776	-0.0007370711
3777	-0.0006206632
3778	-0.00049030787
3779	-0.0005278588
3780	-0.0006844998
3781	-0.00073760754
3782	-0.00063139206
3783	-0.0005037189
3784	-0.0005396605
3785	-0.00069683796
3786	-0.00075691944
3787	-0.0006448031
3788	-0.00052356726
3789	-0.0005519987
3790	-0.0006973744
3791	-0.00074565416
3792	-0.00063622004
3793	-0.00051820284
3794	-0.0005460978
3795	-0.0007011295
3796	-0.000751555
3797	-0.00063782936
3798	-0.0005047918
3799	-0.000535369
3800	-0.0006925464
3801	-0.0007451177
3802	-0.0006372929
3803	-0.0005128384
3804	-0.0005385876
3805	-0.00069147354
3806	-0.00074565416
3807	-0.0006271005
3808	-0.00049674517
3809	-0.0005396605
3810	-0.0007000566
3811	-0.0007424355
3812	-0.00062978273
3813	-0.0005010367
3814	-0.0005332232
3815	-0.0006861091
3816	-0.0007472635
3817	-0.0006346107
3818	-0.0005010367
3819	-0.0005369783
3820	-0.00069040066
3821	-0.0007488728
3822	-0.0006335378
3823	-0.00050157314
3824	-0.00052624947
3825	-0.00068879133
3826	-0.0007537008
3827	-0.00063782936
3828	-0.0004994274
3829	-0.0005332232
3830	-0.00068235403
3831	-0.0007386804
3832	-0.0006244183
3833	-0.0004956723
3834	-0.0005294681
3835	-0.0006844998
3836	-0.00074779993
3837	-0.00063782936
3838	-0.00050425535
3839	-0.0005359054
3840	-0.00069415575
3841	-0.00074779993
3842	-0.0006356836
3843	-0.0005010367
3844	-0.0005294681
3845	-0.00068879133
3846	-0.00074672705
3847	-0.00064158445
3848	-0.00050693756
3849	-0.0005359054
3850	-0.00068879133
3851	-0.00075048214
3852	-0.00062870985
3853	-0.0004929901
3854	-0.000530541
3855	-0.00068664557
3856	-0.0007472635
3857	-0.00063622004
3858	-0.0005010367
3859	-0.00052624947
3860	-0.00068879133
3861	-0.0007499457
3862	-0.0006372929
3863	-0.000502646
3864	-0.00051981217
3865	-0.0006882549
3866	-0.000751555
3867	-0.0006308556
3868	-0.0005021096
3869	-0.000525713
3870	-0.0006743074
3871	-0.00074672705
3872	-0.0006346107
3873	-0.0005064011
3874	-0.00053107744
3875	-0.0006925464
3876	-0.0007445813
3877	-0.0006431938
3878	-0.0005037189
3879	-0.000530541
3880	-0.00069147354
3881	-0.0007488728
3882	-0.00063514715
3883	-0.00050050026
3884	-0.0005342961
3885	-0.0006898642
3886	-0.0007435084
3887	-0.00063890225
3888	-0.00050532824
3889	-0.00052624947
3890	-0.000687182
3891	-0.00075048214
3892	-0.0006485582
3893	-0.00050532824
3894	-0.00052088505
3895	-0.0006732345
3896	-0.0007386804
3897	-0.00064265734
3898	-0.000502646
3899	-0.0005224944
3900	-0.0006694794
3901	-0.0007445813
3902	-0.00063622004
3903	-0.0004983545
3904	-0.0005241037
3905	-0.00067591673
3906	-0.0007451177
3907	-0.0006356836
3908	-0.0004956723
3909	-0.0005214215
3910	-0.00067591673
3911	-0.0007461906
3912	-0.0006335378
3913	-0.0005047918
3914	-0.00053000456
3915	-0.0006855727
3916	-0.00074297196
3917	-0.00063890225
3918	-0.0005112291
3919	-0.0005251766
3920	-0.0006791354
3921	-0.0007370711
3922	-0.00064426666
3923	-0.00051444775
3924	-0.0005316139
3925	-0.00067591673
3926	-0.00074404484
3927	-0.0006496311
3928	-0.00051981217
3929	-0.000530541
3930	-0.00068396336
3931	-0.00075316435
3932	-0.00063890225
3933	-0.0004972816
3934	-0.00050801045
3935	-0.0006705523
3936	-0.00074779993
3937	-0.0006448031
3938	-0.0005064011
3939	-0.0005187393
3940	-0.0006705523
3941	-0.0007461906
3942	-0.0006501675
3943	-0.0005224944
3944	-0.0005267859
3945	-0.00067484385
3946	-0.0007418991
3947	-0.0006533862
3948	-0.00052356726
3949	-0.00052624947
3950	-0.000668943
3951	-0.0007451177
3952	-0.00065070397
3953	-0.00050532824
3954	-0.00050908333
3955	-0.00067108875
3956	-0.00075209147
3957	-0.0006549955
3958	-0.0005128384
3959	-0.00052624947
3960	-0.0006753803
3961	-0.0007451177
3962	-0.0006474853
3963	-0.0005101562
3964	-0.00051981217
3965	-0.00067216164
3966	-0.0007547737
3967	-0.00066089636
3968	-0.000525713
3969	-0.0005289317
3970	-0.0006796718
3971	-0.00075691944
3972	-0.0006662608
3973	-0.00052088505
3974	-0.0005230308
3975	-0.00067001587
3976	-0.0007451177
3977	-0.0006485582
3978	-0.00051069265
3979	-0.000507474
3980	-0.00066733366
3981	-0.00075048214
3982	-0.0006549955
3983	-0.00051069265
3984	-0.0005139113
3985	-0.00067216164
3986	-0.0007483364
3987	-0.0006496311
3988	-0.00051069265
3989	-0.00051337486
3990	-0.0006764532
3991	-0.00075316435
3992	-0.0006587506
3993	-0.00051444775
3994	-0.0005192757
3995	-0.00067001587
3996	-0.0007445813
3997	-0.0006566048
3998	-0.0005112291
3999	-0.0005128384
4000	-0.00067108875
4001	-0.00074565416
4002	-0.00066196924
4003	-0.0005192757
4004	-0.0005064011
4005	-0.00066357857
4006	-0.0007499457
4007	-0.00066196924
4008	-0.000525713
4009	-0.0005149842
4010	-0.0006716252
4011	-0.0007526279
4012	-0.0006576777
4013	-0.00052088505
4014	-0.00051069265
4015	-0.00066465145
4016	-0.00074940926
4017	-0.00066572434
4018	-0.0005289317
4019	-0.0005224944
4020	-0.0006630421
4021	-0.00075423723
4022	-0.0006743074
4023	-0.0005332232
4024	-0.0005160571
4025	-0.00065177685
4026	-0.0007445813
4027	-0.00066733366
4028	-0.00052088505
4029	-0.0005187393
4030	-0.00066357857
4031	-0.00075209147
4032	-0.0006726981
4033	-0.0005251766
4034	-0.00051712996
4035	-0.00065928703
4036	-0.0007488728
4037	-0.0006662608
4038	-0.0005192757
4039	-0.0005139113
4040	-0.0006576777
4041	-0.00074565416
4042	-0.00067216164
4043	-0.0005289317
4044	-0.0005112291
4045	-0.00066733366
4046	-0.00075691944
4047	-0.00067216164
4048	-0.0005165935
4049	-0.00050908333
4050	-0.0006630421
4051	-0.0007526279
4052	-0.0006726981
4053	-0.00051981217
4054	-0.00051176554
4055	-0.00065553194
4056	-0.0007574559
4057	-0.00066733366
4058	-0.0005187393
4059	-0.0005037189
4060	-0.00065177685
4061	-0.00074940926
4062	-0.00067377096
4063	-0.0005294681
4064	-0.0005176664
4065	-0.00066733366
4066	-0.0007483364
4067	-0.00066465145
4068	-0.00053000456
4069	-0.0005176664
4070	-0.0006678701
4071	-0.0007579923
4072	-0.0006716252
4073	-0.00052624947
4074	-0.00051176554
4075	-0.0006549955
4076	-0.0007424355
4077	-0.0006694794
4078	-0.00052624947
4079	-0.00051069265
4080	-0.0006630421
4081	-0.00075691944
4082	-0.00067001587
4083	-0.00052464014
4084	-0.0005096198
4085	-0.00065445906
4086	-0.00074779993
4087	-0.0006753803
4088	-0.0005380512
4089	-0.00051069265
4090	-0.0006523133
4091	-0.0007408262
4092	-0.00067377096
4093	-0.0005294681
4094	-0.000507474
4095	-0.0006598235
4096	-0.00074940926
4097	-0.0006716252
4098	-0.00053483254
4099	-0.0005096198
4100	-0.0006539226
4101	-0.00075316435
4102	-0.0006732345
4103	-0.0005332232
4104	-0.00050908333
4105	-0.0006501675
4106	-0.0007461906
4107	-0.00067859894
4108	-0.0005251766
4109	-0.000502646
4110	-0.0006496311
4111	-0.00075048214
4112	-0.00067108875
4113	-0.0005251766
4114	-0.00050908333
4115	-0.0006469489
4116	-0.00074940926
4117	-0.00067108875
4118	-0.00051820284
4119	-0.0005010367
4120	-0.0006523133
4121	-0.000751555
4122	-0.00067591673
4123	-0.00052732235
4124	-0.0004994274
4125	-0.00065553194
4126	-0.0007537008
4127	-0.0006769896
4128	-0.00052624947
4129	-0.0005021096
4130	-0.0006469489
4131	-0.00074404484
4132	-0.0006705523
4133	-0.0005203486
4134	-0.0005021096
4135	-0.00064909464
4136	-0.00075048214
4137	-0.0006726981
4138	-0.0005192757
4139	-0.00049674517
4140	-0.00064158445
4141	-0.0007445813
4142	-0.0006678701
4143	-0.0005316139
4144	-0.000502646
4145	-0.0006421209
4146	-0.0007510186
4147	-0.0006796718
4148	-0.0005321503
4149	-0.0005112291
4150	-0.000641048
4151	-0.0007445813
4152	-0.0006791354
4153	-0.0005289317
4154	-0.000502646
4155	-0.0006474853
4156	-0.00075584656
4157	-0.0006844998
4158	-0.0005396605
4159	-0.00051820284
4160	-0.00065284973
4161	-0.0007472635
4162	-0.0006834269
4163	-0.0005455614
4164	-0.00051069265
4165	-0.00064265734
4166	-0.0007499457
4167	-0.0006844998
4168	-0.000530541
4169	-0.0004972816
4170	-0.0006448031
4171	-0.000751555
4172	-0.0006844998
4173	-0.00053107744
4174	-0.000502646
4175	-0.0006474853
4176	-0.00075852877
4177	-0.00068235403
4178	-0.0005251766
4179	-0.00050425535
4180	-0.0006448031
4181	-0.0007424355
4182	-0.0006743074
4183	-0.0005321503
4184	-0.0005047918
4185	-0.00064158445
4186	-0.0007461906
4187	-0.0006818176
4188	-0.0005396605
4189	-0.00050801045
4190	-0.00064426666
4191	-0.00074779993
4192	-0.00068235403
4193	-0.0005369783
4194	-0.0004994274
4195	-0.0006437302
4196	-0.0007424355
4197	-0.0006705523
4198	-0.0005289317
4199	-0.0005010367
4200	-0.0006431938
4201	-0.0007526279
4202	-0.00068396336
4203	-0.0005278588
4204	-0.00050318247
4205	-0.0006383658
4206	-0.0007451177
4207	-0.0006807447
4208	-0.00052732235
4209	-0.0004972816
4210	-0.00064426666
4211	-0.00074940926
4212	-0.00069415575
4213	-0.00053751474
4214	-0.0005085469
4215	-0.0006501675
4216	-0.0007499457
4217	-0.00068235403
4218	-0.0005396605
4219	-0.00050693756
4220	-0.00064265734
4221	-0.0007461906
4222	-0.00068128115
4223	-0.0005332232
4224	-0.00049406296
4225	-0.0006281734
4226	-0.0007483364
4227	-0.0006898642
4228	-0.00053912407
4229	-0.00050801045
4230	-0.00063622004
4231	-0.00074404484
4232	-0.0006882549
4233	-0.0005423427
4234	-0.0004962087
4235	-0.00063246494
4236	-0.0007488728
4237	-0.0006898642
4238	-0.0005482436
4239	-0.00050532824
4240	-0.0006335378
4241	-0.00074404484
4242	-0.0006898642
4243	-0.0005289317
4244	-0.0004945994
4245	-0.0006303192
4246	-0.00074565416
4247	-0.00069040066
4248	-0.00054019695
4249	-0.00050532824
4250	-0.0006383658
4251	-0.00075316435
4252	-0.00070059305
4253	-0.0005396605
4254	-0.00050050026
4255	-0.00062978273
4256	-0.00075316435
4257	-0.00069147354
4258	-0.00053912407
4259	-0.0005037189
4260	-0.00062602764
4261	-0.00074136263
4262	-0.00069040066
4263	-0.0005385876
4264	-0.00049674517
4265	-0.0006281734
4266	-0.0007424355
4267	-0.00068503624
4268	-0.0005342961
4269	-0.0004972816
4270	-0.0006265641
4271	-0.00074779993
4272	-0.00068503624
4273	-0.00053107744
4274	-0.0004919172
4275	-0.0006206632
4276	-0.0007359982
4277	-0.00069040066
4278	-0.0005342961
4279	-0.0004935265
4280	-0.00062870985
4281	-0.0007510186
4282	-0.00069308287
4283	-0.0005509258
4284	-0.0004962087
4285	-0.00062119967
4286	-0.00073921686
4287	-0.0006925464
4288	-0.00054770714
4289	-0.00050318247
4290	-0.0006308556
4291	-0.0007547737
4292	-0.00070166594
4293	-0.0005562902
4294	-0.0005037189
4295	-0.00062602764
4296	-0.00074404484
4297	-0.0006989837
4298	-0.0005562902
4299	-0.00050532824
4300	-0.00062870985
4301	-0.00074672705
4302	-0.0006984473
4303	-0.0005519987
4304	-0.00050532824
4305	-0.0006244183
4306	-0.00073760754
4307	-0.00069791084
4308	-0.0005455614
4309	-0.00049889093
4310	-0.000622809
4311	-0.0007445813
4312	-0.00070059305
4313	-0.00054770714
4314	-0.0005021096
4315	-0.00062763697
4316	-0.0007526279
4317	-0.0007000566
4318	-0.00055146223
4319	-0.00050425535
4320	-0.0006244183
4321	-0.0007488728
4322	-0.0006925464
4323	-0.0005396605
4324	-0.0004983545
4325	-0.00062870985
4326	-0.00075209147
4327	-0.0006957651
4328	-0.0005418063
4329	-0.00049406296
4330	-0.00061690813
4331	-0.00074136263
4332	-0.00069683796
4333	-0.0005423427
4334	-0.00048494345
4335	-0.0006201268
4336	-0.0007472635
4337	-0.00069791084
4338	-0.0005434156
4339	-0.0004945994
4340	-0.0006206632
4341	-0.0007499457
4342	-0.0007038117
4343	-0.00054663426
4344	-0.00049030787
4345	-0.00063139206
4346	-0.0007547737
4347	-0.00070059305
4348	-0.00055307156
4349	-0.00050050026
4350	-0.000617981
4351	-0.00074136263
4352	-0.0007048846
4353	-0.0005589724
4354	-0.0004908443
4355	-0.00061047083
4356	-0.0007435084
4357	-0.00070327526
4358	-0.0005611182
4359	-0.0004999638
4360	-0.0006126166
4361	-0.00074940926
4362	-0.0007140041
4363	-0.0005616546
4364	-0.0004983545
4365	-0.00061208016
4366	-0.0007451177
4367	-0.0006989837
4368	-0.00054287916
4369	-0.0004908443
4370	-0.0006152988
4371	-0.00074136263
4372	-0.0006989837
4373	-0.00054663426
4374	-0.000489235
4375	-0.0006136895
4376	-0.0007424355
4377	-0.00070703035
4378	-0.00054395205
4379	-0.00048601633
4380	-0.00061583525
4381	-0.00074565416
4382	-0.0007166863
4383	-0.0005627275
4384	-0.0005037189
4385	-0.00061208016
4386	-0.00074940926
4387	-0.0007091761
4388	-0.0005498529
4389	-0.0004919172
4390	-0.0006142259
4391	-0.00074297196
4392	-0.0007064939
4393	-0.00055575377
4394	-0.0004983545
4395	-0.00061476236
4396	-0.0007445813
4397	-0.0007166863
4398	-0.0005552173
4399	-0.0005047918
4400	-0.00060671574
4401	-0.00074028975
4402	-0.0007048846
4403	-0.0005616546
4404	-0.0004956723
4405	-0.00060296064
4406	-0.0007461906
4407	-0.0007140041
4408	-0.00055146223
4409	-0.0004854799
4410	-0.0006008149
4411	-0.000733316
4412	-0.00069791084
4413	-0.0005418063
4414	-0.000489235
4415	-0.00060296064
4416	-0.00074672705
4417	-0.0007075668
4418	-0.000553608
4419	-0.00049513584
4420	-0.0006115437
4421	-0.0007435084
4422	-0.0007129312
4423	-0.00055307156
4424	-0.0004994274
4425	-0.00061208016
4426	-0.0007359982
4427	-0.0007086397
4428	-0.00054663426
4429	-0.00048655277
4430	-0.0005986691
4431	-0.00073760754
4432	-0.000715077
4433	-0.0005589724
4434	-0.0004817248
4435	-0.00060296064
4436	-0.0007349253
4437	-0.0007086397
4438	-0.0005600453
4439	-0.00049030787
4440	-0.00060296064
4441	-0.00073277956
4442	-0.0007048846
4443	-0.00055789953
4444	-0.00049245363
4445	-0.00060832506
4446	-0.0007386804
4447	-0.0007048846
4448	-0.00055307156
4449	-0.0004919172
4450	-0.00059545046
4451	-0.00073277956
4452	-0.0007064939
4453	-0.0005546809
4454	-0.0004945994
4455	-0.0006072522
4456	-0.00074136263
4457	-0.00071990496
4458	-0.0005616546
4459	-0.00049030787
4460	-0.0006008149
4461	-0.000738144
4462	-0.0007064939
4463	-0.00055682665
4464	-0.00049674517
4465	-0.00060456997
4466	-0.0007322431
4467	-0.0007220507
4468	-0.0005691648
4469	-0.0004919172
4470	-0.0005959869
4471	-0.0007359982
4472	-0.0007048846
4473	-0.00055038935
4474	-0.00048118836
4475	-0.00058740383
4476	-0.00072902447
4477	-0.00071078545
4478	-0.000553608
4479	-0.00048601633
4480	-0.00059384113
4481	-0.0007279516
4482	-0.0007140041
4483	-0.00057345635
4484	-0.00048655277
4485	-0.0005911589
4486	-0.00071829563
4487	-0.0007113219
4488	-0.00055950886
4489	-0.00048494345
4490	-0.0005879403
4491	-0.00073546177
4492	-0.00071346766
4493	-0.0005573631
4494	-0.00049138075
4495	-0.00059652334
4496	-0.0007359982
4497	-0.00071829563
4498	-0.0005627275
4499	-0.00048762566
4500	-0.00059384113
4501	-0.000733316
4502	-0.0007220507
4503	-0.00057882076
4504	-0.0005010367
4505	-0.0005922318
4506	-0.0007397533
4507	-0.0007295609
4508	-0.0005691648
4509	-0.00048333412
4510	-0.00058901316
4511	-0.0007349253
4512	-0.0007231236
4513	-0.00057452923
4514	-0.0004999638
4515	-0.0005922318
4516	-0.00072902447
4517	-0.000715077
4518	-0.0005654097
4519	-0.000489235
4520	-0.000594914
4521	-0.00072634226
4522	-0.00071990496
4523	-0.00057613855
4524	-0.0004929901
4525	-0.0005975962
4526	-0.000733316
4527	-0.0007177592
4528	-0.0005611182
4529	-0.0004908443
4530	-0.0005911589
4531	-0.00072902447
4532	-0.0007220507
4533	-0.0005713106
4534	-0.0004854799
4535	-0.00058525807
4536	-0.00073009735
4537	-0.00072741514
4538	-0.00057452923
4539	-0.00049781805
4540	-0.00058740383
4541	-0.0007252694
4542	-0.0007252694
4543	-0.00057721144
4544	-0.00048655277
4545	-0.0005857945
4546	-0.0007268787
4547	-0.00071829563
4548	-0.00057077414
4549	-0.0004881621
4550	-0.0005906225
4551	-0.0007279516
4552	-0.0007123948
4553	-0.00056433683
4554	-0.00049406296
4555	-0.0005895496
4556	-0.00072634226
4557	-0.00071614987
4558	-0.0005691648
4559	-0.00048011547
4560	-0.00058257586
4561	-0.0007317067
4562	-0.00072097784
4563	-0.00057238346
4564	-0.00048494345
4565	-0.000581503
4566	-0.00072366005
4567	-0.0007193685
4568	-0.0005654097
4569	-0.00048708922
4570	-0.0005804301
4571	-0.00072902447
4572	-0.00072473293
4573	-0.0005750657
4574	-0.00048279768
4575	-0.0005804301
4576	-0.0007258058
4577	-0.0007140041
4578	-0.00057077414
4579	-0.0004908443
4580	-0.000581503
4581	-0.00071722275
4582	-0.00072634226
4583	-0.0005756021
4584	-0.00048869854
4585	-0.0005750657
4586	-0.00072366005
4587	-0.00072473293
4588	-0.000571847
4589	-0.000489235
4590	-0.0005831123
4591	-0.00072634226
4592	-0.0007268787
4593	-0.00057238346
4594	-0.00048387056
4595	-0.00057613855
4596	-0.00073385244
4597	-0.0007386804
4598	-0.0005857945
4599	-0.00048601633
4600	-0.00056970125
4601	-0.0007193685
4602	-0.00073009735
4603	-0.00058364874
4604	-0.00048762566
4605	-0.00057721144
4606	-0.0007177592
4607	-0.0007204414
4608	-0.00058740383
4609	-0.0004929901
4610	-0.00056970125
4611	-0.0007188321
4612	-0.0007215143
4613	-0.0005654097
4614	-0.0004779697
4615	-0.00056862837
4616	-0.0007241965
4617	-0.0007317067
4618	-0.000581503
4619	-0.000489235
4620	-0.0005739928
4621	-0.0007193685
4622	-0.00071722275
4623	-0.00056862837
4624	-0.00048601633
4625	-0.000571847
4626	-0.0007129312
4627	-0.0007156134
4628	-0.0005777479
4629	-0.00048494345
4630	-0.0005691648
4631	-0.00071990496
4632	-0.00071722275
4633	-0.0005713106
4634	-0.0004752875
4635	-0.00057238346
4636	-0.00071829563
4637	-0.00073385244
4638	-0.00057882076
4639	-0.00048655277
4640	-0.00057989365
4641	-0.0007215143
4642	-0.00072741514
4643	-0.0005933047
4644	-0.00049674517
4645	-0.0005713106
4646	-0.00071990496
4647	-0.0007204414
4648	-0.0005777479
4649	-0.000489235
4650	-0.0005777479
4651	-0.0007279516
4652	-0.00072902447
4653	-0.0005975962
4654	-0.0004945994
4655	-0.0005664826
4656	-0.00070542103
4657	-0.00072634226
4658	-0.000594914
4659	-0.0005010367
4660	-0.0005702377
4661	-0.00071990496
4662	-0.00072634226
4663	-0.00059008604
4664	-0.00048601633
4665	-0.0005713106
4666	-0.0007220507
4667	-0.000738144
4668	-0.0005959869
4669	-0.0004929901
4670	-0.0005702377
4671	-0.0007129312
4672	-0.00073009735
4673	-0.0005895496
4674	-0.0004854799
4675	-0.00057238346
4676	-0.0007113219
4677	-0.0007231236
4678	-0.00059008604
4679	-0.00049406296
4680	-0.00056326395
4681	-0.00071454054
4682	-0.0007252694
4683	-0.0005959869
4684	-0.00049406296
4685	-0.0005691648
4686	-0.0007129312
4687	-0.0007241965
4688	-0.0005756021
4689	-0.00048601633
4690	-0.00056594616
4691	-0.00071990496
4692	-0.0007359982
4693	-0.00059652334
4694	-0.00048118836
4695	-0.0005552173
4696	-0.0007193685
4697	-0.0007317067
4698	-0.0005857945
4699	-0.00047957903
4700	-0.0005562902
4701	-0.0007086397
4702	-0.00072366005
4703	-0.00060027844
4704	-0.00048869854
4705	-0.0005562902
4706	-0.00070542103
4707	-0.0007343889
4708	-0.0006013513
4709	-0.00049406296
4710	-0.0005611182
4711	-0.0007064939
4712	-0.00073117024
4713	-0.0005959869
4714	-0.0004956723
4715	-0.00055575377
4716	-0.00071078545
4717	-0.0007343889
4718	-0.00060296064
4719	-0.00049781805
4720	-0.0005616546
4721	-0.0007252694
4722	-0.000733316
4723	-0.0005975962
4724	-0.0004881621
4725	-0.0005627275
4726	-0.00071078545
4727	-0.00073277956
4728	-0.00060188776
4729	-0.0004983545
4730	-0.00055789953
4731	-0.0007064939
4732	-0.00073546177
4733	-0.00059920555
4734	-0.00048387056
4735	-0.00055789953
4736	-0.0007011295
4737	-0.0007306338
4738	-0.0005959869
4739	-0.00048869854
4740	-0.0005509258
4741	-0.00070166594
4742	-0.0007268787
4743	-0.0006061793
4744	-0.00050157314
4745	-0.0005627275
4746	-0.0007086397
4747	-0.00073653465
4748	-0.0006024242
4749	-0.00047850615
4750	-0.0005509258
4751	-0.00070434815
4752	-0.0007349253
4753	-0.0005986691
4754	-0.00049781805
4755	-0.000558436
4756	-0.0007113219
4757	-0.0007343889
4758	-0.0006061793
4759	-0.0004999638
4760	-0.00055950886
4761	-0.0007091761
4762	-0.0007397533
4763	-0.0006013513
4764	-0.00048869854
4765	-0.0005562902
4766	-0.0007075668
4767	-0.000733316
4768	-0.00060296064
4769	-0.00049406296
4770	-0.0005675555
4771	-0.0007204414
4772	-0.0007397533
4773	-0.0006040335
4774	-0.0004929901
4775	-0.00055950886
4776	-0.0007011295
4777	-0.0007370711
4778	-0.0006013513
4779	-0.00048655277
4780	-0.0005519987
4781	-0.0007064939
4782	-0.0007343889
4783	-0.00060027844
4784	-0.00049674517
4785	-0.0005498529
4786	-0.00069522863
4787	-0.0007317067
4788	-0.0006051064
4789	-0.0004972816
4790	-0.0005616546
4791	-0.0007140041
4792	-0.0007386804
4793	-0.0006013513
4794	-0.00048333412
4795	-0.000553608
4796	-0.0007113219
4797	-0.00073277956
4798	-0.0005922318
4799	-0.00048869854
4800	-0.00056433683
4801	-0.0007075668
4802	-0.0007317067
4803	-0.00060296064
4804	-0.00048708922
4805	-0.0005509258
4806	-0.0006963015
4807	-0.00074136263
4808	-0.00060564285
4809	-0.00049138075
4810	-0.0005509258
4811	-0.0007048846
4812	-0.0007451177
4813	-0.00061583525
4814	-0.000489235
4815	-0.0005573631
4816	-0.00071078545
4817	-0.00073921686
4818	-0.0006110073
4819	-0.0004897714
4820	-0.00054126984
4821	-0.00069791084
4822	-0.00073760754
4823	-0.00060939795
4824	-0.0004935265
4825	-0.0005519987
4826	-0.00069952017
4827	-0.0007268787
4828	-0.00060564285
4829	-0.00049245363
4830	-0.00054395205
4831	-0.00069952017
4832	-0.0007435084
4833	-0.0006099344
4834	-0.0004983545
4835	-0.00055307156
4836	-0.00070327526
4837	-0.0007359982
4838	-0.00061047083
4839	-0.00048601633
4840	-0.00054663426
4841	-0.0006925464
4842	-0.00073117024
4843	-0.0005933047
4844	-0.00048226124
4845	-0.00054019695
4846	-0.00069201
4847	-0.0007317067
4848	-0.00060832506
4849	-0.0004999638
4850	-0.0005423427
4851	-0.00069040066
4852	-0.00072902447
4853	-0.0006051064
4854	-0.00049406296
4855	-0.00054770714
4856	-0.0006909371
4857	-0.00073277956
4858	-0.0006206632
4859	-0.0004983545
4860	-0.00053751474
4861	-0.00070327526
4862	-0.000751555
4863	-0.0006254912
4864	-0.00050318247
4865	-0.0005455614
4866	-0.0007038117
4867	-0.00074136263
4868	-0.00061690813
4869	-0.0004983545
4870	-0.00054287916
4871	-0.00069952017
4872	-0.0007424355
4873	-0.00062227255
4874	-0.0005021096
4875	-0.0005455614
4876	-0.0006984473
4877	-0.00073277956
4878	-0.0006190539
4879	-0.00049674517
4880	-0.0005460978
4881	-0.0006963015
4882	-0.00072902447
4883	-0.0006142259
4884	-0.00049406296
4885	-0.00053483254
4886	-0.0006925464
4887	-0.00073009735
4888	-0.00060939795
4889	-0.00049781805
4890	-0.00053268677
4891	-0.0006769896
4892	-0.0007359982
4893	-0.000617981
4894	-0.0005010367
4895	-0.0005407334
4896	-0.0006957651
4897	-0.00074940926
4898	-0.000617981
4899	-0.0004945994
4900	-0.00053483254
4901	-0.00069683796
4902	-0.00074028975
4903	-0.00062119967
4904	-0.00049030787
4905	-0.00053483254
4906	-0.00069147354
4907	-0.00074028975
4908	-0.00061583525
4909	-0.0004956723
4910	-0.0005316139
4911	-0.00069147354
4912	-0.00074404484
4913	-0.0006152988
4914	-0.0004919172
4915	-0.00054126984
4916	-0.00068771845
4917	-0.0007306338
4918	-0.00062602764
4919	-0.00050801045
4920	-0.00054019695
4921	-0.00069201
4922	-0.00074297196
4923	-0.0006136895
4924	-0.0004919172
4925	-0.0005369783
4926	-0.00069415575
4927	-0.00074404484
4928	-0.00062602764
4929	-0.0005010367
4930	-0.000535369
4931	-0.0006957651
4932	-0.000751555
4933	-0.00064158445
4934	-0.000502646
4935	-0.0005369783
4936	-0.0006855727
4937	-0.0007408262
4938	-0.0006244183
4939	-0.00049674517
4940	-0.0005332232
4941	-0.0006834269
4942	-0.0007295609
4943	-0.0006174446
4944	-0.00049030787
4945	-0.0005321503
4946	-0.0006855727
4947	-0.0007397533
4948	-0.0006254912
4949	-0.0004945994
4950	-0.0005369783
4951	-0.00068771845
4952	-0.0007317067
4953	-0.0006142259
4954	-0.00048762566
4955	-0.00052624947
4956	-0.0006898642
4957	-0.0007424355
4958	-0.0006206632
4959	-0.0004935265
4960	-0.00053375965
4961	-0.00069040066
4962	-0.00074672705
4963	-0.00063782936
4964	-0.0005037189
4965	-0.0005289317
4966	-0.000687182
4967	-0.0007386804
4968	-0.0006206632
4969	-0.0004929901
4970	-0.0005342961
4971	-0.00068879133
4972	-0.00074297196
4973	-0.0006254912
4974	-0.00048869854
4975	-0.0005251766
4976	-0.00069040066
4977	-0.0007386804
4978	-0.00062602764
4979	-0.0004999638
4980	-0.0005241037
4981	-0.00067484385
4982	-0.00073653465
4983	-0.0006367565
4984	-0.0005064011
4985	-0.00053483254
4986	-0.00068664557
4987	-0.0007488728
4988	-0.0006437302
4989	-0.0005128384
4990	-0.000530541
4991	-0.00068020826
4992	-0.0007424355
4993	-0.0006394387
4994	-0.000507474
4995	-0.0005187393
4996	-0.0006726981
4997	-0.00074136263
4998	-0.00063246494
4999	-0.0004972816
5000	-0.00051981217
5001	-0.0006769896
5002	-0.000751555
5003	-0.00062978273
5004	-0.0004962087
5005	-0.0005176664
5006	-0.0006753803
5007	-0.00074565416
5008	-0.00062870985
5009	-0.0004945994
5010	-0.0005224944
5011	-0.00067108875
5012	-0.0007408262
5013	-0.0006485582
5014	-0.00051444775
5015	-0.00052195793
5016	-0.0006716252
5017	-0.0007445813
5018	-0.0006437302
5019	-0.000502646
5020	-0.00052088505
5021	-0.0006796718
5022	-0.0007445813
5023	-0.0006367565
5024	-0.0005037189
5025	-0.0005230308
