0	-0.0010900499
1	-0.0011737348
2	-0.00037711862
3	0.00020062925
4	-0.00023818019
5	-0.001084149
6	-0.0012010933
7	-0.0004001856
8	0.0001909733
9	-0.00025534633
10	-0.0011056067
11	-0.0011925102
12	-0.0003975034
13	0.00019633771
14	-0.00023174289
15	-0.0010734202
16	-0.0011731983
17	-0.000387311
18	0.00020492078
19	-0.00022476914
20	-0.0010680557
21	-0.0011753441
22	-0.00039321187
23	0.0001974106
24	-0.00023657086
25	-0.0010927321
26	-0.001199484
27	-0.00040984157
28	0.0001909733
29	-0.00022852424
30	-0.0010750295
31	-0.0011989475
32	-0.0004135967
33	0.00017488004
34	-0.00022745135
35	-0.001061082
36	-0.0011731983
37	-0.0003846288
38	0.00020974877
39	-0.00020277502
40	-0.0010600091
41	-0.0011941196
42	-0.00041413313
43	0.00020277502
44	-0.00022101405
45	-0.0010739566
46	-0.0011882187
47	-0.00039589408
48	0.00020813945
49	-0.00021404031
50	-0.0010787846
51	-0.0012150408
52	-0.00043344504
53	0.00018131734
54	-0.00022369626
55	-0.0010685922
56	-0.0012016298
57	-0.00041681534
58	0.00019955637
59	-0.00020706657
60	-0.0010643007
61	-0.0011973382
62	-0.00040930512
63	0.00021672252
64	-0.00018936397
65	-0.0010358692
66	-0.0011839272
67	-0.0004001856
68	0.00021886828
69	-0.00019150974
70	-0.0010573269
71	-0.0012000204
72	-0.00041413313
73	0.00021189454
74	-0.00019526483
75	-0.0010535718
76	-0.0011957289
77	-0.00042808062
78	0.00018507244
79	-0.0002177954
80	-0.0010761024
81	-0.0012161137
82	-0.00042593485
83	0.00020813945
84	-0.00019901992
85	-0.0010643007
86	-0.0012241603
87	-0.00043720013
88	0.00019794704
89	-0.00018936397
90	-0.0010535718
91	-0.001212895
92	-0.00043237215
93	0.00020813945
94	-0.00017112495
95	-0.0010406972
96	-0.0012027026
97	-0.00041842466
98	0.00021243098
99	-0.00017273428
100	-0.0010353328
101	-0.0012021662
102	-0.00043076283
103	0.00020438434
104	-0.0001807809
105	-0.0010460616
106	-0.0012220145
107	-0.00046348578
108	0.00017595293
109	-0.00019901992
110	-0.0010551811
111	-0.0012118221
112	-0.00042861706
113	0.00021404031
114	-0.0001577139
115	-0.0010337235
116	-0.0012171866
117	-0.00044363743
118	0.00020331146
119	-0.00017005207
120	-0.0010321141
121	-0.0012102128
122	-0.000443101
123	0.00018346311
124	-0.00018829109
125	-0.0010433794
126	-0.0012145044
127	-0.000443101
128	0.0001872182
129	-0.00019419195
130	-0.001061082
131	-0.0012305976
132	-0.00044739252
133	0.00020277502
134	-0.00017541648
135	-0.0010433794
136	-0.0012268425
137	-0.00046831375
138	0.00017863513
139	-0.00018292667
140	-0.0010423065
141	-0.0012182595
142	-0.0004624129
143	0.0001872182
144	-0.00017273428
145	-0.0010310413
146	-0.0012166501
147	-0.00047582394
148	0.00016039611
149	-0.00019955637
150	-0.0010423065
151	-0.0012236239
152	-0.00047689682
153	0.00016629697
154	-0.0001807809
155	-0.0010439159
156	-0.0012338163
157	-0.00048333412
158	0.00015717746
159	-0.0001872182
160	-0.0010294319
161	-0.0012107493
162	-0.00046724087
163	0.00018292667
164	-0.00016951562
165	-0.0010170938
166	-0.0012053848
167	-0.00045973068
168	0.00019526483
169	-0.00015932323
170	-0.0010165573
171	-0.001208067
172	-0.0004677773
173	0.00017273428
174	-0.00016736986
175	-0.0010305048
176	-0.001235962
177	-0.00048226124
178	0.00018185379
179	-0.00015878679
180	-0.0010176302
181	-0.0012236239
182	-0.00048494345
183	0.00017219783
184	-0.00016576053
185	-0.0010192395
186	-0.0012198688
187	-0.0004779697
188	0.00018829109
189	-0.0001550317
190	-0.0010235311
191	-0.0012241603
192	-0.00047582394
193	0.00018131734
194	-0.00015395881
195	-0.0010154844
196	-0.0012397171
197	-0.00049138075
198	0.00018185379
199	-0.00014322998
200	-0.0009999276
201	-0.0012295247
202	-0.0004935265
203	0.00017756225
204	-0.0001577139
205	-0.0010321141
206	-0.0012488366
207	-0.0005101562
208	0.00016951562
209	-0.00014162065
210	-0.0010074378
211	-0.0012348891
212	-0.0004956723
213	0.00018829109
214	-0.00013625623
215	-0.001001537
216	-0.0012289883
217	-0.0004929901
218	0.00017863513
219	-0.0001255274
220	-0.0009811522
221	-0.0012155772
222	-0.00048869854
223	0.00019901992
224	-0.00011855365
225	-0.0010020734
226	-0.0012402536
227	-0.00051552063
228	0.00017648937
229	-0.00013250114
230	-0.0010042192
231	-0.0012429358
232	-0.0005128384
233	0.00017380716
234	-0.00014162065
235	-0.001019776
236	-0.0012413264
237	-0.0004983545
238	0.0001936555
239	-0.00011694433
240	-0.0010010005
241	-0.0012493731
242	-0.00051444775
243	0.00018131734
244	-0.0001282096
245	-0.0010026098
246	-0.0012450815
247	-0.00052088505
248	0.00018185379
249	-0.000116407886
250	-0.0009865166
251	-0.0012397171
252	-0.00051981217
253	0.00017541648
254	-0.00012713672
255	-0.0010133387
256	-0.0012702943
257	-0.000530541
258	0.00017488004
259	-0.000113189235
260	-0.0009924175
261	-0.0012418629
262	-0.0005058647
263	0.00017541648
264	-0.00012928249
265	-0.0009983183
266	-0.0012627841
267	-0.00052732235
268	0.0001909733
269	-0.00008636714
270	-0.0009677411
271	-0.0012434722
272	-0.0005176664
273	0.00018131734
274	-0.00012499095
275	-0.0010128022
276	-0.0012815596
277	-0.0005519987
278	0.0001577139
279	-0.00012123586
280	-0.0009988548
281	-0.0012606384
282	-0.0005396605
283	0.0001641512
284	-0.00011855365
285	-0.0009902717
286	-0.0012423993
287	-0.0005165935
288	0.00019258262
289	-0.00009548665
290	-0.0009779335
291	-0.0012606384
292	-0.0005418063
293	0.00018507244
294	-0.00009012223
295	-0.0009714962
296	-0.0012440087
297	-0.0005230308
298	0.00018399955
299	-0.00010836126
300	-0.0009849073
301	-0.0012745858
302	-0.00055789953
303	0.00016093256
304	-0.00011104347
305	-0.0009843708
306	-0.0012660028
307	-0.0005509258
308	0.00016093256
309	-0.00010567905
310	-0.0009827615
311	-0.0012649299
312	-0.00054770714
313	0.00016307832
314	-0.00009709597
315	-0.00097417843
316	-0.0012536646
317	-0.0005278588
318	0.00018507244
319	-0.00008690358
320	-0.0009677411
321	-0.0012552739
322	-0.0005423427
323	0.00017219783
324	-0.000097632415
325	-0.0009661318
326	-0.0012584926
327	-0.0005589724
328	0.00015342237
329	-0.00010246039
330	-0.0009972454
331	-0.001277268
332	-0.00054931646
333	0.00016307832
334	-0.000100314624
335	-0.00097203266
336	-0.0012627841
337	-0.0005552173
338	0.00017058851
339	-0.00009065867
340	-0.00097417843
341	-0.0012627841
342	-0.0005654097
343	0.00017112495
344	-0.000068128116
345	-0.0009495021
346	-0.001254201
347	-0.00055146223
348	0.00016307832
349	-0.00008636714
350	-0.000968814
351	-0.0012719036
352	-0.00056970125
353	0.00015985967
354	-0.00008690358
355	-0.00096666825
356	-0.0012799503
357	-0.0005922318
358	0.0001448393
359	-0.00009012223
360	-0.00096023094
361	-0.0012681485
362	-0.00057238346
363	0.00015234949
364	-0.00008368493
365	-0.0009677411
366	-0.0012617112
367	-0.00055038935
368	0.00018239023
369	-0.0000627637
370	-0.0009393097
371	-0.0012525917
372	-0.00056594616
373	0.00015234949
374	-0.00008797646
375	-0.00097847
376	-0.0012863876
377	-0.0006013513
378	0.00012016298
379	-0.000104069724
380	-0.0009709598
381	-0.0012724401
382	-0.0006024242
383	0.000115871444
384	-0.00010836126
385	-0.0009661318
386	-0.001263857
387	-0.0006072522
388	0.00009495021
389	-0.00011748077
390	-0.00092053425
391	-0.0012102128
392	-0.00061047083
393	0.000029504303
394	-0.0001743436
395	-0.0008980037
396	-0.0011313559
397	-0.000571847
398	-0.0000053644185
399	-0.00022101405
400	-0.0009022952
401	-0.0010943414
402	-0.00053483254
403	0.000011265279
404	-0.00020062925
405	-0.00086045277
406	-0.0010600091
407	-0.00052732235
408	0.000012338162
409	-0.00019687416
410	-0.00088083756
411	-0.0011029245
412	-0.0005455614
413	-0.0000010728837
414	-0.00022315982
415	-0.0009006859
416	-0.001107216
417	-0.0005654097
418	-0.000023067
419	-0.00023067
420	-0.0008926393
421	-0.0011034609
422	-0.0005471707
423	-0.000009655953
424	-0.00022476914
425	-0.00087547314
426	-0.0010873677
427	-0.0005638004
428	-0.00002574921
429	-0.00024247172
430	-0.0009264351
431	-0.001125455
432	-0.00057238346
433	-0.000020921232
434	-0.00021511319
435	-0.0008797647
436	-0.0010927321
437	-0.000553608
438	-0.000007510186
439	-0.00020867589
440	-0.0008803011
441	-0.001102388
442	-0.00055575377
443	-0.000004291535
444	-0.00019955637
445	-0.0008695723
446	-0.0010830761
447	-0.00054878
448	-0.0000144839305
449	-0.00021940473
450	-0.000876546
451	-0.0011050702
452	-0.0005750657
453	-0.000026285652
454	-0.00023174289
455	-0.00089102995
456	-0.0011152626
457	-0.0005879403
458	-0.00003165007
459	-0.00021350387
460	-0.00088351977
461	-0.0011157991
462	-0.0005804301
463	-0.000028967861
464	-0.00021618608
465	-0.0008738638
466	-0.0010932685
467	-0.00057238346
468	-0.000012338162
469	-0.00020599368
470	-0.000876546
471	-0.0010954143
472	-0.00057238346
473	-0.00002574921
474	-0.00020223857
475	-0.0008776189
476	-0.0011190177
477	-0.0005804301
478	-0.000023603441
479	-0.00021940473
480	-0.00088566553
481	-0.0011195542
482	-0.0005879403
483	-0.000027894977
484	-0.00021404031
485	-0.00088191044
486	-0.0011190177
487	-0.0005793572
488	-0.000016629698
489	-0.00020223857
490	-0.0008647443
491	-0.0010905863
492	-0.0005664826
493	-0.000009119512
494	-0.00019526483
495	-0.0008776189
496	-0.001120627
497	-0.0005975962
498	-0.000027894977
499	-0.00019633771
500	-0.00088191044
501	-0.0011190177
502	-0.00059652334
503	-0.00004076958
504	-0.00021672252
505	-0.0008824469
506	-0.0011157991
507	-0.0005933047
508	-0.00002038479
509	-0.00018829109
510	-0.00086420786
511	-0.0011061431
512	-0.0005884767
513	-0.000037014488
514	-0.00020921233
515	-0.00085884344
516	-0.0011018516
517	-0.00057613855
518	-0.000027358536
519	-0.00019472839
520	-0.00084328663
521	-0.0010879041
522	-0.00057452923
523	-0.000020921232
524	-0.000184536
525	-0.00085133326
526	-0.0011174084
527	-0.00060027844
528	-0.000042915348
529	-0.00019901992
530	-0.0008620621
531	-0.0011233093
532	-0.00059920555
533	-0.000022530558
534	-0.0001909733
535	-0.00086152565
536	-0.0011179448
537	-0.00060456997
538	-0.000038623813
539	-0.0001807809
540	-0.0008363129
541	-0.0010830761
542	-0.0005627275
543	0.00000858307
544	-0.00015717746
545	-0.0008325578
546	-0.0010884405
547	-0.0005831123
548	-0.000023603441
549	-0.0001807809
550	-0.0008389951
551	-0.0011115075
552	-0.0006072522
553	-0.00003111363
554	-0.00019848348
555	-0.00088566553
556	-0.0011335016
557	-0.00062334543
558	-0.000052034862
559	-0.00019204618
560	-0.00085401547
561	-0.0011243821
562	-0.0006152988
563	-0.000042378906
564	-0.00017541648
565	-0.0008229018
566	-0.0010900499
567	-0.000581503
568	-0.00000858307
569	-0.00014966728
570	-0.0008363129
571	-0.0011002423
572	-0.00058257586
573	-0.000024676325
574	-0.0001679063
575	-0.0008314849
576	-0.0011147262
577	-0.00061690813
578	-0.000041842464
579	-0.00018185379
580	-0.00083738577
581	-0.0010980965
582	-0.00060671574
583	-0.000050425533
584	-0.00018829109
585	-0.0008443595
586	-0.0011227728
587	-0.00062602764
588	-0.000050425533
589	-0.00017273428
590	-0.0008336307
591	-0.001107216
592	-0.00061047083
593	-0.00003755093
594	-0.00016844274
595	-0.00082933914
596	-0.0011088253
597	-0.00060832506
598	-0.00004076958
599	-0.00017327072
600	-0.000840068
601	-0.0011249186
602	-0.0006330014
603	-0.000048816208
604	-0.00018399955
605	-0.0008389951
606	-0.0011292101
607	-0.0006405116
608	-0.000048279766
609	-0.00017917158
610	-0.00084757817
611	-0.0011233093
612	-0.0006303192
613	-0.000042378906
614	-0.00016576053
615	-0.0008336307
616	-0.0011125804
617	-0.0006217361
618	-0.00003433228
619	-0.00015395881
620	-0.0008239747
621	-0.0011152626
622	-0.000617981
623	-0.000026285652
624	-0.00015610458
625	-0.0008438231
626	-0.0011377932
627	-0.00064533955
628	-0.00005418063
629	-0.00017756225
630	-0.00082933914
631	-0.0011190177
632	-0.0006448031
633	-0.000061690815
634	-0.000184536
635	-0.0008336307
636	-0.0011216999
637	-0.00062602764
638	-0.000035405163
639	-0.00014805795
640	-0.00080680853
641	-0.0011179448
642	-0.00063782936
643	-0.00004398823
644	-0.00015556814
645	-0.00081110006
646	-0.001093805
647	-0.00061476236
648	-0.000032722954
649	-0.00014913084
650	-0.00081753737
651	-0.0011324288
652	-0.0006566048
653	-0.00006651879
654	-0.00017273428
655	-0.0008325578
656	-0.0011383296
657	-0.0006630421
658	-0.000052571304
659	-0.00015395881
660	-0.00082129246
661	-0.0011179448
662	-0.0006217361
663	-0.000030577186
664	-0.00014591218
665	-0.0007998348
666	-0.0011082889
667	-0.0006238819
668	-0.000027894977
669	-0.00014162065
670	-0.00080841786
671	-0.001130283
672	-0.0006662608
673	-0.00007241965
674	-0.00016200544
675	-0.00081592804
676	-0.001130283
677	-0.0006630421
678	-0.00006115437
679	-0.00015074016
680	-0.0008271934
681	-0.0011431576
682	-0.0006614328
683	-0.00006115437
684	-0.00015985967
685	-0.0008105636
686	-0.0011233093
687	-0.00064265734
688	-0.00004076958
689	-0.00015234949
690	-0.00081110006
691	-0.0011276008
692	-0.0006625057
693	-0.00005471707
694	-0.00015234949
695	-0.00081110006
696	-0.0011195542
697	-0.0006539226
698	-0.000059008606
699	-0.0001512766
700	-0.00081324583
701	-0.0011329652
702	-0.00067484385
703	-0.00007241965
704	-0.00014698507
705	-0.0008014441
706	-0.0011308194
707	-0.00066572434
708	-0.00005739928
709	-0.00014913084
710	-0.00080680853
711	-0.001130283
712	-0.00066357857
713	-0.000048816208
714	-0.00013411047
715	-0.00078642374
716	-0.001107216
717	-0.0006587506
718	-0.00005418063
719	-0.00013035537
720	-0.0007869602
721	-0.0011190177
722	-0.00065928703
723	-0.000055789955
724	-0.00014322998
725	-0.0007874966
726	-0.0011249186
727	-0.00067484385
728	-0.00007241965
729	-0.00014698507
730	-0.00080466276
731	-0.0011313559
732	-0.00067001587
733	-0.00007617474
734	-0.0001448393
735	-0.0007971526
736	-0.0011222364
737	-0.00066572434
738	-0.00005686284
739	-0.00012284519
740	-0.00078642374
741	-0.0011259915
742	-0.00069040066
743	-0.00008153916
744	-0.0001255274
745	-0.00078266865
746	-0.0011356474
747	-0.0006791354
748	-0.000056326397
749	-0.00012284519
750	-0.0007874966
751	-0.0011394025
752	-0.00068771845
753	-0.00008046628
754	-0.00014698507
755	-0.00080466276
756	-0.0011361839
757	-0.00068020826
758	-0.000073492534
759	-0.00014322998
760	-0.0007923246
761	-0.001130283
762	-0.0006898642
763	-0.000074028976
764	-0.00011962654
765	-0.000774622
766	-0.0011163355
767	-0.00068235403
768	-0.000056326397
769	-0.00010246039
770	-0.00076872116
771	-0.0011222364
772	-0.00069040066
773	-0.000085830696
774	-0.00014537574
775	-0.000802517
776	-0.0011469127
777	-0.0007048846
778	-0.00009495021
779	-0.00014805795
780	-0.00080573565
781	-0.00115335
782	-0.0007000566
783	-0.00007456542
784	-0.00012606384
785	-0.000761211
786	-0.0011109711
787	-0.00067591673
788	-0.00006651879
789	-0.00011372568
790	-0.0007628203
791	-0.0011243821
792	-0.0006973744
793	-0.00007241965
794	-0.00011211635
795	-0.0007655025
796	-0.0011356474
797	-0.0006989837
798	-0.00009334088
799	-0.0001485944
800	-0.00079286104
801	-0.0011318923
802	-0.00069308287
803	-0.000085830696
804	-0.00014698507
805	-0.0007960797
806	-0.0011576415
807	-0.00072902447
808	-0.000110507026
809	-0.0001319647
810	-0.0007681847
811	-0.0011356474
812	-0.0006963015
813	-0.00006651879
814	-0.00009977818
815	-0.0007537008
816	-0.0011313559
817	-0.00070703035
818	-0.000073492534
819	-0.000104069724
820	-0.00075584656
821	-0.0011249186
822	-0.0006957651
823	-0.000070810325
824	-0.00010943414
825	-0.0007703305
826	-0.0011222364
827	-0.00068664557
828	-0.00008153916
829	-0.00011855365
830	-0.00077140337
831	-0.0011447669
832	-0.0007177592
833	-0.00008314849
834	-0.00010943414
835	-0.00075423723
836	-0.0011233093
837	-0.00069415575
838	-0.000082612045
839	-0.000104069724
840	-0.00075423723
841	-0.0011286737
842	-0.0007059575
843	-0.000085830696
844	-0.00010675193
845	-0.00075048214
846	-0.0011190177
847	-0.0007011295
848	-0.00007885695
849	-0.00011157991
850	-0.000761211
851	-0.0011383296
852	-0.00071185833
853	-0.00009065867
854	-0.00011748077
855	-0.0007719398
856	-0.0011528136
857	-0.0007359982
858	-0.00010138751
859	-0.00011372568
860	-0.00076228386
861	-0.0011361839
862	-0.00072473293
863	-0.00010836126
864	-0.00011748077
865	-0.00075316435
866	-0.0011318923
867	-0.0007140041
868	-0.00008690358
869	-0.00008744002
870	-0.0007359982
871	-0.0011265279
872	-0.00072258717
873	-0.0000987053
874	-0.00011748077
875	-0.00074940926
876	-0.0011286737
877	-0.0007279516
878	-0.00010836126
879	-0.00012069942
880	-0.0007628203
881	-0.0011474491
882	-0.0007397533
883	-0.000104069724
884	-0.000110507026
885	-0.0007451177
886	-0.0011415483
887	-0.0007343889
888	-0.00009548665
889	-0.00009709597
890	-0.00073277956
891	-0.0011045338
892	-0.0006984473
893	-0.00007832051
894	-0.000100314624
895	-0.0007445813
896	-0.0011270643
897	-0.00071829563
898	-0.000091731556
899	-0.000100314624
900	-0.0007461906
901	-0.0011420847
902	-0.0007424355
903	-0.000109970584
904	-0.00012069942
905	-0.0007644296
906	-0.001143694
907	-0.000728488
908	-0.00008100272
909	-0.00008958579
910	-0.0007343889
911	-0.0011377932
912	-0.00072634226
913	-0.000100314624
914	-0.00010836126
915	-0.0007317067
916	-0.0011216999
917	-0.00071829563
918	-0.0000756383
919	-0.00007617474
920	-0.0007220507
921	-0.0011377932
922	-0.00074672705
923	-0.00011104347
924	-0.000092268
925	-0.00072366005
926	-0.0011377932
927	-0.0007547737
928	-0.0001282096
929	-0.00011855365
930	-0.0007547737
931	-0.0011458398
932	-0.0007488728
933	-0.00012123586
934	-0.00010836126
935	-0.000733316
936	-0.0011335016
937	-0.0007472635
938	-0.00010943414
939	-0.00008368493
940	-0.00070810324
941	-0.0011216999
942	-0.0007386804
943	-0.000091731556
944	-0.000082612045
945	-0.00072258717
946	-0.0011313559
947	-0.000751555
948	-0.00011855365
949	-0.00008904935
950	-0.00072097784
951	-0.0011367203
952	-0.0007719398
953	-0.00012606384
954	-0.000100314624
955	-0.0007370711
956	-0.0011404754
957	-0.0007461906
958	-0.00010621549
959	-0.00008636714
960	-0.00072473293
961	-0.0011458398
962	-0.00076872116
963	-0.00012713672
964	-0.000097632415
965	-0.0007193685
966	-0.0011270643
967	-0.00074404484
968	-0.000110507026
969	-0.00008690358
970	-0.0007059575
971	-0.0011136533
972	-0.0007418991
973	-0.00010246039
974	-0.00008368493
975	-0.00071454054
976	-0.0011410118
977	-0.0007681847
978	-0.0001255274
979	-0.0000987053
980	-0.00071990496
981	-0.0011340381
982	-0.00075960165
983	-0.00012874605
984	-0.000104069724
985	-0.00072902447
986	-0.0011404754
987	-0.0007617474
988	-0.00012016298
989	-0.00007241965
990	-0.0006963015
991	-0.0011152626
992	-0.00075048214
993	-0.00010514261
994	-0.000067591674
995	-0.00070434815
996	-0.0011308194
997	-0.00075316435
998	-0.00010675193
999	-0.00007617474
1000	-0.00070703035
1001	-0.0011318923
1002	-0.0007719398
1003	-0.0001282096
1004	-0.000094413765
1005	-0.0007241965
1006	-0.0011458398
1007	-0.00077730423
1008	-0.00014430286
1009	-0.00009495021
1010	-0.00070971256
1011	-0.0011404754
1012	-0.0007703305
1013	-0.000121772304
1014	-0.00007295609
1015	-0.00069147354
1016	-0.0011184813
1017	-0.00075691944
1018	-0.00011426212
1019	-0.000069201
1020	-0.00069415575
1021	-0.0011313559
1022	-0.00076335674
1023	-0.000121772304
1024	-0.00007188321
1025	-0.00070059305
1026	-0.0011431576
1027	-0.000784278
1028	-0.0001512766
1029	-0.000104069724
1030	-0.00071722275
1031	-0.0011506678
1032	-0.0008041263
1033	-0.00014537574
1034	-0.00008153916
1035	-0.00068503624
1036	-0.001120627
1037	-0.0007730127
1038	-0.00011855365
1039	-0.000055789955
1040	-0.0006764532
1041	-0.0011200906
1042	-0.000774622
1043	-0.000121772304
1044	-0.000052034862
1045	-0.0006603599
1046	-0.0011018516
1047	-0.0007638932
1048	-0.00012284519
1049	-0.000068128116
1050	-0.0006936193
1051	-0.0011410118
1052	-0.00080466276
1053	-0.00016039611
1054	-0.00009334088
1055	-0.0007075668
1056	-0.0011571051
1057	-0.00080680853
1058	-0.00015825035
1059	-0.00008904935
1060	-0.00069147354
1061	-0.0011367203
1062	-0.0007869602
1063	-0.00011855365
1064	-0.00005418063
1065	-0.0006726981
1066	-0.001120627
1067	-0.0007810593
1068	-0.00011479856
1069	-0.000053107746
1070	-0.0006769896
1071	-0.0011174084
1072	-0.0007719398
1073	-0.0001255274
1074	-0.000069201
1075	-0.0006925464
1076	-0.0011394025
1077	-0.00080573565
1078	-0.00017219783
1079	-0.000094413765
1080	-0.00069522863
1081	-0.0011415483
1082	-0.0007998348
1083	-0.00015234949
1084	-0.0000820756
1085	-0.00068235403
1086	-0.0011265279
1087	-0.00078803307
1088	-0.00013357402
1089	-0.000046134
1090	-0.0006549955
1091	-0.0011200906
1092	-0.00077998644
1093	-0.000121772304
1094	-0.00004988909
1095	-0.00066089636
1096	-0.0011238457
1097	-0.0007923246
1098	-0.00014591218
1099	-0.00006061793
1100	-0.0006716252
1101	-0.0011340381
1102	-0.00080305344
1103	-0.0001641512
1104	-0.0000756383
1105	-0.0006780625
1106	-0.0011345745
1107	-0.00079178816
1108	-0.0001319647
1109	-0.000058472164
1110	-0.00066196924
1111	-0.0011270643
1112	-0.00081110006
1113	-0.00014322998
1114	-0.000047743324
1115	-0.0006630421
1116	-0.0011356474
1117	-0.0007971526
1118	-0.00014269353
1119	-0.000052034862
1120	-0.00064802176
1121	-0.0011179448
1122	-0.0008035899
1123	-0.00016307832
1124	-0.00007295609
1125	-0.0006796718
1126	-0.0011383296
1127	-0.0008191467
1128	-0.0001577139
1129	-0.00006544591
1130	-0.00065821415
1131	-0.0011281372
1132	-0.0008100272
1133	-0.00015395881
1134	-0.00006115437
1135	-0.0006705523
1136	-0.0011463762
1137	-0.00082558405
1138	-0.00015610458
1139	-0.00005686284
1140	-0.000668943
1141	-0.0011281372
1142	-0.0008035899
1143	-0.0001512766
1144	-0.00005418063
1145	-0.0006630421
1146	-0.0011184813
1147	-0.00080573565
1148	-0.00016200544
1149	-0.000056326397
1150	-0.0006576777
1151	-0.0011426212
1152	-0.0008336307
1153	-0.0001550317
1154	-0.000048816208
1155	-0.0006523133
1156	-0.0011377932
1157	-0.0008325578
1158	-0.00017863513
1159	-0.000059008606
1160	-0.0006431938
1161	-0.0011190177
1162	-0.00081217295
1163	-0.00015020372
1164	-0.00003433228
1165	-0.0006356836
1166	-0.0011233093
1167	-0.00081753737
1168	-0.0001641512
1169	-0.000048816208
1170	-0.0006346107
1171	-0.0011335016
1172	-0.00084328663
1173	-0.00018560888
1174	-0.000068128116
1175	-0.00065445906
1176	-0.0011377932
1177	-0.00082665693
1178	-0.00016200544
1179	-0.000048816208
1180	-0.0006469489
1181	-0.001139939
1182	-0.00084221375
1183	-0.00017219783
1184	-0.000047743324
1185	-0.0006367565
1186	-0.0011088253
1187	-0.0008089543
1188	-0.00015932323
1189	-0.000038623813
1190	-0.00061583525
1191	-0.0011061431
1192	-0.00081592804
1193	-0.00014054777
1194	-0.000011265279
1195	-0.0006099344
1196	-0.0011088253
1197	-0.0008218289
1198	-0.00015932323
1199	-0.000048279766
1200	-0.0006394387
1201	-0.0011276008
1202	-0.0008277298
1203	-0.00015932323
1204	-0.000035941604
1205	-0.0006335378
1206	-0.0011136533
1207	-0.00083738577
1208	-0.00020062925
1209	-0.00006115437
1210	-0.00063407427
1211	-0.0011286737
1212	-0.0008379222
1213	-0.00017541648
1214	-0.000046134
1215	-0.00063246494
1216	-0.001116872
1217	-0.0008416773
1218	-0.00016254188
1219	-0.000024676325
1220	-0.0006110073
1221	-0.0011056067
1222	-0.00082558405
1223	-0.0001780987
1224	-0.000039696697
1225	-0.00062334543
1226	-0.0011249186
1227	-0.0008470417
1228	-0.00018292667
1229	-0.000046134
1230	-0.00062978273
1231	-0.0011141897
1232	-0.00084328663
1233	-0.00018292667
1234	-0.00004023314
1235	-0.0006190539
1236	-0.0011184813
1237	-0.0008502604
1238	-0.00018346311
1239	-0.000027894977
1240	-0.0006040335
1241	-0.0011093618
1242	-0.0008416773
1243	-0.00018024446
1244	-0.00002843142
1245	-0.00060671574
1246	-0.0011174084
1247	-0.0008481146
1248	-0.00020706657
1249	-0.000042378906
1250	-0.0006013513
1251	-0.0011077524
1252	-0.0008481146
1253	-0.0001909733
1254	-0.00003218651
1255	-0.0006110073
1256	-0.0011222364
1257	-0.0008684994
1258	-0.00020170213
1259	-0.000037014488
1260	-0.00060188776
1261	-0.0011152626
1262	-0.0008593799
1263	-0.00019955637
1264	-0.000030577186
1265	-0.00061047083
1266	-0.0011249186
1267	-0.0008529426
1268	-0.00018829109
1269	-0.000030040745
1270	-0.00060456997
1271	-0.0011152626
1272	-0.0008711816
1273	-0.00019848348
1274	-0.000038623813
1275	-0.0005975962
1276	-0.0011034609
1277	-0.0008749367
1278	-0.00020813945
1279	-0.000033259395
1280	-0.00061047083
1281	-0.001130283
1282	-0.0008797647
1283	-0.00020545723
1284	-0.00003165007
1285	-0.0005933047
1286	-0.0011216999
1287	-0.00087440026
1288	-0.00020653012
1289	-0.000042378906
1290	-0.00060456997
1291	-0.001120627
1292	-0.0008722545
1293	-0.00019955637
1294	-0.000022530558
1295	-0.00058740383
1296	-0.0011082889
1297	-0.00085508835
1298	-0.00020170213
1299	-0.000035941604
1300	-0.0005933047
1301	-0.001120627
1302	-0.00088727486
1303	-0.00023013356
1304	-0.000041306022
1305	-0.00059920555
1306	-0.0011329652
1307	-0.0008894206
1308	-0.00020974877
1309	-0.000030040745
1310	-0.0005943776
1311	-0.0011211635
1312	-0.00086420786
1313	-0.0001909733
1314	-0.000009655953
1315	-0.0005713106
1316	-0.0010895134
1317	-0.00085777056
1318	-0.00019955637
1319	-0.000025212767
1320	-0.0005777479
1321	-0.001102388
1322	-0.0008888842
1323	-0.00022691491
1324	-0.000030577186
1325	-0.00058257586
1326	-0.0011243821
1327	-0.0008888842
1328	-0.00022315982
1329	-0.00003433228
1330	-0.0005959869
1331	-0.0011324288
1332	-0.00089371216
1333	-0.00022959712
1334	-0.00003808737
1335	-0.00059545046
1336	-0.0011286737
1337	-0.00090122235
1338	-0.00023657086
1339	-0.000033259395
1340	-0.0005906225
1341	-0.0011190177
1342	-0.0008931757
1343	-0.00022745135
1344	-0.000042378906
1345	-0.0005820394
1346	-0.0010980965
1347	-0.00088566553
1348	-0.00022208694
1349	-0.000019848349
1350	-0.00057077414
1351	-0.0011115075
1352	-0.0008942486
1353	-0.00023281577
1354	-0.000037014488
1355	-0.00058096653
1356	-0.0011222364
1357	-0.0009071232
1358	-0.00023818019
1359	-0.00003433228
1360	-0.00058096653
1361	-0.0011216999
1362	-0.000899613
1363	-0.0002279878
1364	-0.000030040745
1365	-0.0005680919
1366	-0.0010873677
1367	-0.00086528074
1368	-0.00020974877
1369	-0.000011801721
1370	-0.0005702377
1371	-0.0011061431
1372	-0.0009060503
1373	-0.00023657086
1374	-0.000018239023
1375	-0.0005680919
1376	-0.0011088253
1377	-0.0008942486
1378	-0.00022852424
1379	-0.000023603441
1380	-0.0005691648
1381	-0.0011098982
1382	-0.0009071232
1383	-0.00025212768
1384	-0.000024139883
1385	-0.00055682665
1386	-0.0011034609
1387	-0.00090390455
1388	-0.00023603442
1389	-0.000027358536
1390	-0.0005611182
1391	-0.0010943414
1392	-0.0008915664
1393	-0.00022906068
1394	-0.000013411047
1395	-0.0005627275
1396	-0.0011115075
1397	-0.00090658676
1398	-0.00023978952
1399	-0.000026285652
1400	-0.0005680919
1401	-0.0011045338
1402	-0.0009022952
1403	-0.00024890903
1404	-0.000027894977
1405	-0.0005675555
1406	-0.0011163355
1407	-0.00093072664
1408	-0.00026875737
1409	-0.00003808737
1410	-0.00056433683
1411	-0.0011184813
1412	-0.0009393097
1413	-0.00027143958
1414	-0.000035941604
1415	-0.00056058174
1416	-0.0011056067
1417	-0.00091409695
1418	-0.00023978952
1419	-0.000018239023
1420	-0.00055682665
1421	-0.0011125804
1422	-0.00092053425
1423	-0.0002446175
1424	-0.00002574921
1425	-0.000558436
1426	-0.0011104346
1427	-0.00094091904
1428	-0.00027573112
1429	-0.000035405163
1430	-0.0005627275
1431	-0.0011259915
1432	-0.0009414555
1433	-0.00027734044
1434	-0.000030040745
1435	-0.0005423427
1436	-0.00109756
1437	-0.0009317995
1438	-0.00026071075
1439	-0.00000858307
1440	-0.00052356726
1441	-0.0010879041
1442	-0.0009189249
1443	-0.0002601743
1444	-0.000016629698
1445	-0.00053644186
1446	-0.0011002423
1447	-0.00091785204
1448	-0.00024890903
1449	-0.00000858307
1450	-0.0005385876
1451	-0.0011147262
1452	-0.0009430648
1453	-0.0002703667
1454	-0.000018239023
1455	-0.00053483254
1456	-0.0010927321
1457	-0.0009285809
1458	-0.00028270486
1459	-0.00004398823
1460	-0.00054287916
1461	-0.0010964872
1462	-0.00094252836
1463	-0.0002703667
1464	-0.000013947489
1465	-0.0005294681
1466	-0.0010857583
1467	-0.0009060503
1468	-0.00024676326
1469	-0.000009119512
1470	-0.000530541
1471	-0.0010986329
1472	-0.00093448174
1473	-0.0002730489
1474	-0.000020921232
1475	-0.000530541
1476	-0.0010927321
1477	-0.00093340885
1478	-0.00026822093
1479	-0.000011801721
1480	-0.0005176664
1481	-0.0010927321
1482	-0.00093823683
1483	-0.00028216842
1484	-0.000019848349
1485	-0.00052356726
1486	-0.0010932685
1487	-0.00093984616
1488	-0.0002730489
1489	-0.000010192395
1490	-0.0005192757
1491	-0.0010954143
1492	-0.00094896567
1493	-0.00026983026
1494	-0.00000053644186
1495	-0.0005128384
1496	-0.0010868312
1497	-0.0009317995
1498	-0.0002692938
1499	-0.00000858307
1500	-0.00051176554
1501	-0.0010820032
1502	-0.0009328724
1503	-0.0002794862
1504	-0.000019311907
1505	-0.00052624947
1506	-0.0011007787
1507	-0.00096398604
1508	-0.00030040744
1509	-0.00001716614
1510	-0.00051069265
1511	-0.0010900499
1512	-0.00094896567
1513	-0.0002794862
1514	-0.0000032186513
1515	-0.0005047918
1516	-0.0010814668
1517	-0.00093448174
1518	-0.0002564192
1519	0.000015556814
1520	-0.00047957903
1521	-0.0010600091
1522	-0.00094467413
1523	-0.00029450658
1524	-0.000023067
1525	-0.0005165935
1526	-0.0011088253
1527	-0.0009795428
1528	-0.0003089905
1529	-0.000015556814
1530	-0.0005021096
1531	-0.0010964872
1532	-0.0009607674
1533	-0.0002961159
1534	-0.000013947489
1535	-0.00050801045
1536	-0.0010900499
1537	-0.0009532572
1538	-0.0002934337
1539	-0.000019311907
1540	-0.0005021096
1541	-0.0010771753
1542	-0.000950575
1543	-0.0002832413
1544	0.000003755093
1545	-0.00048333412
1546	-0.0010712744
1547	-0.0009543301
1548	-0.000299871
1549	-0.000008046628
1550	-0.00048869854
1551	-0.0010766388
1552	-0.00096666825
1553	-0.0003100634
1554	-0.000019311907
1555	-0.000507474
1556	-0.0011045338
1557	-0.00097417843
1558	-0.0003025532
1559	-0.0000021457674
1560	-0.00048869854
1561	-0.0010798575
1562	-0.0009773971
1563	-0.00030523541
1564	0
1565	-0.00048708922
1566	-0.0010857583
1567	-0.00096666825
1568	-0.0003063083
1569	-0.00000858307
1570	-0.00048387056
1571	-0.0010718108
1572	-0.0009580852
1573	-0.00030738118
1574	-0.000010728837
1575	-0.00048869854
1576	-0.0010728837
1577	-0.00096559536
1578	-0.00031328204
1579	-0.000011801721
1580	-0.000489235
1581	-0.0010873677
1582	-0.0009795428
1583	-0.00031864646
1584	-0.000007510186
1585	-0.0004790426
1586	-0.0010723473
1587	-0.0009763242
1588	-0.00030791762
1589	0.000004291535
1590	-0.0004688502
1591	-0.0010519625
1592	-0.0009516479
1593	-0.0003127456
1594	-0.0000010728837
1595	-0.0004624129
1596	-0.0010573269
1597	-0.0009634496
1598	-0.00031328204
1599	-0.0000048279767
1600	-0.00047689682
1601	-0.0010728837
1602	-0.0009881259
1603	-0.00033366683
1604	-0.000018239023
1605	-0.00048601633
1606	-0.0010766388
1607	-0.0009811522
1608	-0.0003154278
1609	0.000019848349
1610	-0.00045704847
1611	-0.0010632278
1612	-0.000973642
1613	-0.000322938
1614	0.0000021457674
1615	-0.0004522205
1616	-0.001056254
1617	-0.0009714962
1618	-0.00032132867
1619	0.0000053644185
1620	-0.00045758492
1621	-0.0010696651
1622	-0.0009886624
1623	-0.00032991174
1624	-0.000016093256
1625	-0.0004779697
1626	-0.0010766388
1627	-0.0009773971
1628	-0.00031489137
1629	0.000004291535
1630	-0.0004726053
1631	-0.0010820032
1632	-0.0010010005
1633	-0.00033634904
1634	-0.000010192395
1635	-0.00046080357
1636	-0.0010616184
1637	-0.0009800793
1638	-0.00031703713
1639	0.000013411047
1640	-0.00044631964
1641	-0.0010626913
1642	-0.0009881259
1643	-0.00032776597
1644	0.000007510186
1645	-0.00045436627
1646	-0.0010589362
1647	-0.0009795428
1648	-0.00033259395
1649	-0.000009119512
1650	-0.00045758492
1651	-0.0010583998
1652	-0.0009843708
1653	-0.00034117702
1654	-0.000008046628
1655	-0.00045275694
1656	-0.0010755659
1657	-0.0010095836
1658	-0.00035673383
1659	-0.000011801721
1660	-0.00045812136
1661	-0.0010616184
1662	-0.0009993912
1663	-0.00033742192
1664	0.0000016093256
1665	-0.0004484654
1666	-0.0010632278
1667	-0.0009950997
1668	-0.00033098462
1669	0.000020921232
1670	-0.00043344504
1671	-0.0010551811
1672	-0.0010042192
1673	-0.00035727027
1674	-0.000011265279
1675	-0.00044739252
1676	-0.0010519625
1677	-0.0009988548
1678	-0.0003551245
1679	-0.000011801721
1680	-0.0004624129
1681	-0.0010814668
1682	-0.0010133387
1683	-0.00035405162
1684	0.00000053644186
1685	-0.00043398148
1686	-0.0010498167
1687	-0.0010020734
1688	-0.0003449321
1689	0.0000053644185
1690	-0.00043451792
1691	-0.0010551811
1692	-0.0009993912
1693	-0.0003551245
1694	-0.0000059008603
1695	-0.0004264713
1696	-0.0010347964
1697	-0.0009929539
1698	-0.00034976008
1699	-0.0000053644185
1700	-0.0004366637
1701	-0.0010557176
1702	-0.0010224582
1703	-0.00037926438
1704	-0.000019848349
1705	-0.0004447103
1706	-0.0010492803
1707	-0.0010203124
1708	-0.00036638978
1709	0.0000059008603
1710	-0.000420034
1711	-0.0010369421
1712	-0.0010063649
1713	-0.00036585334
1714	0.000004291535
1715	-0.00041466957
1716	-0.0010385514
1717	-0.0010010005
1718	-0.00035458806
1719	0.000008046628
1720	-0.00042861706
1721	-0.0010444523
1722	-0.0010042192
1723	-0.0003486872
1724	0.000013947489
1725	-0.00040984157
1726	-0.001042843
1727	-0.0010219218
1728	-0.00037068131
1729	-0.0000021457674
1730	-0.0004318357
1731	-0.0010573269
1732	-0.0010240675
1733	-0.0003808737
1734	-0.000012874605
1735	-0.00042164332
1736	-0.0010315777
1737	-0.0010117294
1738	-0.00036960843
1739	0.000007510186
1740	-0.00040930512
1741	-0.0010337235
1742	-0.0010272862
1743	-0.0003819466
1744	-0.0000032186513
1745	-0.00041788822
1746	-0.0010347964
1747	-0.0010235311
1748	-0.00039428475
1749	-0.000003755093
1750	-0.00040233138
1751	-0.001028359
1752	-0.0010117294
1753	-0.0003819466
1754	-0.00000053644186
1755	-0.000420034
1756	-0.0010557176
1757	-0.0010385514
1758	-0.00039643052
1759	-0.000019311907
1760	-0.00041466957
1761	-0.001024604
1762	-0.0010106565
1763	-0.00036692622
1764	0.000025212767
1765	-0.000392139
1766	-0.0010229946
1767	-0.0010256768
1768	-0.00037926438
1769	0.000015556814
1770	-0.0003975034
1771	-0.0010364057
1772	-0.0010267497
1773	-0.0003910661
1774	0.00000053644186
1775	-0.00040179494
1776	-0.0010288955
1777	-0.0010305048
1778	-0.00039321187
1779	-0.0000026822092
1780	-0.00041091445
1781	-0.001051426
1782	-0.001042843
1783	-0.00040823224
1784	-0.000007510186
1785	-0.00040072206
1786	-0.0010342599
1787	-0.0010358692
1788	-0.00039267543
1789	0.000010192395
1790	-0.00038033727
1791	-0.0010063649
1792	-0.0010106565
1793	-0.00037711862
1794	0.000004291535
1795	-0.00038945678
1796	-0.0010122658
1797	-0.0010138751
1798	-0.0003781915
1799	0.000019311907
1800	-0.0003781915
1801	-0.001038015
1802	-0.0010551811
1803	-0.0004189611
1804	-0.000008046628
1805	-0.0003975034
1806	-0.0010364057
1807	-0.0010417701
1808	-0.0004050136
1809	0.0000032186513
1810	-0.00040072206
1811	-0.0010321141
1812	-0.0010342599
1813	-0.00039696696
1814	0.000008046628
1815	-0.00036585334
1816	-0.001005292
1817	-0.0010337235
1818	-0.00040555003
1819	0.0000048279767
1820	-0.00037229064
1821	-0.0010240675
1822	-0.0010482074
1823	-0.0004050136
1824	0.0000059008603
1825	-0.00037604573
1826	-0.0010213853
1827	-0.0010449887
1828	-0.00041413313
1829	-0.000004291535
1830	-0.00038570169
1831	-0.0010321141
1832	-0.0010551811
1833	-0.00043237215
1834	-0.000012874605
1835	-0.00038355592
1836	-0.001028359
1837	-0.0010578634
1838	-0.00043022638
1839	0.000003755093
1840	-0.00035995248
1841	-0.0009940268
1842	-0.0010423065
1843	-0.00043022638
1844	-0.000009119512
1845	-0.0003781915
1846	-0.0010337235
1847	-0.0010578634
1848	-0.00042486197
1849	-0.000009119512
1850	-0.00038999322
1851	-0.0010294319
1852	-0.001051426
1853	-0.00042754418
1854	0.0000026822092
1855	-0.00038033727
1856	-0.0010203124
1857	-0.0010535718
1858	-0.0004366637
1859	-0.00000053644186
1860	-0.0003653169
1861	-0.001014948
1862	-0.0010503532
1863	-0.00042968994
1864	0.00000053644186
1865	-0.00036209825
1866	-0.0010079743
1867	-0.0010535718
1868	-0.00043129927
1869	-0.000012874605
1870	-0.0003653169
1871	-0.0010090471
1872	-0.0010546447
1873	-0.0004393459
1874	-0.000009119512
1875	-0.00035673383
1876	-0.0010144116
1877	-0.0010712744
1878	-0.0004457832
1879	-0.000018775465
1880	-0.00037389997
1881	-0.0010042192
1882	-0.0010680557
1883	-0.00045007473
1884	-0.000013947489
1885	-0.00037497285
1886	-0.0010240675
1887	-0.0010739566
1888	-0.00044900185
1889	0.00000858307
1890	-0.00034439567
1891	-0.0009934903
1892	-0.0010439159
1893	-0.00042486197
1894	0.0000048279767
1895	-0.00034922364
1896	-0.0009881259
1897	-0.0010358692
1898	-0.0004189611
1899	0.000009655953
1900	-0.00035190585
1901	-0.0010069014
1902	-0.001061082
1903	-0.00045275694
1904	-0.000013947489
1905	-0.0003551245
1906	-0.0009999276
1907	-0.0010723473
1908	-0.0004752875
1909	-0.000015556814
1910	-0.00034976008
1911	-0.0010010005
1912	-0.0010653735
1913	-0.0004549027
1914	-0.000004291535
1915	-0.00034332278
1916	-0.0009827615
1917	-0.0010664464
1918	-0.00045329338
1919	0.000007510186
1920	-0.0003266931
1921	-0.000968814
1922	-0.0010358692
1923	-0.00043398148
1924	0.0000026822092
1925	-0.00034815076
1926	-0.0010042192
1927	-0.0010884405
1928	-0.00048655277
1929	-0.000025212767
1930	-0.00036638978
1931	-0.0010181667
1932	-0.0010873677
1933	-0.0004688502
1934	-0.0000064373025
1935	-0.0003384948
1936	-0.0010020734
1937	-0.0010728837
1938	-0.00045329338
1939	-0.0000010728837
1940	-0.00034278634
1941	-0.0009891988
1942	-0.0010685922
1943	-0.00046563154
1944	-0.000015020372
1945	-0.0003395677
1946	-0.0009924175
1947	-0.001074493
1948	-0.00046294933
1949	-0.00000858307
1950	-0.00032991174
1951	-0.0009902717
1952	-0.0010857583
1953	-0.00047850615
1954	0.0000010728837
1955	-0.00033366683
1956	-0.0009983183
1957	-0.001088977
1958	-0.00048387056
1959	-0.000011265279
1960	-0.00033742192
1961	-0.0009999276
1962	-0.0010798575
1963	-0.00046724087
1964	-0.0000048279767
1965	-0.00032240155
1966	-0.00097578776
1967	-0.0010669829
1968	-0.00047314173
1969	-0.000011265279
1970	-0.00032401088
1971	-0.000982225
1972	-0.0010809303
1973	-0.00047743326
1974	0.000012874605
1975	-0.00030577186
1976	-0.0009677411
1977	-0.00106591
1978	-0.00046724087
1979	-0.000009119512
1980	-0.00033098462
1981	-0.0009854437
1982	-0.0010879041
1983	-0.0004945994
1984	-0.000018239023
1985	-0.000322938
1986	-0.0009747149
1987	-0.0010675193
1988	-0.00047206884
1989	-0.00000053644186
1990	-0.00031435493
1991	-0.0009752513
1992	-0.0010868312
1993	-0.00048601633
1994	-0.0000064373025
1995	-0.0003154278
1996	-0.0009790064
1997	-0.0010884405
1998	-0.000502646
1999	-0.000020921232
2000	-0.00031435493
2001	-0.00097042334
2002	-0.0010884405
2003	-0.0004994274
2004	-0.00002038479
2005	-0.00032132867
2006	-0.0009795428
2007	-0.0010879041
2008	-0.0005101562
2009	-0.000027894977
2010	-0.00031864646
2011	-0.0009725691
2012	-0.0010787846
2013	-0.0004897714
2014	-0.000007510186
2015	-0.00030523541
2016	-0.00095540297
2017	-0.0010680557
2018	-0.00048279768
2019	-0.000016629698
2020	-0.00030952695
2021	-0.0009623767
2022	-0.0010782481
2023	-0.0004897714
2024	0.000004291535
2025	-0.00028753284
2026	-0.0009586216
2027	-0.00109756
2028	-0.0004994274
2029	-0.000023603441
2030	-0.00031059983
2031	-0.0009725691
2032	-0.0011034609
2033	-0.00051981217
2034	-0.000027894977
2035	-0.0003089905
2036	-0.00095540297
2037	-0.0010777117
2038	-0.0005010367
2039	-0.000009119512
2040	-0.00028860572
2041	-0.000950575
2042	-0.00109756
2043	-0.0005047918
2044	-0.0000032186513
2045	-0.00028645995
2046	-0.000950575
2047	-0.0010685922
2048	-0.0004742146
2049	0.00001716614
2050	-0.0002907515
2051	-0.0009613038
2052	-0.0010857583
2053	-0.00050801045
2054	-0.00002843142
2055	-0.00030308965
2056	-0.0009661318
2057	-0.0011115075
2058	-0.00052356726
2059	-0.000022530558
2060	-0.00030201676
2061	-0.0009607674
2062	-0.0010959507
2063	-0.00051176554
2064	-0.000004291535
2065	-0.00027841332
2066	-0.00094467413
2067	-0.0010911227
2068	-0.0005160571
2069	-0.000011801721
2070	-0.00027626756
2071	-0.0009478928
2072	-0.0010911227
2073	-0.00051444775
2074	-0.000019848349
2075	-0.00029450658
2076	-0.0009559394
2077	-0.001107216
2078	-0.0005321503
2079	-0.000032722954
2080	-0.00030040744
2081	-0.0009543301
2082	-0.0011034609
2083	-0.00053375965
2084	-0.000030577186
2085	-0.0002923608
2086	-0.0009419919
2087	-0.0010916592
2088	-0.0005251766
2089	-0.00000858307
2090	-0.00027358535
2091	-0.00095272076
2092	-0.0010991694
2093	-0.0005187393
2094	-0.000003755093
2095	-0.00025588277
2096	-0.0009317995
2097	-0.0010911227
2098	-0.0005192757
2099	-0.00001716614
2100	-0.00028002265
2101	-0.0009355546
2102	-0.0011018516
2103	-0.0005385876
2104	-0.000028967861
2105	-0.00029450658
2106	-0.00095540297
2107	-0.0011190177
2108	-0.000553608
2109	-0.000041306022
2110	-0.00029826167
2111	-0.0009559394
2112	-0.0011034609
2113	-0.0005385876
2114	-0.000019311907
2115	-0.00026553872
2116	-0.00093233597
2117	-0.0011018516
2118	-0.0005165935
2119	-0.000003755093
2120	-0.0002639294
2121	-0.00092053425
2122	-0.0010820032
2123	-0.00052356726
2124	-0.0000144839305
2125	-0.0002692938
2126	-0.0009366275
2127	-0.0011045338
2128	-0.00054502493
2129	-0.000050961975
2130	-0.0002961159
2131	-0.00095272076
2132	-0.0011270643
2133	-0.0005460978
2134	-0.000013947489
2135	-0.00026446584
2136	-0.0009291173
2137	-0.0010997058
2138	-0.00054502493
2139	-0.00003111363
2140	-0.00027090314
2141	-0.0009403826
2142	-0.0011109711
2143	-0.0005359054
2144	-0.000010728837
2145	-0.00025320056
2146	-0.0009291173
2147	-0.001112044
2148	-0.00055038935
2149	-0.000019848349
2150	-0.00025427344
2151	-0.0009264351
2152	-0.0011163355
2153	-0.0005680919
2154	-0.000035941604
2155	-0.0002639294
2156	-0.00093716395
2157	-0.0011286737
2158	-0.0005638004
2159	-0.000030040745
2160	-0.00026178363
2161	-0.0009210707
2162	-0.0011125804
2163	-0.00056219107
2164	-0.000035941604
2165	-0.00025856498
2166	-0.00091677916
2167	-0.001093805
2168	-0.0005321503
2169	-0.0000053644185
2170	-0.00021886828
2171	-0.0008931757
2172	-0.0011034609
2173	-0.0005616546
2174	-0.00003111363
2175	-0.00025159123
2176	-0.0009189249
2177	-0.0011184813
2178	-0.0005638004
2179	-0.00001716614
2180	-0.00025159123
2181	-0.0009301902
2182	-0.0011270643
2183	-0.000576675
2184	-0.000039696697
2185	-0.000253737
2186	-0.00091302407
2187	-0.0010980965
2188	-0.00055038935
2189	-0.000019848349
2190	-0.00023120645
2191	-0.00089639437
2192	-0.001102388
2193	-0.0005552173
2194	-0.000026822094
2195	-0.00025212768
2196	-0.0009098054
2197	-0.0011061431
2198	-0.0005616546
2199	-0.000021457674
2200	-0.0002371073
2201	-0.0009017588
2202	-0.0011125804
2203	-0.0005857945
2204	-0.000047206882
2205	-0.00025266412
2206	-0.00092053425
2207	-0.0011179448
2208	-0.00057077414
2209	-0.00003433228
2210	-0.00023603442
2211	-0.00090497744
2212	-0.0011141897
2213	-0.00056970125
2214	-0.000032722954
2215	-0.0002344251
2216	-0.00088834774
2217	-0.0010980965
2218	-0.0005638004
2219	-0.000009655953
2220	-0.00021725896
2221	-0.00090014946
2222	-0.0011179448
2223	-0.000594914
2224	-0.000042915348
2225	-0.00025051835
2226	-0.00092053425
2227	-0.0011308194
2228	-0.0005975962
2229	-0.000050425533
2230	-0.00024837258
2231	-0.0009162427
2232	-0.0011259915
2233	-0.0005782843
2234	-0.000033795837
2235	-0.00023925307
2236	-0.00091516983
2237	-0.0011335016
2238	-0.00060188776
2239	-0.00004667044
2240	-0.00022369626
2241	-0.00087922823
2242	-0.0011018516
2243	-0.00057238346
2244	-0.000024676325
2245	-0.00022047761
2246	-0.00089854014
2247	-0.0011249186
2248	-0.0005922318
2249	-0.000035405163
2250	-0.00021618608
2251	-0.00088191044
2252	-0.0011222364
2253	-0.0006040335
2254	-0.000055253513
2255	-0.00024193528
2256	-0.00090658676
2257	-0.0011195542
2258	-0.0005847216
2259	-0.00003433228
2260	-0.0002215505
2261	-0.0008797647
2262	-0.0011163355
2263	-0.0005986691
2264	-0.000050425533
2265	-0.00022101405
2266	-0.0008733274
2267	-0.0010991694
2268	-0.0005756021
2269	-0.000032722954
2270	-0.00022047761
2271	-0.00089210283
2272	-0.0011184813
2273	-0.0005831123
2274	-0.000042378906
2275	-0.00022906068
2276	-0.0008894206
2277	-0.0011243821
2278	-0.0006152988
2279	-0.0000627637
2280	-0.00023067
2281	-0.0008953215
2282	-0.0011292101
2283	-0.00060564285
2284	-0.000052571304
2285	-0.00022637847
2286	-0.00089371216
2287	-0.0011259915
2288	-0.00059652334
2289	-0.00003808737
2290	-0.00020062925
2291	-0.0008701087
2292	-0.0011190177
2293	-0.0006034971
2294	-0.00004345179
2295	-0.00021243098
2296	-0.00087922823
2297	-0.001116872
2298	-0.0006040335
2299	-0.00005149842
2300	-0.00021833184
2301	-0.0008867384
2302	-0.0011431576
2303	-0.00062334543
2304	-0.00006061793
2305	-0.00023120645
2306	-0.000886202
2307	-0.0011377932
2308	-0.0006201268
2309	-0.000057935722
2310	-0.00020545723
2311	-0.0008824469
2312	-0.0011345745
2313	-0.0006163717
2314	-0.00005418063
2315	-0.0002177954
2316	-0.0008803011
2317	-0.0011233093
2318	-0.00061208016
2319	-0.00004345179
2320	-0.00020062925
2321	-0.000863135
2322	-0.0011270643
2323	-0.00062602764
2324	-0.000048816208
2325	-0.00019794704
2326	-0.0008663536
2327	-0.0011329652
2328	-0.00062763697
2329	-0.000061690815
2330	-0.00021189454
2331	-0.00088459265
2332	-0.0011522771
2333	-0.000645876
2334	-0.00007188321
2335	-0.00021350387
2336	-0.0008556248
2337	-0.0011061431
2338	-0.00060832506
2339	-0.00004667044
2340	-0.00020599368
2341	-0.00087171805
2342	-0.0011286737
2343	-0.00063139206
2344	-0.00007027388
2345	-0.00021511319
2346	-0.00087064516
2347	-0.0011313559
2348	-0.00062870985
2349	-0.00006222726
2350	-0.00020867589
2351	-0.0008684994
2352	-0.0011361839
2353	-0.0006405116
2354	-0.00005418063
2355	-0.00019580127
2356	-0.0008663536
2357	-0.001135111
2358	-0.0006437302
2359	-0.000076711185
2360	-0.00021296742
2361	-0.00087922823
2362	-0.0011453034
2363	-0.0006335378
2364	-0.000055253513
2365	-0.0001872182
2366	-0.0008379222
2367	-0.0011141897
2368	-0.000617981
2369	-0.000037014488
2370	-0.00016683342
2371	-0.0008363129
2372	-0.0011195542
2373	-0.00062602764
2374	-0.000048279766
2375	-0.00018990041
2376	-0.0008593799
2377	-0.0011404754
2378	-0.0006614328
2379	-0.00008636714
2380	-0.00020653012
2381	-0.0008695723
2382	-0.0011571051
2383	-0.0006539226
2384	-0.00006544591
2385	-0.00020438434
2386	-0.00086420786
2387	-0.0011474491
2388	-0.00064909464
2389	-0.000067591674
2390	-0.00018829109
2391	-0.0008438231
2392	-0.0011335016
2393	-0.0006394387
2394	-0.000053107746
2395	-0.00017488004
2396	-0.0008470417
2397	-0.0011367203
2398	-0.00063782936
2399	-0.000069201
2400	-0.00020331146
2401	-0.00086420786
2402	-0.0011517407
2403	-0.00066357857
2404	-0.00007295609
2405	-0.00019794704
2406	-0.0008566977
2407	-0.0011474491
2408	-0.00065553194
2409	-0.000064909465
2410	-0.0001909733
2411	-0.00085884344
2412	-0.0011447669
2413	-0.00066357857
2414	-0.00006544591
2415	-0.00017380716
2416	-0.00083309424
2417	-0.0011345745
2418	-0.0006485582
2419	-0.00006544591
2420	-0.00017273428
2421	-0.00083470356
2422	-0.0011420847
2423	-0.000664115
2424	-0.00006973744
2425	-0.00017273428
2426	-0.00083577645
2427	-0.001148522
2428	-0.0006716252
2429	-0.000079929836
2430	-0.00018936397
2431	-0.0008443595
2432	-0.0011479856
2433	-0.000668943
2434	-0.00007295609
2435	-0.00016844274
2436	-0.000820756
2437	-0.0011367203
2438	-0.00067377096
2439	-0.00007027388
2440	-0.00017219783
2441	-0.0008336307
2442	-0.0011367203
2443	-0.0006716252
2444	-0.000085294254
2445	-0.00016200544
2446	-0.0008191467
2447	-0.0011383296
2448	-0.0006694794
2449	-0.000068128116
2450	-0.00016683342
2451	-0.00082558405
2452	-0.0011463762
2453	-0.00068771845
2454	-0.000091731556
2455	-0.000184536
2456	-0.0008368493
2457	-0.001148522
2458	-0.00067859894
2459	-0.00008797646
2460	-0.00018990041
2461	-0.00083202135
2462	-0.0011367203
2463	-0.00066196924
2464	-0.000057935722
2465	-0.00014430286
2466	-0.000797689
2467	-0.0011243821
2468	-0.0006716252
2469	-0.00007510186
2470	-0.00016200544
2471	-0.0008105636
2472	-0.0011383296
2473	-0.000687182
2474	-0.00008797646
2475	-0.00016951562
2476	-0.0008325578
2477	-0.0011592509
2478	-0.00069201
2479	-0.000079393394
2480	-0.00016361476
2481	-0.0008229018
2482	-0.0011463762
2483	-0.0006861091
2484	-0.00008422137
2485	-0.00016307832
2486	-0.00082933914
2487	-0.0011538864
2488	-0.0006861091
2489	-0.00008153916
2490	-0.00015181304
2491	-0.00080680853
2492	-0.001143694
2493	-0.0006791354
2494	-0.00006651879
2495	-0.00014591218
2496	-0.0008100272
2497	-0.0011501313
2498	-0.0006973744
2499	-0.00009495021
2500	-0.00016844274
2501	-0.0008218289
2502	-0.0011517407
2503	-0.0007000566
2504	-0.00009280444
2505	-0.00015664102
2506	-0.0008127094
2507	-0.0011528136
2508	-0.0007123948
2509	-0.000113189235
2510	-0.00017488004
2511	-0.00081968313
2512	-0.0011538864
2513	-0.0007011295
2514	-0.00009334088
2515	-0.00015395881
2516	-0.0008062721
2517	-0.0011447669
2518	-0.0006973744
2519	-0.00008475781
2520	-0.00014162065
2521	-0.00079929834
2522	-0.0011528136
2523	-0.00070059305
2524	-0.00008690358
2525	-0.00015342237
2526	-0.0008105636
2527	-0.0011554958
2528	-0.00071722275
2529	-0.00011104347
2530	-0.00016254188
2531	-0.0008191467
2532	-0.0011608602
2533	-0.00071454054
2534	-0.00009065867
2535	-0.00014537574
2536	-0.0008100272
2537	-0.00115335
2538	-0.0007027388
2539	-0.00009602309
2540	-0.00014966728
2541	-0.0007869602
2542	-0.0011442305
2543	-0.00071078545
2544	-0.00009548665
2545	-0.00015610458
2546	-0.0008116365
2547	-0.0011603237
2548	-0.00070434815
2549	-0.00008958579
2550	-0.00013679267
2551	-0.0007987619
2552	-0.0011705161
2553	-0.00073760754
2554	-0.000113189235
2555	-0.00014913084
2556	-0.00079178816
2557	-0.0011501313
2558	-0.00072473293
2559	-0.000097632415
2560	-0.00014269353
2561	-0.00079178816
2562	-0.001148522
2563	-0.00071829563
2564	-0.00008958579
2565	-0.0001255274
2566	-0.0007783771
2567	-0.001139939
2568	-0.00070971256
2569	-0.00008422137
2570	-0.00013142826
2571	-0.0007756949
2572	-0.001143694
2573	-0.0007193685
2574	-0.00010299684
2575	-0.00014430286
2576	-0.0007933975
2577	-0.0011565686
2578	-0.00073546177
2579	-0.00012445451
2580	-0.00016736986
2581	-0.0008164645
2582	-0.0011689068
2583	-0.0007386804
2584	-0.00011211635
2585	-0.00015234949
2586	-0.000784278
2587	-0.0011571051
2588	-0.000738144
2589	-0.000110507026
2590	-0.0001282096
2591	-0.0007676483
2592	-0.0011404754
2593	-0.0007317067
2594	-0.0001088977
2595	-0.00012284519
2596	-0.0007681847
2597	-0.0011474491
2598	-0.0007306338
2599	-0.00011479856
2600	-0.00013947488
2601	-0.00078535086
2602	-0.0011769534
2603	-0.000774622
2604	-0.0001282096
2605	-0.00013571979
2606	-0.00077515846
2607	-0.0011678339
2608	-0.000751555
2609	-0.00013142826
2610	-0.00014591218
2611	-0.00079178816
2612	-0.0011624695
2613	-0.0007445813
2614	-0.00011748077
2615	-0.00012660028
2616	-0.0007692576
2617	-0.0011565686
2618	-0.00074779993
2619	-0.0001282096
2620	-0.00014001133
2621	-0.0007692576
2622	-0.0011571051
2623	-0.00074940926
2624	-0.00011748077
2625	-0.0001319647
2626	-0.00077623135
2627	-0.0011651517
2628	-0.00076228386
2629	-0.00013250114
2630	-0.00014752151
2631	-0.0007810593
2632	-0.0011624695
2633	-0.00075584656
2634	-0.00012391807
2635	-0.00013142826
2636	-0.0007574559
2637	-0.0011453034
2638	-0.00074297196
2639	-0.00011855365
2640	-0.0001282096
2641	-0.00075960165
2642	-0.0011597873
2643	-0.0007574559
2644	-0.00011479856
2645	-0.00011479856
2646	-0.0007483364
2647	-0.0011453034
2648	-0.0007692576
2649	-0.00014269353
2650	-0.00013250114
2651	-0.0007681847
2652	-0.0011646153
2653	-0.0007708669
2654	-0.00013518335
2655	-0.00012981893
2656	-0.0007719398
2657	-0.0011469127
2658	-0.00075209147
2659	-0.00012123586
2660	-0.000113189235
2661	-0.0007655025
2662	-0.0011640788
2663	-0.00076496607
2664	-0.00012445451
2665	-0.00012069942
2666	-0.0007483364
2667	-0.0011501313
2668	-0.00075316435
2669	-0.00011211635
2670	-0.000104069724
2671	-0.00074779993
2672	-0.0011544229
2673	-0.0007756949
2674	-0.00014591218
2675	-0.00012660028
2676	-0.0007537008
2677	-0.0011619331
2678	-0.00077623135
2679	-0.00014162065
2680	-0.00012981893
2681	-0.0007676483
2682	-0.0011662246
2683	-0.0007719398
2684	-0.00013518335
2685	-0.00010567905
2686	-0.00073277956
2687	-0.0011367203
2688	-0.0007574559
2689	-0.00012338163
2690	-0.00009602309
2691	-0.00071990496
2692	-0.0011216999
2693	-0.000733316
2694	-0.00010514261
2695	-0.000094413765
2696	-0.00072473293
2697	-0.0011340381
2698	-0.0007547737
2699	-0.00012928249
2700	-0.00010943414
2701	-0.0007241965
2702	-0.0011447669
2703	-0.0007730127
2704	-0.00014430286
2705	-0.00011479856
2706	-0.00075209147
2707	-0.0011672975
2708	-0.0007885695
2709	-0.00015234949
2710	-0.00011157991
2711	-0.00073653465
2712	-0.0011613966
2713	-0.00078266865
2714	-0.00013250114
2715	-0.000091731556
2716	-0.0007156134
2717	-0.001143694
2718	-0.0007730127
2719	-0.0001282096
2720	-0.000097632415
2721	-0.0007295609
2722	-0.0011554958
2723	-0.0007950068
2724	-0.00015449525
2725	-0.00011748077
2726	-0.0007359982
2727	-0.0011469127
2728	-0.00079178816
2729	-0.00015074016
2730	-0.00011157991
2731	-0.0007359982
2732	-0.0011592509
2733	-0.00080090767
2734	-0.00015825035
2735	-0.00010353328
2736	-0.00073009735
2737	-0.0011699797
2738	-0.0008078814
2739	-0.00015234949
2740	-0.00009334088
2741	-0.0007220507
2742	-0.0011501313
2743	-0.0007933975
2744	-0.000138402
2745	-0.00008690358
2746	-0.00071614987
2747	-0.0011512042
2748	-0.0007869602
2749	-0.0001485944
2750	-0.00010621549
2751	-0.00072473293
2752	-0.0011603237
2753	-0.00080841786
2754	-0.00017005207
2755	-0.00011855365
2756	-0.00073277956
2757	-0.0011689068
2758	-0.0008041263
2759	-0.00014913084
2760	-0.00009924174
2761	-0.00071829563
2762	-0.00115335
2763	-0.0008062721
2764	-0.00015074016
2765	-0.00008958579
2766	-0.0007022024
2767	-0.0011420847
2768	-0.00078266865
2769	-0.00013571979
2770	-0.000085294254
2771	-0.0006989837
2772	-0.0011501313
2773	-0.0008003712
2774	-0.00014698507
2775	-0.000082612045
2776	-0.00069683796
2777	-0.0011474491
2778	-0.00081592804
2779	-0.00018185379
2780	-0.000110507026
2781	-0.0007220507
2782	-0.0011619331
2783	-0.0008261205
2784	-0.00017648937
2785	-0.000107288375
2786	-0.0007166863
2787	-0.0011619331
2788	-0.00082129246
2789	-0.00016200544
2790	-0.00008690358
2791	-0.00069683796
2792	-0.0011367203
2793	-0.0007896424
2794	-0.00013303758
2795	-0.000064909465
2796	-0.0006769896
2797	-0.001135111
2798	-0.0008051992
2799	-0.00015449525
2800	-0.000082612045
2801	-0.0007156134
2802	-0.0011689068
2803	-0.00084114086
2804	-0.00018614532
2805	-0.000100314624
2806	-0.0007011295
2807	-0.0011538864
2808	-0.0008389951
2809	-0.00018936397
2810	-0.00011104347
2811	-0.00071454054
2812	-0.0011587144
2813	-0.0008137823
2814	-0.0001550317
2815	-0.00007188321
2816	-0.0006893278
2817	-0.0011479856
2818	-0.0008089543
2819	-0.0001577139
2820	-0.00007617474
2821	-0.0006807447
2822	-0.0011554958
2823	-0.00084221375
2824	-0.00018668176
2825	-0.000091731556
2826	-0.00070703035
2827	-0.0011694432
2828	-0.0008336307
2829	-0.00016951562
2830	-0.00007885695
2831	-0.0006898642
2832	-0.0011619331
2833	-0.0008427502
2834	-0.00019633771
2835	-0.00011157991
2836	-0.0007011295
2837	-0.00115335
2838	-0.0008389951
2839	-0.00017488004
2840	-0.00006383658
2841	-0.00065445906
2842	-0.0011297466
2843	-0.0008271934
2844	-0.00016897918
2845	-0.00006330014
2846	-0.0006630421
2847	-0.0011474491
2848	-0.0008416773
2849	-0.0001872182
2850	-0.00008153916
2851	-0.0006828905
2852	-0.0011646153
2853	-0.0008416773
2854	-0.0001872182
2855	-0.00009495021
2856	-0.000687182
2857	-0.0011576415
2858	-0.0008502604
2859	-0.0001936555
2860	-0.00008368493
2861	-0.00067377096
2862	-0.0011297466
2863	-0.000820756
2864	-0.00016629697
2865	-0.00005739928
2866	-0.00065284973
2867	-0.0011259915
2868	-0.0008406044
2869	-0.00019633771
2870	-0.00007134677
2871	-0.00066196924
2872	-0.001130283
2873	-0.0008277298
2874	-0.0001872182
2875	-0.00007724763
2876	-0.0006678701
2877	-0.0011506678
2878	-0.0008470417
2879	-0.00020438434
2880	-0.000088512905
2881	-0.00068235403
2882	-0.001166761
2883	-0.0008684994
2884	-0.00019687416
2885	-0.0000756383
2886	-0.00066465145
2887	-0.0011410118
2888	-0.0008368493
2889	-0.00018024446
2890	-0.00005471707
2891	-0.000645876
2892	-0.0011329652
2893	-0.000840068
2894	-0.00017380716
2895	-0.000059545047
2896	-0.0006512404
2897	-0.0011410118
2898	-0.0008443595
2899	-0.0001909733
2900	-0.000061690815
2901	-0.00064909464
2902	-0.0011356474
2903	-0.0008518697
2904	-0.00020062925
2905	-0.000079393394
2906	-0.00067108875
2907	-0.0011635424
2908	-0.00087440026
2909	-0.00021404031
2910	-0.000076711185
2911	-0.0006448031
2912	-0.0011388661
2913	-0.0008481146
2914	-0.0001909733
2915	-0.00006705523
2916	-0.00064533955
2917	-0.001135111
2918	-0.0008507968
2919	-0.00018185379
2920	-0.000038623813
2921	-0.0006281734
2922	-0.0011329652
2923	-0.0008663536
2924	-0.00021243098
2925	-0.00008046628
2926	-0.0006662608
2927	-0.0011463762
2928	-0.0008658172
2929	-0.00020062925
2930	-0.00006598235
2931	-0.0006431938
2932	-0.0011431576
2933	-0.00087279093
2934	-0.00020331146
2935	-0.00006437302
2936	-0.000641048
2937	-0.0011367203
2938	-0.000863135
2939	-0.00019901992
2940	-0.000055789955
2941	-0.00063622004
2942	-0.0011447669
2943	-0.0008711816
2944	-0.00020492078
2945	-0.00004935265
2946	-0.00062978273
2947	-0.0011404754
2948	-0.000886202
2949	-0.00022691491
2950	-0.00008636714
2951	-0.0006512404
2952	-0.0011463762
2953	-0.00088566553
2954	-0.00023174289
2955	-0.000079929836
2956	-0.0006437302
2957	-0.0011501313
2958	-0.00089210283
2959	-0.00022315982
2960	-0.000059545047
2961	-0.00062602764
2962	-0.0011324288
2963	-0.0008776189
2964	-0.00021350387
2965	-0.000036478046
2966	-0.000599742
2967	-0.0011098982
2968	-0.0008609892
2969	-0.00020545723
2970	-0.000046134
2971	-0.00062763697
2972	-0.0011431576
2973	-0.00088351977
2974	-0.0002177954
2975	-0.00005471707
2976	-0.0006206632
2977	-0.0011528136
2978	-0.00090122235
2979	-0.0002344251
2980	-0.000045061115
2981	-0.00061208016
2982	-0.0011345745
2983	-0.00088459265
2984	-0.00021457675
2985	-0.000045597557
2986	-0.0005986691
2987	-0.0011238457
2988	-0.0008851291
2989	-0.00023657086
2990	-0.000061690815
2991	-0.00060832506
2992	-0.0011249186
2993	-0.00088566553
2994	-0.00022369626
2995	-0.000048279766
2996	-0.00060832506
2997	-0.001143694
2998	-0.0009071232
2999	-0.00024837258
3000	-0.00007241965
3001	-0.00063139206
3002	-0.0011512042
3003	-0.0009081961
3004	-0.00023549798
3005	-0.000052034862
3006	-0.00060832506
3007	-0.0011394025
3008	-0.00089639437
3009	-0.00022315982
3010	-0.000042915348
3011	-0.00060188776
3012	-0.0011249186
3013	-0.0008969308
3014	-0.00022637847
3015	-0.000038623813
3016	-0.00059384113
3017	-0.001116872
3018	-0.0008990766
3019	-0.00023335221
3020	-0.000030040745
3021	-0.0005841852
3022	-0.0011270643
3023	-0.00090658676
3024	-0.00023174289
3025	-0.00004076958
3026	-0.00059920555
3027	-0.0011276008
3028	-0.00090497744
3029	-0.0002344251
3030	-0.000036478046
3031	-0.0005922318
3032	-0.0011297466
3033	-0.0009071232
3034	-0.00023818019
3035	-0.000045597557
3036	-0.00058633095
3037	-0.0011163355
3038	-0.0008990766
3039	-0.00023657086
3040	-0.000035941604
3041	-0.000581503
3042	-0.0011109711
3043	-0.0008931757
3044	-0.00022530559
3045	-0.000022530558
3046	-0.00056862837
3047	-0.0011104346
3048	-0.0009146334
3049	-0.0002499819
3050	-0.000047743324
3051	-0.00059008604
3052	-0.0011270643
3053	-0.0009119512
3054	-0.00024193528
3055	-0.000033259395
3056	-0.00058525807
3057	-0.0011329652
3058	-0.00092160713
3059	-0.00025695565
3060	-0.000046134
3061	-0.0005884767
3062	-0.0011195542
3063	-0.0009006859
3064	-0.00023549798
3065	-0.000023603441
3066	-0.0005680919
3067	-0.0011098982
3068	-0.00090873253
3069	-0.00025266412
3070	-0.00003808737
3071	-0.00057452923
3072	-0.0011292101
3073	-0.00092321646
3074	-0.00024676326
3075	-0.000047206882
3076	-0.0005841852
3077	-0.0011265279
3078	-0.0009248258
3079	-0.00025856498
3080	-0.00004398823
3081	-0.00058096653
3082	-0.0011216999
3083	-0.00091141474
3084	-0.00024193528
3085	-0.000030577186
3086	-0.00057989365
3087	-0.0011227728
3088	-0.00091677916
3089	-0.00025856498
3090	-0.00003755093
3091	-0.0005713106
3092	-0.0011243821
3093	-0.0009312631
3094	-0.0002612472
3095	-0.000026822094
3096	-0.0005562902
3097	-0.0011195542
3098	-0.0009312631
3099	-0.0002703667
3100	-0.000048816208
3101	-0.0005793572
3102	-0.0011453034
3103	-0.00094252836
3104	-0.00026875737
3105	-0.00004345179
3106	-0.0005729199
3107	-0.0011259915
3108	-0.0009414555
3109	-0.0002805591
3110	-0.00004667044
3111	-0.00057989365
3112	-0.0011329652
3113	-0.00094467413
3114	-0.00027573112
3115	-0.000021994116
3116	-0.00054931646
3117	-0.0011104346
3118	-0.0009285809
3119	-0.00026553872
3120	-0.000035941604
3121	-0.00057077414
3122	-0.0011270643
3123	-0.00093984616
3124	-0.0002666116
3125	-0.00003486872
3126	-0.0005627275
3127	-0.0011286737
3128	-0.0009698869
3129	-0.0002971888
3130	-0.000047206882
3131	-0.00055575377
3132	-0.001112044
3133	-0.00094896567
3134	-0.0002859235
3135	-0.000047743324
3136	-0.0005611182
3137	-0.0011216999
3138	-0.00095003855
3139	-0.00027358535
3140	-0.00001716614
3141	-0.00054502493
3142	-0.0011029245
3143	-0.00093072664
3144	-0.00025427344
3145	-0.000011801721
3146	-0.00053644186
3147	-0.0011131169
3148	-0.0009377004
3149	-0.0002741218
3150	-0.000027894977
3151	-0.0005407334
3152	-0.001102388
3153	-0.0009452106
3154	-0.00028163198
3155	-0.00003486872
3156	-0.00055307156
3157	-0.0011195542
3158	-0.00096184027
3159	-0.00029826167
3160	-0.000035405163
3161	-0.0005444885
3162	-0.0011125804
3163	-0.0009495021
3164	-0.00027894977
3165	-0.000019311907
3166	-0.00052624947
3167	-0.0010991694
3168	-0.0009478928
3169	-0.00028109553
3170	-0.000030040745
3171	-0.0005251766
3172	-0.0010814668
3173	-0.0009301902
3174	-0.00027465823
3175	-0.000016629698
3176	-0.00052195793
3177	-0.0011029245
3178	-0.0009623767
3179	-0.000299871
3180	-0.000039696697
3181	-0.00055414444
3182	-0.0011270643
3183	-0.0009752513
3184	-0.00031113627
3185	-0.000039696697
3186	-0.00054395205
3187	-0.0011093618
3188	-0.0009623767
3189	-0.00028377774
3190	-0.0000064373025
3191	-0.00051820284
3192	-0.00109756
3193	-0.0009634496
3194	-0.0002923608
3195	-0.000017702581
3196	-0.00051820284
3197	-0.0010857583
3198	-0.0009441377
3199	-0.0002869964
3200	-0.0000144839305
3201	-0.0005128384
3202	-0.0010846854
3203	-0.0009532572
3204	-0.00030577186
3205	-0.000028967861
3206	-0.00052088505
3207	-0.0011007787
3208	-0.00097310555
3209	-0.0003127456
3210	-0.000030577186
3211	-0.000525713
3212	-0.0011039973
3213	-0.0009698869
3214	-0.0003036261
3215	-0.000018775465
3216	-0.00051981217
3217	-0.0010879041
3218	-0.00094628346
3219	-0.00028860572
3220	-0.00000858307
3221	-0.000502646
3222	-0.0010852219
3223	-0.0009650589
3224	-0.00030791762
3225	-0.000032722954
3226	-0.00051712996
3227	-0.0010868312
3228	-0.000968814
3229	-0.0003256202
3230	-0.000050961975
3231	-0.0005251766
3232	-0.0011034609
3233	-0.0009768606
3234	-0.00031328204
3235	-0.00001716614
3236	-0.00050532824
3237	-0.0010900499
3238	-0.00096935045
3239	-0.00029826167
3240	-0.000013411047
3241	-0.000502646
3242	-0.0010927321
3243	-0.0009747149
3244	-0.00030952695
3245	-0.0000059008603
3246	-0.00048762566
3247	-0.0010846854
3248	-0.0009854437
3249	-0.000322938
3250	-0.000019311907
3251	-0.00049245363
3252	-0.0010916592
3253	-0.000991881
3254	-0.00033098462
3255	-0.000030577186
3256	-0.00050801045
3257	-0.0011029245
3258	-0.001005292
3259	-0.00034439567
3260	-0.000033259395
3261	-0.0005047918
3262	-0.0010873677
3263	-0.0009827615
3264	-0.00032615665
3265	-0.000024676325
3266	-0.00049030787
3267	-0.0010755659
3268	-0.0009677411
3269	-0.00031596425
3270	-0.0000021457674
3271	-0.00047582394
3272	-0.0010761024
3273	-0.0009859802
3274	-0.00033098462
3275	-0.0000064373025
3276	-0.00047850615
3277	-0.0010846854
3278	-0.0010058285
3279	-0.00034278634
3280	-0.000021994116
3281	-0.00049406296
3282	-0.001088977
3283	-0.0009886624
3284	-0.00032240155
3285	-0.000020921232
3286	-0.00048762566
3287	-0.0010846854
3288	-0.0009945632
3289	-0.0003331304
3290	-0.000030577186
3291	-0.00049138075
3292	-0.0010911227
3293	-0.0010058285
3294	-0.00034278634
3295	-0.000009119512
3296	-0.0004715324
3297	-0.0010787846
3298	-0.0009950997
3299	-0.00033742192
3300	-0.000022530558
3301	-0.00048601633
3302	-0.0010825397
3303	-0.0009934903
3304	-0.00034171346
3305	-0.000022530558
3306	-0.00048708922
3307	-0.0010868312
3308	-0.0010069014
3309	-0.00034922364
3310	-0.000009655953
3311	-0.0004522205
3312	-0.0010589362
3313	-0.0009875895
3314	-0.00033420327
3315	-0.0000064373025
3316	-0.00046938664
3317	-0.001079321
3318	-0.0010063649
3319	-0.00034546855
3320	-0.00001716614
3321	-0.00046080357
3322	-0.0010712744
3323	-0.001019776
3324	-0.00037389997
3325	-0.000021457674
3326	-0.00046563154
3327	-0.0010702015
3328	-0.0010036827
3329	-0.0003551245
3330	-0.000030040745
3331	-0.000489235
3332	-0.0010943414
3333	-0.0010256768
3334	-0.00037121776
3335	-0.000019311907
3336	-0.00046294933
3337	-0.0010632278
3338	-0.0009945632
3339	-0.00035083297
3340	-0.000009119512
3341	-0.00045919424
3342	-0.0010739566
3343	-0.0010090471
3344	-0.00034976008
3345	-0.000013411047
3346	-0.00045382982
3347	-0.0010551811
3348	-0.0009988548
3349	-0.000364244
3350	-0.000025212767
3351	-0.00045973068
3352	-0.0010723473
3353	-0.0010138751
3354	-0.0003781915
3355	-0.000039696697
3356	-0.00047957903
3357	-0.0010852219
3358	-0.0010342599
3359	-0.000369072
3360	-0.000012338162
3361	-0.00045061117
3362	-0.0010712744
3363	-0.00101012
3364	-0.0003422499
3365	0.000011265279
3366	-0.000438273
3367	-0.0010519625
3368	-0.00101012
3369	-0.0003626347
3370	-0.000009655953
3371	-0.00044739252
3372	-0.0010616184
3373	-0.0010310413
3374	-0.0003781915
3375	-0.000011801721
3376	-0.00044685608
3377	-0.0010712744
3378	-0.0010294319
3379	-0.00037658217
3380	-0.00003165007
3381	-0.0004522205
3382	-0.0010626913
3383	-0.001028359
3384	-0.00038516524
3385	-0.000019311907
3386	-0.00045543915
3387	-0.0010755659
3388	-0.001028359
3389	-0.00037765506
3390	-0.000004291535
3391	-0.00044363743
3392	-0.0010685922
3393	-0.0010256768
3394	-0.000369072
3395	-0.0000021457674
3396	-0.00042968994
3397	-0.0010573269
3398	-0.0010310413
3399	-0.0003846288
3400	-0.000026285652
3401	-0.00045061117
3402	-0.0010755659
3403	-0.0010557176
3404	-0.00040072206
3405	-0.000022530558
3406	-0.00044095522
3407	-0.0010605456
3408	-0.0010315777
3409	-0.00038945678
3410	-0.000020921232
3411	-0.00042754418
3412	-0.0010567905
3413	-0.001028359
3414	-0.00036746266
3415	0.000009655953
3416	-0.000415206
3417	-0.0010347964
3418	-0.0010042192
3419	-0.0003653169
3420	0.000011265279
3421	-0.0004125238
3422	-0.001051426
3423	-0.0010364057
3424	-0.00039052966
3425	-0.000015556814
3426	-0.0004264713
3427	-0.0010535718
3428	-0.0010465981
3429	-0.0004125238
3430	-0.000019311907
3431	-0.00044095522
3432	-0.001070738
3433	-0.0010444523
3434	-0.00039052966
3435	-0.0000053644185
3436	-0.000415206
3437	-0.001047671
3438	-0.0010364057
3439	-0.0003937483
3440	-0.00000053644186
3441	-0.00040823224
3442	-0.0010503532
3443	-0.0010471345
3444	-0.00039803985
3445	-0.0000021457674
3446	-0.0004039407
3447	-0.0010374786
3448	-0.0010439159
3449	-0.00042593485
3450	-0.00003755093
3451	-0.0004329086
3452	-0.0010487438
3453	-0.0010519625
3454	-0.00042325264
3455	-0.000028967861
3456	-0.00043129927
3457	-0.0010557176
3458	-0.0010417701
3459	-0.0003975034
3460	-0.0000059008603
3461	-0.00040340426
3462	-0.0010321141
3463	-0.001047671
3464	-0.0004050136
3465	0.0000021457674
3466	-0.00040555003
3467	-0.0010288955
3468	-0.0010321141
3469	-0.0004114509
3470	-0.000012874605
3471	-0.00040340426
3472	-0.0010358692
3473	-0.0010455252
3474	-0.00040876868
3475	0
3476	-0.00040608647
3477	-0.0010600091
3478	-0.0010712744
3479	-0.0004420281
3480	-0.00003433228
3481	-0.00040876868
3482	-0.0010535718
3483	-0.0010578634
3484	-0.00042593485
3485	-0.000020921232
3486	-0.00040555003
3487	-0.0010353328
3488	-0.001061082
3489	-0.00042593485
3490	-0.000010728837
3491	-0.00039267543
3492	-0.001024604
3493	-0.0010482074
3494	-0.00041091445
3495	-0.0000010728837
3496	-0.00040286782
3497	-0.0010412337
3498	-0.0010589362
3499	-0.00042325264
3500	-0.0000064373025
3501	-0.000387311
3502	-0.001042843
3503	-0.0010787846
3504	-0.0004447103
3505	-0.000025212767
3506	-0.0004125238
3507	-0.0010546447
3508	-0.0010696651
3509	-0.0004447103
3510	-0.000024139883
3511	-0.00039696696
3512	-0.0010278226
3513	-0.001047671
3514	-0.00042378908
3515	-0.00000053644186
3516	-0.0003679991
3517	-0.0010095836
3518	-0.0010417701
3519	-0.00042861706
3520	-0.000010192395
3521	-0.00038301948
3522	-0.0010213853
3523	-0.0010589362
3524	-0.00043398148
3525	-0.000011801721
3526	-0.00037604573
3527	-0.0010224582
3528	-0.0010696651
3529	-0.00045436627
3530	-0.000026285652
3531	-0.00038248303
3532	-0.0010208489
3533	-0.0010664464
3534	-0.0004484654
3535	-0.000019848349
3536	-0.00038141015
3537	-0.0010160209
3538	-0.0010669829
3539	-0.00045651203
3540	-0.00000858307
3541	-0.00034976008
3542	-0.000996709
3543	-0.0010535718
3544	-0.0004366637
3545	-0.000010192395
3546	-0.00036853555
3547	-0.0010069014
3548	-0.0010541083
3549	-0.00044095522
3550	-0.00001716614
3551	-0.00037872794
3552	-0.0010337235
3553	-0.0010873677
3554	-0.00047314173
3555	-0.000035405163
3556	-0.00038248303
3557	-0.0010262133
3558	-0.0010846854
3559	-0.00047045952
3560	-0.000026822094
3561	-0.00037765506
3562	-0.0010213853
3563	-0.0010723473
3564	-0.0004511476
3565	-0.000021457674
3566	-0.00036585334
3567	-0.0010117294
3568	-0.001061082
3569	-0.0004447103
3570	-0.0000069737443
3571	-0.0003679991
3572	-0.0010160209
3573	-0.0010766388
3574	-0.00046563154
3575	-0.000011265279
3576	-0.00034976008
3577	-0.0010079743
3578	-0.001079321
3579	-0.00047045952
3580	-0.000023067
3581	-0.00037121776
3582	-0.0010347964
3583	-0.0011029245
3584	-0.0004806519
3585	-0.000030577186
3586	-0.00036746266
3587	-0.0010203124
3588	-0.0010873677
3589	-0.00045275694
3590	-0.0000048279767
3591	-0.00034976008
3592	-0.0010074378
3593	-0.001070738
3594	-0.0004726053
3595	-0.000021994116
3596	-0.0003588796
3597	-0.0009988548
3598	-0.0010830761
3599	-0.00047689682
3600	-0.000016629698
3601	-0.00035083297
3602	-0.0010036827
3603	-0.0010927321
3604	-0.00048387056
3605	-0.000015556814
3606	-0.00034385922
3607	-0.0009993912
3608	-0.0010884405
3609	-0.00048494345
3610	-0.000020921232
3611	-0.00034707788
3612	-0.0010042192
3613	-0.0011034609
3614	-0.00049030787
3615	-0.000023603441
3616	-0.00033795836
3617	-0.0009747149
3618	-0.0010637642
3619	-0.0004742146
3620	-0.000022530558
3621	-0.00034278634
3622	-0.0009972454
3623	-0.0010980965
3624	-0.00049406296
3625	-0.000027358536
3626	-0.00034439567
3627	-0.0010020734
3628	-0.0010873677
3629	-0.00049674517
3630	-0.00004398823
3631	-0.00036746266
3632	-0.001019776
3633	-0.0011109711
3634	-0.0004999638
3635	-0.000030577186
3636	-0.00034117702
3637	-0.0010010005
3638	-0.0010970236
3639	-0.0004726053
3640	0.000003755093
3641	-0.0003191829
3642	-0.0009800793
3643	-0.0010814668
3644	-0.0004999638
3645	-0.000033259395
3646	-0.00032883885
3647	-0.000982225
3648	-0.0010884405
3649	-0.0004999638
3650	-0.000030577186
3651	-0.00033366683
3652	-0.000987053
3653	-0.0011056067
3654	-0.0005128384
3655	-0.00003433228
3656	-0.0003358126
3657	-0.0009859802
3658	-0.0010895134
3659	-0.0005010367
3660	-0.000026822094
3661	-0.00032776597
3662	-0.00097203266
3663	-0.0010820032
3664	-0.00049030787
3665	-0.000016629698
3666	-0.0003063083
3667	-0.0009596945
3668	-0.001070738
3669	-0.00048333412
3670	-0.0000059008603
3671	-0.0003100634
3672	-0.0009795428
3673	-0.0011050702
3674	-0.000507474
3675	-0.000036478046
3676	-0.0003384948
3677	-0.0009838344
3678	-0.0011141897
3679	-0.0005369783
3680	-0.000044524673
3681	-0.000322938
3682	-0.00097417843
3683	-0.0011066796
3684	-0.0005251766
3685	-0.00004345179
3686	-0.0003202558
3687	-0.0009795428
3688	-0.0010927321
3689	-0.0005010367
3690	-0.000015556814
3691	-0.0003127456
3692	-0.00096559536
3693	-0.0010916592
3694	-0.0005241037
3695	-0.000027358536
3696	-0.00029128793
3697	-0.0009613038
3698	-0.0011115075
3699	-0.00053375965
3700	-0.000037014488
3701	-0.0003191829
3702	-0.0009827615
3703	-0.0011238457
3704	-0.0005369783
3705	-0.00003218651
3706	-0.00030469897
3707	-0.00096666825
3708	-0.0011034609
3709	-0.00053107744
3710	-0.00003165007
3711	-0.00030094388
3712	-0.0009580852
3713	-0.0010948778
3714	-0.00051552063
3715	-0.000027894977
3716	-0.00030791762
3717	-0.0009677411
3718	-0.001112044
3719	-0.0005316139
3720	-0.000018775465
3721	-0.0002987981
3722	-0.0009650589
3723	-0.0011109711
3724	-0.0005460978
3725	-0.00004988909
3726	-0.00030416253
3727	-0.00096827757
3728	-0.0011098982
3729	-0.00054287916
3730	-0.000050425533
3731	-0.00031971934
3732	-0.0009849073
3733	-0.0011297466
3734	-0.0005552173
3735	-0.000046134
3736	-0.00030094388
3737	-0.0009634496
3738	-0.0011098982
3739	-0.0005294681
3740	-0.00002574921
3741	-0.0002934337
3742	-0.0009634496
3743	-0.0011286737
3744	-0.0005573631
3745	-0.000037014488
3746	-0.0002934337
3747	-0.0009677411
3748	-0.0011345745
3749	-0.00056701904
3750	-0.00005739928
3751	-0.00031220916
3752	-0.00097578776
3753	-0.0011420847
3754	-0.0005691648
3755	-0.000042378906
3756	-0.0002907515
3757	-0.00095915806
3758	-0.0011286737
3759	-0.00057238346
3760	-0.000042915348
3761	-0.000276804
3762	-0.0009543301
3763	-0.0011238457
3764	-0.00056219107
3765	-0.000035941604
3766	-0.0002676845
3767	-0.0009317995
3768	-0.0011066796
3769	-0.00054287916
3770	-0.000026822094
3771	-0.00027734044
3772	-0.0009543301
3773	-0.0011227728
3774	-0.00055950886
3775	-0.000047206882
3776	-0.00028914216
3777	-0.0009559394
3778	-0.0011270643
3779	-0.00057077414
3780	-0.00005471707
3781	-0.00028806928
3782	-0.00095540297
3783	-0.0011340381
3784	-0.00057613855
3785	-0.000048816208
3786	-0.0002703667
3787	-0.00093448174
3788	-0.0011211635
3789	-0.00059008604
3790	-0.00006598235
3791	-0.00028753284
3792	-0.0009532572
3793	-0.0011249186
3794	-0.00055307156
3795	-0.000026285652
3796	-0.0002601743
3797	-0.0009317995
3798	-0.0011259915
3799	-0.0005831123
3800	-0.00005418063
3801	-0.00027143958
3802	-0.00093823683
3803	-0.0011367203
3804	-0.0005857945
3805	-0.00005418063
3806	-0.00026875737
3807	-0.0009452106
3808	-0.0011501313
3809	-0.00060188776
3810	-0.00006222726
3811	-0.00026500228
3812	-0.00092321646
3813	-0.0011157991
3814	-0.0005573631
3815	-0.00002038479
3816	-0.00024890903
3817	-0.0009248258
3818	-0.0011270643
3819	-0.0005804301
3820	-0.000035941604
3821	-0.00024622682
3822	-0.0009124876
3823	-0.0011184813
3824	-0.00057721144
3825	-0.000041306022
3826	-0.00025963786
3827	-0.00093072664
3828	-0.001130283
3829	-0.0005884767
3830	-0.00004988909
3831	-0.0002612472
3832	-0.00092321646
3833	-0.0011329652
3834	-0.0005922318
3835	-0.000045061115
3836	-0.0002446175
3837	-0.00092053425
3838	-0.0011324288
3839	-0.00058633095
3840	-0.000033259395
3841	-0.00022208694
3842	-0.0008904935
3843	-0.0011056067
3844	-0.00056594616
3845	-0.000020921232
3846	-0.00024247172
3847	-0.00091141474
3848	-0.0011259915
3849	-0.00060188776
3850	-0.00006008149
3851	-0.00025588277
3852	-0.0009264351
3853	-0.0011404754
3854	-0.00059813267
3855	-0.00006115437
3856	-0.0002703667
3857	-0.0009355546
3858	-0.0011538864
3859	-0.00061476236
3860	-0.00005471707
3861	-0.0002371073
3862	-0.0009071232
3863	-0.0011367203
3864	-0.00059384113
3865	-0.000039696697
3866	-0.00022906068
3867	-0.00089210283
3868	-0.0011163355
3869	-0.000594914
3870	-0.000045061115
3871	-0.00022047761
3872	-0.00089210283
3873	-0.0011367203
3874	-0.00061959034
3875	-0.00006115437
3876	-0.00024515393
3877	-0.00091946137
3878	-0.0011506678
3879	-0.0006244183
3880	-0.000079929836
3881	-0.0002628565
3882	-0.00092965376
3883	-0.0011635424
3884	-0.00063890225
3885	-0.000068128116
3886	-0.00023657086
3887	-0.00090283167
3888	-0.0011377932
3889	-0.00060832506
3890	-0.000048816208
3891	-0.00021886828
3892	-0.0008824469
3893	-0.0011292101
3894	-0.0006174446
3895	-0.00006061793
3896	-0.00022369626
3897	-0.00088191044
3898	-0.0011404754
3899	-0.0006238819
3900	-0.00006437302
3901	-0.00023388866
3902	-0.0009162427
3903	-0.0011603237
3904	-0.00063514715
3905	-0.000069201
3906	-0.00023603442
3907	-0.00090390455
3908	-0.0011463762
3909	-0.00063782936
3910	-0.000079929836
3911	-0.00023657086
3912	-0.00089639437
3913	-0.0011394025
3914	-0.00063139206
3915	-0.00007027388
3916	-0.00020921233
3917	-0.0008749367
3918	-0.0011308194
3919	-0.0006152988
3920	-0.000047206882
3921	-0.00020653012
3922	-0.0008701087
3923	-0.0011361839
3924	-0.0006308556
3925	-0.000061690815
3926	-0.00021296742
3927	-0.00087815535
3928	-0.0011479856
3929	-0.0006549955
3930	-0.000085294254
3931	-0.00023281577
3932	-0.00089102995
3933	-0.00115335
3934	-0.0006405116
3935	-0.000067591674
3936	-0.00021833184
3937	-0.00088834774
3938	-0.0011554958
3939	-0.0006448031
3940	-0.000064909465
3941	-0.00019794704
3942	-0.0008609892
3943	-0.0011469127
3944	-0.0006512404
3945	-0.000059008606
3946	-0.00019472839
3947	-0.00086420786
3948	-0.0011458398
3949	-0.0006431938
3950	-0.00006330014
3951	-0.00021243098
3952	-0.0008829833
3953	-0.0011603237
3954	-0.0006651879
3955	-0.00007456542
3956	-0.00020438434
3957	-0.00086045277
3958	-0.0011420847
3959	-0.00064533955
3960	-0.000057935722
3961	-0.00019580127
3962	-0.0008711816
3963	-0.0011662246
3964	-0.00067001587
3965	-0.00006973744
3966	-0.00019633771
3967	-0.00085508835
3968	-0.0011410118
3969	-0.0006523133
3970	-0.00005739928
3971	-0.00017756225
3972	-0.0008507968
3973	-0.0011501313
3974	-0.0006651879
3975	-0.000079929836
3976	-0.00019901992
3977	-0.000863135
3978	-0.0011431576
3979	-0.0006587506
3980	-0.00008690358
3981	-0.00020170213
3982	-0.0008593799
3983	-0.0011571051
3984	-0.00067108875
3985	-0.00008046628
3986	-0.00019150974
3987	-0.00085401547
3988	-0.0011571051
3989	-0.0006667972
3990	-0.000064909465
3991	-0.00017273428
3992	-0.00083953154
3993	-0.0011479856
3994	-0.00067377096
3995	-0.00007241965
3996	-0.00018346311
3997	-0.000840068
3998	-0.0011474491
3999	-0.00067752606
4000	-0.00008153916
4001	-0.00018936397
4002	-0.00084972393
4003	-0.0011544229
4004	-0.00067591673
4005	-0.000094413765
4006	-0.00020062925
4007	-0.00085240614
4008	-0.0011608602
4009	-0.00069040066
4010	-0.00009012223
4011	-0.00018882753
4012	-0.00083094847
4013	-0.0011420847
4014	-0.00066465145
4015	-0.00007295609
4016	-0.00017380716
4017	-0.0008298756
4018	-0.0011404754
4019	-0.00067108875
4020	-0.00007456542
4021	-0.0001679063
4022	-0.00082933914
4023	-0.0011447669
4024	-0.0006898642
4025	-0.00008904935
4026	-0.00017488004
4027	-0.00084328663
4028	-0.0011710526
4029	-0.000715077
4030	-0.00010675193
4031	-0.00018829109
4032	-0.00084865105
4033	-0.0011699797
4034	-0.00070434815
4035	-0.00009012223
4036	-0.00016683342
4037	-0.00080949074
4038	-0.0011383296
4039	-0.0006861091
4040	-0.00007456542
4041	-0.00015020372
4042	-0.00081753737
4043	-0.001148522
4044	-0.0006898642
4045	-0.000100314624
4046	-0.00017273428
4047	-0.00081861025
4048	-0.0011469127
4049	-0.00069791084
4050	-0.00010782482
4051	-0.00017648937
4052	-0.0008379222
4053	-0.0011731983
4054	-0.00071829563
4055	-0.00011265279
4056	-0.00018131734
4057	-0.0008363129
4058	-0.0011651517
4059	-0.0007140041
4060	-0.00010782482
4061	-0.00017219783
4062	-0.00083309424
4063	-0.0011678339
4064	-0.0007123948
4065	-0.00009977818
4066	-0.00016844274
4067	-0.00081217295
4068	-0.001148522
4069	-0.00070434815
4070	-0.0000987053
4071	-0.00015074016
4072	-0.00081324583
4073	-0.0011683704
4074	-0.0007156134
4075	-0.00010782482
4076	-0.00017702581
4077	-0.0008271934
4078	-0.0011689068
4079	-0.0007215143
4080	-0.000100314624
4081	-0.00015181304
4082	-0.00080841786
4083	-0.0011576415
4084	-0.0007129312
4085	-0.00010567905
4086	-0.00015610458
4087	-0.00080949074
4088	-0.0011624695
4089	-0.0007252694
4090	-0.00010675193
4091	-0.00014966728
4092	-0.0007971526
4093	-0.0011394025
4094	-0.0007086397
4095	-0.00010138751
4096	-0.00013679267
4097	-0.0007740856
4098	-0.0011420847
4099	-0.0007215143
4100	-0.00010675193
4101	-0.00014537574
4102	-0.0007971526
4103	-0.0011748077
4104	-0.00075316435
4105	-0.00013786556
4106	-0.00017112495
4107	-0.00080573565
4108	-0.0011592509
4109	-0.0007241965
4110	-0.00009495021
4111	-0.00013625623
4112	-0.000784278
4113	-0.0011458398
4114	-0.00072741514
4115	-0.000104069724
4116	-0.00013250114
4117	-0.0007810593
4118	-0.0011608602
4119	-0.0007279516
4120	-0.00008958579
4121	-0.00011426212
4122	-0.0007730127
4123	-0.001166761
4124	-0.0007370711
4125	-0.00010675193
4126	-0.00013518335
4127	-0.0007885695
4128	-0.0011737348
4129	-0.0007590652
4130	-0.00013732912
4131	-0.00015610458
4132	-0.000802517
4133	-0.0011624695
4134	-0.0007526279
4135	-0.0001282096
4136	-0.00014966728
4137	-0.00078803307
4138	-0.0011662246
4139	-0.0007499457
4140	-0.00011211635
4141	-0.00012284519
4142	-0.0007676483
4143	-0.0011587144
4144	-0.0007499457
4145	-0.00010567905
4146	-0.000113189235
4147	-0.0007703305
4148	-0.0011651517
4149	-0.00076979405
4150	-0.00014269353
4151	-0.00015932323
4152	-0.00080198055
4153	-0.0011758805
4154	-0.0007655025
4155	-0.00014162065
4156	-0.0001512766
4157	-0.0007874966
4158	-0.0011833907
4159	-0.0007783771
4160	-0.00013893844
4161	-0.00013357402
4162	-0.00075209147
4163	-0.0011426212
4164	-0.0007451177
4165	-0.00012123586
4166	-0.00012284519
4167	-0.0007510186
4168	-0.0011469127
4169	-0.0007547737
4170	-0.00013250114
4171	-0.00012391807
4172	-0.0007617474
4173	-0.001171589
4174	-0.0007767678
4175	-0.00013732912
4176	-0.00013732912
4177	-0.00077891356
4178	-0.001181245
4179	-0.00078266865
4180	-0.00013786556
4181	-0.00012928249
4182	-0.0007703305
4183	-0.0011839272
4184	-0.00079929834
4185	-0.00015234949
4186	-0.0001319647
4187	-0.00075423723
4188	-0.0011528136
4189	-0.00075209147
4190	-0.00012284519
4191	-0.000109970584
4192	-0.00073009735
4193	-0.0011463762
4194	-0.00075691944
4195	-0.00012123586
4196	-0.00010299684
4197	-0.00074779993
4198	-0.0011554958
4199	-0.0007767678
4200	-0.00014376642
4201	-0.00012713672
4202	-0.00074779993
4203	-0.0011592509
4204	-0.00078266865
4205	-0.00014805795
4206	-0.00012123586
4207	-0.000761211
4208	-0.0011796356
4209	-0.0007933975
4210	-0.00013250114
4211	-0.000097632415
4212	-0.00072473293
4213	-0.0011538864
4214	-0.0007703305
4215	-0.00013303758
4216	-0.000097632415
4217	-0.0007177592
4218	-0.0011410118
4219	-0.0007676483
4220	-0.00013732912
4221	-0.000113189235
4222	-0.00073117024
4223	-0.0011501313
4224	-0.0007896424
4225	-0.00015664102
4226	-0.00012016298
4227	-0.000738144
4228	-0.0011672975
4229	-0.0008041263
4230	-0.00016307832
4231	-0.000116407886
4232	-0.0007451177
4233	-0.0011839272
4234	-0.0008191467
4235	-0.00016683342
4236	-0.000115871444
4237	-0.0007408262
4238	-0.0011624695
4239	-0.0007998348
4240	-0.00014805795
4241	-0.00010782482
4242	-0.00073117024
4243	-0.0011619331
4244	-0.000807345
4245	-0.00015878679
4246	-0.00009495021
4247	-0.0007241965
4248	-0.0011662246
4249	-0.0008137823
4250	-0.00015717746
4251	-0.00010836126
4252	-0.0007349253
4253	-0.0011753441
4254	-0.0008164645
4255	-0.00017219783
4256	-0.00012391807
4257	-0.00073277956
4258	-0.0011705161
4259	-0.0008229018
4260	-0.0001679063
4261	-0.00010192395
4262	-0.0007140041
4263	-0.00115335
4264	-0.00080949074
4265	-0.00016897918
4266	-0.00010621549
4267	-0.00072097784
4268	-0.0011699797
4269	-0.0008105636
4270	-0.00015449525
4271	-0.00008797646
4272	-0.0007048846
4273	-0.0011522771
4274	-0.0007971526
4275	-0.00015234949
4276	-0.000082612045
4277	-0.0007027388
4278	-0.0011619331
4279	-0.00082933914
4280	-0.00017702581
4281	-0.00010514261
4282	-0.0007188321
4283	-0.0011710526
4284	-0.0008298756
4285	-0.00017702581
4286	-0.00010567905
4287	-0.00071990496
4288	-0.0011635424
4289	-0.0008202196
4290	-0.00015288593
4291	-0.000076711185
4292	-0.0006844998
4293	-0.0011340381
4294	-0.00081485516
4295	-0.0001550317
4296	-0.000068128116
4297	-0.0006791354
4298	-0.0011426212
4299	-0.000820756
4300	-0.00016683342
4301	-0.00007295609
4302	-0.00069415575
4303	-0.0011731983
4304	-0.0008529426
4305	-0.00019633771
4306	-0.00011104347
4307	-0.0007188321
4308	-0.0011742712
4309	-0.000830412
4310	-0.00016629697
4311	-0.00008153916
4312	-0.0006882549
4313	-0.0011522771
4314	-0.00083202135
4315	-0.00017541648
4316	-0.00007241965
4317	-0.00067377096
4318	-0.0011431576
4319	-0.00081753737
4320	-0.00016468765
4321	-0.00007241965
4322	-0.00068128115
4323	-0.0011458398
4324	-0.0008363129
4325	-0.00017273428
4326	-0.000074028976
4327	-0.0006732345
4328	-0.00115335
4329	-0.00085133326
4330	-0.00019150974
4331	-0.00009012223
4332	-0.0006861091
4333	-0.0011608602
4334	-0.0008647443
4335	-0.00019955637
4336	-0.00007885695
4337	-0.0006791354
4338	-0.0011571051
4339	-0.0008427502
4340	-0.00017970802
4341	-0.00006437302
4342	-0.00065928703
4343	-0.0011388661
4344	-0.0008336307
4345	-0.00017756225
4346	-0.0000756383
4347	-0.00067108875
4348	-0.0011474491
4349	-0.00084865105
4350	-0.0001909733
4351	-0.000085830696
4352	-0.00068396336
4353	-0.0011640788
4354	-0.0008684994
4355	-0.00021243098
4356	-0.000094413765
4357	-0.0006818176
4358	-0.001166761
4359	-0.0008566977
4360	-0.00019258262
4361	-0.0000756383
4362	-0.000668943
4363	-0.0011442305
4364	-0.00084865105
4365	-0.00019258262
4366	-0.00007885695
4367	-0.0006630421
4368	-0.0011372567
4369	-0.00085508835
4370	-0.0001909733
4371	-0.00005149842
4372	-0.0006533862
4373	-0.001139939
4374	-0.00084865105
4375	-0.00020599368
4376	-0.00008100272
4377	-0.0006662608
4378	-0.0011613966
4379	-0.0008803011
4380	-0.00022101405
4381	-0.000091731556
4382	-0.0006861091
4383	-0.0011689068
4384	-0.00088351977
4385	-0.00021725896
4386	-0.00006544591
4387	-0.0006469489
4388	-0.0011420847
4389	-0.0008647443
4390	-0.00019204618
4391	-0.000059008606
4392	-0.0006346107
4393	-0.0011308194
4394	-0.00085884344
4395	-0.00019848348
4396	-0.00006008149
4397	-0.00064641243
4398	-0.0011463762
4399	-0.00087547314
4400	-0.00020974877
4401	-0.000070810325
4402	-0.00065445906
4403	-0.0011619331
4404	-0.0008980037
4405	-0.00023818019
4406	-0.000092268
4407	-0.00065821415
4408	-0.0011544229
4409	-0.0008749367
4410	-0.00021564963
4411	-0.00006115437
4412	-0.0006367565
4413	-0.0011415483
4414	-0.0008776189
4415	-0.00021028522
4416	-0.00006115437
4417	-0.0006292463
4418	-0.0011297466
4419	-0.00086689007
4420	-0.00020813945
4421	-0.00006598235
4422	-0.0006394387
4423	-0.0011447669
4424	-0.00088834774
4425	-0.00022047761
4426	-0.00006008149
4427	-0.0006308556
4428	-0.0011394025
4429	-0.0008878113
4430	-0.00023978952
4431	-0.00007778407
4432	-0.00064533955
4433	-0.0011619331
4434	-0.0009006859
4435	-0.0002344251
4436	-0.00006008149
4437	-0.000622809
4438	-0.0011329652
4439	-0.00088191044
4440	-0.00023549798
4441	-0.000074028976
4442	-0.0006367565
4443	-0.0011490585
4444	-0.0008990766
4445	-0.00023227933
4446	-0.00006705523
4447	-0.00062602764
4448	-0.0011388661
4449	-0.00090122235
4450	-0.00024515393
4451	-0.00006330014
4452	-0.00062978273
4453	-0.0011544229
4454	-0.00091302407
4455	-0.0002499819
4456	-0.00007241965
4457	-0.0006367565
4458	-0.0011554958
4459	-0.00091516983
4460	-0.00024515393
4461	-0.000055253513
4462	-0.00061476236
4463	-0.0011286737
4464	-0.000886202
4465	-0.0002279878
4466	-0.000048816208
4467	-0.0006110073
4468	-0.0011324288
4469	-0.0008953215
4470	-0.00023978952
4471	-0.00005739928
4472	-0.00060456997
4473	-0.001135111
4474	-0.0009071232
4475	-0.0002344251
4476	-0.000052034862
4477	-0.0006088615
4478	-0.0011404754
4479	-0.00091946137
4480	-0.00025266412
4481	-0.000050961975
4482	-0.000599742
4483	-0.0011345745
4484	-0.0009146334
4485	-0.00025212768
4486	-0.000057935722
4487	-0.0006115437
4488	-0.0011463762
4489	-0.0009098054
4490	-0.00023657086
4491	-0.000032722954
4492	-0.00057345635
4493	-0.0011200906
4494	-0.0009022952
4495	-0.00024193528
4496	-0.00003808737
4497	-0.0005879403
4498	-0.0011318923
4499	-0.0009253622
4500	-0.00026500228
4501	-0.000073492534
4502	-0.00061851746
4503	-0.0011490585
4504	-0.0009366275
4505	-0.0002703667
4506	-0.00006866456
4507	-0.00060456997
4508	-0.0011394025
4509	-0.0009339453
4510	-0.0002612472
4511	-0.000050425533
4512	-0.0005911589
4513	-0.0011313559
4514	-0.00092321646
4515	-0.00024247172
4516	-0.000021457674
4517	-0.00056326395
4518	-0.001112044
4519	-0.0009264351
4520	-0.00026714805
4521	-0.000046134
4522	-0.00058525807
4523	-0.0011243821
4524	-0.00092589867
4525	-0.00027197602
4526	-0.000069201
4527	-0.0006110073
4528	-0.001163006
4529	-0.0009586216
4530	-0.0002869964
4531	-0.00006222726
4532	-0.00059545046
4533	-0.0011431576
4534	-0.0009339453
4535	-0.0002666116
4536	-0.00004935265
4537	-0.000576675
4538	-0.0011243821
4539	-0.00094091904
4540	-0.0002676845
4541	-0.000036478046
4542	-0.00057882076
4543	-0.001139939
4544	-0.00094252836
4545	-0.00027143958
4546	-0.000039696697
4547	-0.0005713106
4548	-0.0011249186
4549	-0.00094467413
4550	-0.0002741218
4551	-0.000035941604
4552	-0.0005793572
4553	-0.0011377932
4554	-0.00094091904
4555	-0.00027626756
4556	-0.000052571304
4557	-0.00058901316
4558	-0.0011426212
4559	-0.000950575
4560	-0.0002896786
4561	-0.00005418063
4562	-0.000571847
4563	-0.0011243821
4564	-0.0009317995
4565	-0.00026875737
4566	-0.000030577186
4567	-0.0005562902
4568	-0.001120627
4569	-0.00093072664
4570	-0.00025212768
4571	-0.000011801721
4572	-0.00055038935
4573	-0.0011157991
4574	-0.00094360125
4575	-0.0002805591
4576	-0.000047743324
4577	-0.0005804301
4578	-0.0011404754
4579	-0.00097847
4580	-0.0003165007
4581	-0.00006705523
4582	-0.0005847216
4583	-0.0011447669
4584	-0.00096935045
4585	-0.00030040744
4586	-0.000050961975
4587	-0.0005616546
4588	-0.001120627
4589	-0.00094467413
4590	-0.0002703667
4591	-0.000028967861
4592	-0.00055038935
4593	-0.0011066796
4594	-0.00094091904
4595	-0.0002794862
4596	-0.000036478046
4597	-0.00054019695
4598	-0.0011082889
4599	-0.0009495021
4600	-0.00030148032
4601	-0.00004935265
4602	-0.00056326395
4603	-0.0011463762
4604	-0.0009816886
4605	-0.0003127456
4606	-0.000048816208
4607	-0.000553608
4608	-0.0011222364
4609	-0.00096827757
4610	-0.00030469897
4611	-0.00004076958
4612	-0.00054770714
4613	-0.0011190177
4614	-0.00097203266
4615	-0.00031167272
4616	-0.000036478046
4617	-0.00054878
4618	-0.0011115075
4619	-0.0009516479
4620	-0.00029450658
4621	-0.000023603441
4622	-0.0005385876
4623	-0.001120627
4624	-0.00097042334
4625	-0.00030791762
4626	-0.000035941604
4627	-0.00053268677
4628	-0.0011109711
4629	-0.00097310555
4630	-0.0003202558
4631	-0.000048279766
4632	-0.00055146223
4633	-0.0011313559
4634	-0.0010047556
4635	-0.00033098462
4636	-0.00004076958
4637	-0.0005214215
4638	-0.0010916592
4639	-0.0009570123
4640	-0.00030040744
4641	-0.000021994116
4642	-0.0005192757
4643	-0.0010986329
4644	-0.0009596945
4645	-0.0002987981
4646	-0.000023603441
4647	-0.00051444775
4648	-0.0011029245
4649	-0.000973642
4650	-0.0003293753
4651	-0.000050425533
4652	-0.0005278588
4653	-0.0011039973
4654	-0.0009806157
4655	-0.00031811002
4656	-0.000030577186
4657	-0.00052195793
4658	-0.0011098982
4659	-0.00097847
4660	-0.00030952695
4661	-0.000011801721
4662	-0.00051176554
4663	-0.0011082889
4664	-0.0009811522
4665	-0.00030845407
4666	-0.000017702581
4667	-0.0005058647
4668	-0.0010954143
4669	-0.00097042334
4670	-0.00031220916
4671	-0.00002574921
4672	-0.0005112291
4673	-0.0011109711
4674	-0.0009999276
4675	-0.00034010413
4676	-0.00003165007
4677	-0.0005160571
4678	-0.0011066796
4679	-0.0009838344
4680	-0.00033259395
4681	-0.00002574921
4682	-0.0005192757
4683	-0.0011211635
4684	-0.0010074378
4685	-0.00033527616
4686	-0.000026285652
4687	-0.00050693756
4688	-0.0010900499
4689	-0.0009865166
4690	-0.00032347444
4691	-0.000023603441
4692	-0.0005021096
4693	-0.0010970236
4694	-0.0009929539
4695	-0.0003331304
4696	-0.000027894977
4697	-0.00049674517
4698	-0.0010830761
4699	-0.0009902717
4700	-0.00033259395
4701	-0.000018239023
4702	-0.00051176554
4703	-0.0011147262
4704	-0.0010181667
4705	-0.00034707788
4706	-0.000038623813
4707	-0.0005128384
4708	-0.0011050702
4709	-0.0010095836
4710	-0.0003561974
4711	-0.000025212767
4712	-0.0004881621
4713	-0.0010895134
4714	-0.0010010005
4715	-0.00034654143
4716	-0.000032722954
4717	-0.000489235
4718	-0.0010836126
4719	-0.0009983183
4720	-0.0003395677
4721	-0.000019848349
4722	-0.00048762566
4723	-0.0010927321
4724	-0.0010267497
4725	-0.00036317113
4726	-0.000026822094
4727	-0.00049674517
4728	-0.0011082889
4729	-0.001028359
4730	-0.00037658217
4731	-0.00004667044
4732	-0.000502646
4733	-0.0010921956
4734	-0.0010069014
4735	-0.00035405162
4736	-0.000019311907
4737	-0.0004742146
4738	-0.0010803939
4739	-0.0009999276
4740	-0.0003578067
4741	-0.000024676325
4742	-0.00047314173
4743	-0.0010723473
4744	-0.0009993912
4745	-0.00035190585
4746	-0.000012874605
4747	-0.0004742146
4748	-0.0010825397
4749	-0.001019776
4750	-0.00037497285
4751	-0.000036478046
4752	-0.00047636038
4753	-0.0010803939
4754	-0.0010170938
4755	-0.0003578067
4756	-0.00003111363
4757	-0.00049406296
4758	-0.0010932685
4759	-0.0010288955
4760	-0.00036853555
4761	-0.000025212767
4762	-0.00047314173
4763	-0.0010787846
4764	-0.0010133387
4765	-0.00036478046
4766	-0.0000144839305
4767	-0.00045812136
4768	-0.0010696651
4769	-0.0010069014
4770	-0.00036960843
4771	-0.000020921232
4772	-0.00046724087
4773	-0.0010921956
4774	-0.0010278226
4775	-0.00038409236
4776	-0.000046134
4777	-0.0004945994
4778	-0.0011131169
4779	-0.0010471345
4780	-0.00038677457
4781	-0.000048279766
4782	-0.00048708922
4783	-0.0011007787
4784	-0.0010412337
4785	-0.0003937483
4786	-0.000041306022
4787	-0.0004726053
4788	-0.0010846854
4789	-0.0010305048
4790	-0.00037765506
4791	-0.000019848349
4792	-0.00045704847
4793	-0.00106591
4794	-0.0010278226
4795	-0.00037765506
4796	-0.000025212767
4797	-0.00045973068
4798	-0.0010782481
4799	-0.0010310413
4800	-0.00039911273
4801	-0.00004667044
4802	-0.0004650951
4803	-0.0010803939
4804	-0.0010337235
4805	-0.0003883839
4806	-0.000026285652
4807	-0.00044095522
4808	-0.0010702015
4809	-0.0010444523
4810	-0.00038301948
4811	-0.000012874605
4812	-0.0004447103
4813	-0.0010626913
4814	-0.001028359
4815	-0.0003653169
4816	0.0000059008603
4817	-0.0004355908
4818	-0.0010664464
4819	-0.0010321141
4820	-0.0003819466
4821	-0.000013947489
4822	-0.00043505436
4823	-0.001056254
4824	-0.0010417701
4825	-0.00039803985
4826	-0.000019848349
4827	-0.000438273
4828	-0.0010734202
4829	-0.0010535718
4830	-0.00042754418
4831	-0.000041306022
4832	-0.0004549027
4833	-0.0010761024
4834	-0.0010567905
4835	-0.00040072206
4836	-0.000018239023
4837	-0.00043022638
4838	-0.0010541083
4839	-0.001033187
4840	-0.0004012585
4841	-0.000020921232
4842	-0.00041413313
4843	-0.0010417701
4844	-0.0010465981
4845	-0.00040555003
4846	-0.000015020372
4847	-0.00042861706
4848	-0.0010524989
4849	-0.0010326506
4850	-0.00038999322
4851	-0.000019848349
4852	-0.00043505436
4853	-0.0010573269
4854	-0.0010573269
4855	-0.00042325264
4856	-0.000024676325
4857	-0.00043129927
4858	-0.0010691286
4859	-0.0010524989
4860	-0.00040984157
4861	-0.000013947489
4862	-0.00041842466
4863	-0.0010535718
4864	-0.0010482074
4865	-0.0003975034
4866	-0.00000858307
4867	-0.00042057043
4868	-0.0010460616
4869	-0.0010465981
4870	-0.00040179494
4871	0
4872	-0.00039696696
4873	-0.0010299684
4874	-0.0010444523
4875	-0.00041091445
4876	-0.000030040745
4877	-0.0004291535
4878	-0.0010621549
4879	-0.0010653735
4880	-0.00042217976
4881	-0.000024676325
4882	-0.00042325264
4883	-0.0010535718
4884	-0.001056254
4885	-0.00043237215
4886	-0.000032722954
4887	-0.00042432552
4888	-0.0010578634
4889	-0.0010696651
4890	-0.00041788822
4891	0.00000053644186
4892	-0.00038677457
4893	-0.0010294319
4894	-0.0010406972
4895	-0.000410378
4896	-0.0000064373025
4897	-0.00038409236
4898	-0.0010240675
4899	-0.001051426
4900	-0.00043129927
4901	-0.00003433228
4902	-0.00042486197
4903	-0.0010669829
4904	-0.0010895134
4905	-0.00046348578
4906	-0.000044524673
4907	-0.00042432552
4908	-0.0010546447
4909	-0.0010723473
4910	-0.0004447103
4911	-0.000033795837
4912	-0.00042164332
4913	-0.0010600091
4914	-0.001084149
4915	-0.0004495383
4916	-0.000019848349
4917	-0.00038945678
4918	-0.0010406972
4919	-0.0010632278
4920	-0.00042861706
4921	-0.000008046628
4922	-0.00038784745
4923	-0.0010305048
4924	-0.0010653735
4925	-0.00044685608
4926	-0.000032722954
4927	-0.000410378
4928	-0.001051426
4929	-0.0010873677
4930	-0.00045919424
4931	-0.000035941604
4932	-0.00040555003
4933	-0.0010524989
4934	-0.0010803939
4935	-0.00044685608
4936	-0.000027358536
4937	-0.00040340426
4938	-0.0010492803
4939	-0.0010766388
4940	-0.00042700773
4941	0.000004291535
4942	-0.00035727027
4943	-0.001005292
4944	-0.0010567905
4945	-0.00043880945
4946	-0.0000021457674
4947	-0.00036585334
4948	-0.0010106565
4949	-0.0010621549
4950	-0.00044739252
4951	-0.00001716614
4952	-0.0003883839
4953	-0.0010412337
4954	-0.001079321
4955	-0.00045436627
4956	-0.00002574921
4957	-0.00039052966
4958	-0.0010519625
4959	-0.0011077524
4960	-0.0004806519
4961	-0.000032722954
4962	-0.00037926438
4963	-0.001024604
4964	-0.0010814668
4965	-0.00046938664
4966	-0.00003218651
4967	-0.0003808737
4968	-0.0010251404
4969	-0.0010873677
4970	-0.0004688502
4971	-0.0000144839305
4972	-0.00035995248
4973	-0.0010235311
4974	-0.001093805
4975	-0.00048279768
4976	-0.00003808737
4977	-0.00038301948
4978	-0.0010187031
4979	-0.0010809303
4980	-0.00046455866
4981	-0.000030040745
4982	-0.000369072
4983	-0.001005292
4984	-0.0010830761
4985	-0.0004726053
4986	-0.000023067
4987	-0.00036317113
4988	-0.0010122658
4989	-0.0010836126
4990	-0.00046992308
4991	-0.0000144839305
4992	-0.00034439567
4993	-0.0010036827
4994	-0.001084149
4995	-0.00047475105
4996	-0.00003808737
4997	-0.00037121776
4998	-0.0010165573
4999	-0.0010852219
5000	-0.0004854799
5001	-0.00004667044
5002	-0.00037711862
5003	-0.0010203124
5004	-0.0010991694
5005	-0.0004929901
5006	-0.00004345179
5007	-0.00037389997
5008	-0.0010262133
5009	-0.0010964872
5010	-0.00049030787
5011	-0.000038623813
5012	-0.00036853555
5013	-0.0010262133
5014	-0.0011066796
5015	-0.00049889093
5016	-0.000020921232
5017	-0.00034064057
5018	-0.0010004641
5019	-0.001093805
5020	-0.00048655277
5021	-0.000027358536
5022	-0.00035405162
5023	-0.0010181667
5024	-0.0011136533
5025	-0.00051337486
5026	-0.000045597557
5027	-0.00036960843
5028	-0.0010256768
5029	-0.0011216999
5030	-0.0005064011
5031	-0.00004076958
5032	-0.0003561974
5033	-0.0010181667
5034	-0.0011163355
5035	-0.00051444775
5036	-0.000035405163
5037	-0.00034546855
5038	-0.0010079743
5039	-0.0011056067
5040	-0.0004983545
5041	-0.000025212767
5042	-0.0003384948
