0	0.00035458806
1	0.00035995248
2	-0.0005627275
3	-0.0011270643
4	-0.00056058174
5	0.00035673383
6	0.00035995248
7	-0.000553608
8	-0.001135111
9	-0.0006110073
10	0.00031971934
11	0.0003486872
12	-0.0005552173
13	-0.0011506678
14	-0.0006533862
15	0.00024944547
16	0.00029128793
17	-0.00060296064
18	-0.0011919738
19	-0.00069415575
20	0.00022047761
21	0.00027143958
22	-0.0006077886
23	-0.001189828
24	-0.00068771845
25	0.00023978952
26	0.00030684474
27	-0.00058525807
28	-0.0011780263
29	-0.00068771845
30	0.00023496154
31	0.00029021504
32	-0.0005857945
33	-0.0011807085
34	-0.0006405116
35	0.00028645995
36	0.00033152106
37	-0.0005680919
38	-0.001143694
39	-0.0005884767
40	0.0003293753
41	0.00036048892
42	-0.00054019695
43	-0.0011243821
44	-0.0005804301
45	0.00034385922
46	0.00037497285
47	-0.0005267859
48	-0.001125455
49	-0.0005739928
50	0.0003395677
51	0.00038892034
52	-0.0005101562
53	-0.0011147262
54	-0.000581503
55	0.0003331304
56	0.0003717542
57	-0.000530541
58	-0.0011340381
59	-0.00063622004
60	0.00028860572
61	0.0003615618
62	-0.00051981217
63	-0.0011367203
64	-0.0006190539
65	0.00030148032
66	0.00035190585
67	-0.00054126984
68	-0.0011458398
69	-0.00060188776
70	0.00033742192
71	0.0003883839
72	-0.000507474
73	-0.0011313559
74	-0.00061476236
75	0.00030577186
76	0.00035673383
77	-0.0005267859
78	-0.0011404754
79	-0.00061208016
80	0.00032347444
81	0.00038141015
82	-0.0005176664
83	-0.001130283
84	-0.00060671574
85	0.0003191829
86	0.0003883839
87	-0.0005064011
88	-0.0011544229
89	-0.00069683796
90	0.00022262338
91	0.00032454732
92	-0.0005380512
93	-0.0011646153
94	-0.0007022024
95	0.00022315982
96	0.00033152106
97	-0.00054126984
98	-0.001176417
99	-0.0007322431
100	0.00019258262
101	0.00030791762
102	-0.0005589724
103	-0.0011538864
104	-0.0006367565
105	0.0002971888
106	0.000387311
107	-0.000502646
108	-0.0011318923
109	-0.0006136895
110	0.00031971934
111	0.000392139
112	-0.0004994274
113	-0.001130283
114	-0.0006217361
115	0.00030523541
116	0.00039428475
117	-0.00048333412
118	-0.0011195542
119	-0.00062602764
120	0.00030094388
121	0.00039321187
122	-0.00048655277
123	-0.0011077524
124	-0.0006072522
125	0.0003283024
126	0.000415206
127	-0.00048762566
128	-0.0011184813
129	-0.0006271005
130	0.0003063083
131	0.00040555003
132	-0.00048708922
133	-0.001158178
134	-0.0007408262
135	0.0001872182
136	0.00033044818
137	-0.0005332232
138	-0.0011742712
139	-0.0007435084
140	0.00019580127
141	0.00033634904
142	-0.0005241037
143	-0.0011710526
144	-0.0007435084
145	0.0001974106
146	0.00035029653
147	-0.000502646
148	-0.0011544229
149	-0.0007359982
150	0.00019204618
151	0.0003266931
152	-0.0005241037
153	-0.0011780263
154	-0.0007601381
155	0.00017488004
156	0.00032401088
157	-0.00052624947
158	-0.001176417
159	-0.0007601381
160	0.00017863513
161	0.0003358126
162	-0.00050532824
163	-0.0011608602
164	-0.0007397533
165	0.00019472839
166	0.00035458806
167	-0.0005021096
168	-0.0011635424
169	-0.0007601381
170	0.00017863513
171	0.0003395677
172	-0.00050532824
173	-0.001158178
174	-0.00075316435
175	0.00017488004
176	0.00034278634
177	-0.0004999638
178	-0.0011571051
179	-0.00074297196
180	0.00019633771
181	0.0003561974
182	-0.00049245363
183	-0.0011544229
184	-0.0007215143
185	0.00025963786
186	0.0004253984
187	-0.00045275694
188	-0.001125455
189	-0.0006732345
190	0.00027090314
191	0.0004076958
192	-0.00045543915
193	-0.0011147262
194	-0.0006716252
195	0.00027573112
196	0.00043076283
197	-0.00043880945
198	-0.0011125804
199	-0.0006973744
200	0.00024247172
201	0.0003937483
202	-0.00046080357
203	-0.0011458398
204	-0.0007681847
205	0.00015342237
206	0.00032615665
207	-0.000507474
208	-0.0011731983
209	-0.0007821322
210	0.00015449525
211	0.00033688548
212	-0.0004956723
213	-0.0011678339
214	-0.00078642374
215	0.00015074016
216	0.0003588796
217	-0.00047314173
218	-0.0011426212
219	-0.0007343889
220	0.00021350387
221	0.0003948212
222	-0.00044792896
223	-0.0011249186
224	-0.0006925464
225	0.00025427344
226	0.00043237215
227	-0.0004162789
228	-0.0011184813
229	-0.00075852877
230	0.000161469
231	0.00035458806
232	-0.0004688502
233	-0.0011479856
234	-0.00075048214
235	0.000207603
236	0.00040286782
237	-0.0004457832
238	-0.0011474491
239	-0.00077623135
240	0.00014376642
241	0.00034815076
242	-0.00048279768
243	-0.0011678339
244	-0.000774622
245	0.0001909733
246	0.0004039407
247	-0.000420034
248	-0.0011222364
249	-0.00077140337
250	0.00014913084
251	0.00035727027
252	-0.00046992308
253	-0.0011571051
254	-0.0007848144
255	0.00015395881
256	0.00037282708
257	-0.00044739252
258	-0.0011270643
259	-0.00070059305
260	0.00025802854
261	0.00045436627
262	-0.00039911273
263	-0.0011098982
264	-0.00068879133
265	0.00026178363
266	0.0004549027
267	-0.00038945678
268	-0.0010911227
269	-0.0006818176
270	0.0002601743
271	0.0004549027
272	-0.00038677457
273	-0.0011018516
274	-0.00069791084
275	0.0002510548
276	0.00043398148
277	-0.000415206
278	-0.0011420847
279	-0.0007692576
280	0.00018239023
281	0.0003985763
282	-0.0004355908
283	-0.0011490585
284	-0.00077891356
285	0.00018882753
286	0.00041735178
287	-0.0004050136
288	-0.0011410118
289	-0.0008116365
290	0.00011962654
291	0.00037014487
292	-0.00044041878
293	-0.0011571051
294	-0.0008191467
295	0.00010836126
296	0.00036746266
297	-0.00042808062
298	-0.0011377932
299	-0.0007756949
300	0.00018668176
301	0.00042325264
302	-0.00040823224
303	-0.0011227728
304	-0.00072097784
305	0.0002242327
306	0.00045758492
307	-0.00036746266
308	-0.0010895134
309	-0.00071722275
310	0.00022906068
311	0.00045382982
312	-0.00036692622
313	-0.0011195542
314	-0.00079447037
315	0.00016683342
316	0.00041842466
317	-0.00039643052
318	-0.0011190177
319	-0.0007343889
320	0.00021082166
321	0.00044041878
322	-0.0003653169
323	-0.0011007787
324	-0.0007971526
325	0.00013357402
326	0.0003975034
327	-0.00039321187
328	-0.0011115075
329	-0.0007397533
330	0.00021994117
331	0.00046348578
332	-0.00036048892
333	-0.0010884405
334	-0.0007241965
335	0.00023388866
336	0.00046992308
337	-0.00034707788
338	-0.001093805
339	-0.00074136263
340	0.0002113581
341	0.0004624129
342	-0.00035351518
343	-0.0011018516
344	-0.0007617474
345	0.00018399955
346	0.00044363743
347	-0.00036692622
348	-0.0011179448
349	-0.0008298756
350	0.000094413765
351	0.00038301948
352	-0.0004050136
353	-0.0011565686
354	-0.0008636714
355	0.00007456542
356	0.00038033727
357	-0.00039803985
358	-0.0011367203
359	-0.000820756
360	0.00013625623
361	0.00041949755
362	-0.00036102536
363	-0.0011093618
364	-0.00083309424
365	0.00008636714
366	0.00038784745
367	-0.00037604573
368	-0.001107216
369	-0.00076496607
370	0.0001807809
371	0.00045651203
372	-0.00034707788
373	-0.001107216
374	-0.00077730423
375	0.00017541648
376	0.00045168406
377	-0.00033742192
378	-0.00109756
379	-0.0007655025
380	0.000184536
381	0.0004650951
382	-0.00033044818
383	-0.0010868312
384	-0.00075852877
385	0.00018185379
386	0.00046455866
387	-0.00032240155
388	-0.0010750295
389	-0.0007537008
390	0.00018829109
391	0.00047099596
392	-0.0003256202
393	-0.0011007787
394	-0.0008572341
395	0.000052571304
396	0.00037068131
397	-0.000387311
398	-0.0011512042
399	-0.0009033681
400	0.000026822094
401	0.00036692622
402	-0.00037336352
403	-0.0011324288
404	-0.000876546
405	0.000053644188
406	0.00038516524
407	-0.0003578067
408	-0.0011002423
409	-0.00077945
410	0.00016951562
411	0.00046724087
412	-0.00029826167
413	-0.0010696651
414	-0.00077730423
415	0.00015878679
416	0.0004522205
417	-0.00030684474
418	-0.0010820032
419	-0.00079554325
420	0.00014752151
421	0.00045007473
422	-0.00031864646
423	-0.0010900499
424	-0.00080305344
425	0.00014269353
426	0.00045329338
427	-0.00032401088
428	-0.001093805
429	-0.000802517
430	0.00014966728
431	0.00046294933
432	-0.00030523541
433	-0.0010954143
434	-0.00084489596
435	0.00010621549
436	0.00044363743
437	-0.00030738118
438	-0.0010862948
439	-0.0007933975
440	0.00014001133
441	0.00045382982
442	-0.0003036261
443	-0.0010723473
444	-0.0007869602
445	0.00016200544
446	0.00047582394
447	-0.00028377774
448	-0.001070738
449	-0.000830412
450	0.00010621549
451	0.00044524675
452	-0.00029021504
453	-0.0010702015
454	-0.0007923246
455	0.00014913084
456	0.0004779697
457	-0.00027573112
458	-0.0010616184
459	-0.0007960797
460	0.00015181304
461	0.00048762566
462	-0.0002730489
463	-0.0010616184
464	-0.0008051992
465	0.00013625623
466	0.00047367817
467	-0.0002741218
468	-0.0010551811
469	-0.00079822546
470	0.00013089181
471	0.00047314173
472	-0.0002741218
473	-0.0010702015
474	-0.0008164645
475	0.00012713672
476	0.00046831375
477	-0.00027787688
478	-0.00106591
479	-0.0008229018
480	0.000115335
481	0.00047367817
482	-0.00026607516
483	-0.0010621549
484	-0.0008143187
485	0.0001255274
486	0.00047689682
487	-0.00025856498
488	-0.001056254
489	-0.00081485516
490	0.0001282096
491	0.00047099596
492	-0.00027626756
493	-0.0010712744
494	-0.0008277298
495	0.00011479856
496	0.00046938664
497	-0.00026446584
498	-0.0010621549
499	-0.00081110006
500	0.00013411047
501	0.00048601633
502	-0.0002446175
503	-0.0010524989
504	-0.0008298756
505	0.00010675193
506	0.0004779697
507	-0.0002499819
508	-0.0010605456
509	-0.00083738577
510	0.00010621549
511	0.0004881621
512	-0.00023549798
513	-0.0010503532
514	-0.00082665693
515	0.00010782482
516	0.0004806519
517	-0.00023657086
518	-0.001038015
519	-0.0008100272
520	0.00012016298
521	0.00049889093
522	-0.00022101405
523	-0.0010353328
524	-0.00082236534
525	0.00010138751
526	0.00047367817
527	-0.000253737
528	-0.0010750295
529	-0.0009210707
530	-0.000024676325
531	0.00038570169
532	-0.00029557946
533	-0.0010964872
534	-0.0008776189
535	0.00006115437
536	0.00045382982
537	-0.00023388866
538	-0.0010417701
539	-0.00083738577
540	0.00008636714
541	0.00046938664
542	-0.00022315982
543	-0.0010305048
544	-0.0008389951
545	0.00006115437
546	0.00043988234
547	-0.00021940473
548	-0.0009773971
549	-0.00078803307
550	0.0000010728837
551	0.00029826167
552	-0.0002987981
553	-0.0009580852
554	-0.00075960165
555	0.000033795837
556	0.00033634904
557	-0.00026875737
558	-0.0009350182
559	-0.00073921686
560	0.000041842464
561	0.00033366683
562	-0.000276804
563	-0.0009419919
564	-0.0007408262
565	0.000039696697
566	0.00032883885
567	-0.00028860572
568	-0.00096935045
569	-0.0007703305
570	0.000010728837
571	0.00031435493
572	-0.0002794862
573	-0.00094091904
574	-0.00075316435
575	0.000030577186
576	0.00034117702
577	-0.00025802854
578	-0.0009301902
579	-0.00075209147
580	0.000030040745
581	0.00033795836
582	-0.00026553872
583	-0.0009478928
584	-0.0007665754
585	0.000009655953
586	0.00033366683
587	-0.00025534633
588	-0.0009301902
589	-0.0007601381
590	0.00002038479
591	0.0003266931
592	-0.00025534633
593	-0.0009301902
594	-0.0007472635
595	0.00003433228
596	0.0003524423
597	-0.00023067
598	-0.00091302407
599	-0.00074940926
600	0.000026285652
601	0.00033903125
602	-0.0002510548
603	-0.00093340885
604	-0.0007681847
605	0.000011265279
606	0.00032722953
607	-0.00026714805
608	-0.0009419919
609	-0.0007681847
610	0.000004291535
611	0.00032240155
612	-0.00025963786
613	-0.0009441377
614	-0.00077730423
615	0.000011265279
616	0.0003395677
617	-0.00024032596
618	-0.00092321646
619	-0.0007644296
620	0.000016093256
621	0.0003449321
622	-0.00023120645
623	-0.00092589867
624	-0.00077730423
625	-0.0000010728837
626	0.00034010413
627	-0.00023227933
628	-0.00092697155
629	-0.000774622
630	0.000007510186
631	0.00034546855
632	-0.00022745135
633	-0.00091141474
634	-0.0007601381
635	0.000015556814
636	0.00035458806
637	-0.0002215505
638	-0.00091785204
639	-0.00077730423
640	0.000011265279
641	0.00035458806
642	-0.00020813945
643	-0.00090014946
644	-0.0007719398
645	-0.0000010728837
646	0.0003449321
647	-0.0002242327
648	-0.0009199978
649	-0.00077354914
650	0.000009655953
651	0.00035727027
652	-0.0002113581
653	-0.0009033681
654	-0.0007676483
655	0.000007510186
656	0.00036692622
657	-0.00020062925
658	-0.00091141474
659	-0.000784278
660	-0.000013947489
661	0.00033688548
662	-0.00022584203
663	-0.0009285809
664	-0.000797689
665	-0.000029504303
666	0.00032132867
667	-0.00023013356
668	-0.0009377004
669	-0.0008164645
670	-0.00003165007
671	0.0003320575
672	-0.00022476914
673	-0.00092160713
674	-0.0008003712
675	-0.000030577186
676	0.00033742192
677	-0.00021296742
678	-0.0009237529
679	-0.00080949074
680	-0.000024676325
681	0.00035995248
682	-0.00019526483
683	-0.00091302407
684	-0.00078535086
685	-0.0000032186513
686	0.000364244
687	-0.00018990041
688	-0.000899613
689	-0.0007832051
690	-0.000016629698
691	0.00035351518
692	-0.0001936555
693	-0.00090873253
694	-0.0008041263
695	-0.000022530558
696	0.0003551245
697	-0.00020867589
698	-0.0009199978
699	-0.00081753737
700	-0.000036478046
701	0.000346005
702	-0.00019419195
703	-0.0009033681
704	-0.00080305344
705	-0.00003755093
706	0.0003331304
707	-0.00021243098
708	-0.00091946137
709	-0.00081217295
710	-0.00003808737
711	0.00035083297
712	-0.000184536
713	-0.000909269
714	-0.00082129246
715	-0.000042378906
716	0.00034761432
717	-0.00018829109
718	-0.00091034186
719	-0.00080949074
720	-0.00004667044
721	0.00033688548
722	-0.00019901992
723	-0.00092321646
724	-0.0008239747
725	-0.000045061115
726	0.00034064057
727	-0.00018185379
728	-0.00090014946
729	-0.00081110006
730	-0.000052034862
731	0.00034815076
732	-0.00017058851
733	-0.0009033681
734	-0.0008314849
735	-0.000046134
736	0.00034922364
737	-0.00018239023
738	-0.0009124876
739	-0.0008229018
740	-0.000050425533
741	0.00035566094
742	-0.00017970802
743	-0.0009022952
744	-0.0008202196
745	-0.00005471707
746	0.00034546855
747	-0.00017327072
748	-0.00090658676
749	-0.0008363129
750	-0.000064909465
751	0.00034117702
752	-0.00017917158
753	-0.000899613
754	-0.00082451117
755	-0.000056326397
756	0.00035029653
757	-0.00017005207
758	-0.0009022952
759	-0.00083524
760	-0.00006383658
761	0.00034976008
762	-0.00015985967
763	-0.0008803011
764	-0.00082933914
765	-0.000070810325
766	0.0003358126
767	-0.00016844274
768	-0.00089102995
769	-0.00083202135
770	-0.00007456542
771	0.0003551245
772	-0.00014054777
773	-0.00087815535
774	-0.0008116365
775	-0.000047206882
776	0.000364244
777	-0.00014752151
778	-0.0008786918
779	-0.00082665693
780	-0.000068128116
781	0.00035673383
782	-0.00015074016
783	-0.0008926393
784	-0.0008829833
785	-0.00016307832
786	0.00028645995
787	-0.00018775465
788	-0.00091677916
789	-0.00089639437
790	-0.00017380716
791	0.00026714805
792	-0.00020867589
793	-0.00091516983
794	-0.00086259854
795	-0.00009655953
796	0.00034385922
797	-0.00014001133
798	-0.00086528074
799	-0.00082451117
800	-0.00007832051
801	0.00035190585
802	-0.00014322998
803	-0.00087815535
804	-0.00084328663
805	-0.00008636714
806	0.00034654143
807	-0.00014698507
808	-0.00088351977
809	-0.00084596884
810	-0.000082612045
811	0.0003653169
812	-0.0001282096
813	-0.00088995707
814	-0.0008658172
815	-0.00010353328
816	0.0003422499
817	-0.00011962654
818	-0.00085616123
819	-0.0008416773
820	-0.000091195114
821	0.0003561974
822	-0.00012284519
823	-0.0008674265
824	-0.0008529426
825	-0.000097632415
826	0.00035458806
827	-0.00012713672
828	-0.00087815535
829	-0.000853479
830	-0.00009495021
831	0.0003588796
832	-0.00011372568
833	-0.0008599163
834	-0.0008454324
835	-0.00009012223
836	0.00036692622
837	-0.00011211635
838	-0.0008491875
839	-0.0008470417
840	-0.00010782482
841	0.00035458806
842	-0.00010943414
843	-0.0008566977
844	-0.0008507968
845	-0.000121772304
846	0.0003331304
847	-0.00012230875
848	-0.00086689007
849	-0.0009119512
850	-0.00021296742
851	0.00026983026
852	-0.000161469
853	-0.0008980037
854	-0.0008969308
855	-0.0001448393
856	0.00033152106
857	-0.0001255274
858	-0.00086528074
859	-0.0008684994
860	-0.00013303758
861	0.00034546855
862	-0.00010246039
863	-0.0008599163
864	-0.0008695723
865	-0.00012981893
866	0.0003524423
867	-0.00009065867
868	-0.0008454324
869	-0.0008674265
870	-0.00013035537
871	0.0003422499
872	-0.000113189235
873	-0.0008636714
874	-0.000886202
875	-0.00014591218
876	0.0003331304
877	-0.000110507026
878	-0.0008658172
879	-0.0009248258
880	-0.00023764375
881	0.00027626756
882	-0.00013571979
883	-0.0008701087
884	-0.0009355546
885	-0.00025856498
886	0.00024569037
887	-0.00016254188
888	-0.0008958579
889	-0.0009623767
890	-0.00027519467
891	0.00024569037
892	-0.0001577139
893	-0.0008878113
894	-0.00094467413
895	-0.00024622682
896	0.00026875737
897	-0.00013571979
898	-0.00088083756
899	-0.000945747
900	-0.0002510548
901	0.00026178363
902	-0.00013518335
903	-0.0008776189
904	-0.00090873253
905	-0.00017327072
906	0.0003266931
907	-0.00008904935
908	-0.00084865105
909	-0.0008888842
910	-0.00016093256
911	0.00033527616
912	-0.000092268
913	-0.00084972393
914	-0.0008969308
915	-0.00015932323
916	0.00034976008
917	-0.00007617474
918	-0.00082665693
919	-0.0008684994
920	-0.0001282096
921	0.00037765506
922	-0.000050425533
923	-0.0008180738
924	-0.00087547314
925	-0.00014805795
926	0.00036370757
927	-0.00006008149
928	-0.00082558405
929	-0.00087708246
930	-0.00015395881
931	0.00035834315
932	-0.000052034862
933	-0.00081485516
934	-0.00092268
935	-0.00026178363
936	0.00026500228
937	-0.000121772304
938	-0.0008738638
939	-0.0009800793
940	-0.00030308965
941	0.00023281577
942	-0.00013089181
943	-0.0008722545
944	-0.00096827757
945	-0.00030148032
946	0.0002371073
947	-0.0001282096
948	-0.0008701087
949	-0.00096666825
950	-0.00029772523
951	0.00024193528
952	-0.00012123586
953	-0.0008529426
954	-0.00090658676
955	-0.00018560888
956	0.00034546855
957	-0.00004076958
958	-0.0008014441
959	-0.00088191044
960	-0.00016844274
961	0.0003679991
962	-0.000024676325
963	-0.0008078814
964	-0.00090122235
965	-0.00018024446
966	0.00035297874
967	-0.00003433228
968	-0.0007987619
969	-0.0008797647
970	-0.000161469
971	0.00036209825
972	-0.000033259395
973	-0.00080680853
974	-0.0009006859
975	-0.0001807809
976	0.00035458806
977	-0.000038623813
978	-0.0008078814
979	-0.0009596945
980	-0.00031864646
981	0.00024354461
982	-0.00010246039
983	-0.0008502604
984	-0.0009795428
985	-0.00031757358
986	0.00024354461
987	-0.000104069724
988	-0.00086420786
989	-0.0009832979
990	-0.00028109553
991	0.00029450658
992	-0.000068128116
993	-0.0008298756
994	-0.0009795428
995	-0.00033098462
996	0.00023120645
997	-0.00010567905
998	-0.0008470417
999	-0.0009795428
1000	-0.00026607516
1001	0.00029826167
1002	-0.00005686284
1003	-0.00082451117
1004	-0.0009800793
1005	-0.00033098462
1006	0.00022637847
1007	-0.00011265279
1008	-0.00086420786
1009	-0.0009977819
1010	-0.00034976008
1011	0.00022906068
1012	-0.00010138751
1013	-0.00084221375
1014	-0.00097847
1015	-0.00029933456
1016	0.00028753284
1017	-0.000045061115
1018	-0.0008100272
1019	-0.0009795428
1020	-0.00034546855
1021	0.00022852424
1022	-0.000079929836
1023	-0.0008389951
1024	-0.000996709
1025	-0.00035190585
1026	0.00022584203
1027	-0.00008368493
1028	-0.00083094847
1029	-0.0009945632
1030	-0.00034117702
1031	0.0002446175
1032	-0.00006973744
1033	-0.00082129246
1034	-0.0009854437
1035	-0.00034546855
1036	0.0002446175
1037	-0.00006866456
1038	-0.0008191467
1039	-0.00094467413
1040	-0.00023818019
1041	0.00034278634
1042	0.00000858307
1043	-0.0007676483
1044	-0.00091141474
1045	-0.00022047761
1046	0.00035458806
1047	0.000007510186
1048	-0.0007783771
1049	-0.00093340885
1050	-0.00024354461
1051	0.00033420327
1052	0.0000016093256
1053	-0.00077730423
1054	-0.00095754873
1055	-0.00030094388
1056	0.00029397014
1057	-0.000028967861
1058	-0.0007933975
1059	-0.00094360125
1060	-0.00025427344
1061	0.00032079223
1062	-0.0000064373025
1063	-0.00078642374
1064	-0.0009795428
1065	-0.00031059983
1066	0.0002971888
1067	-0.000016629698
1068	-0.0007998348
1069	-0.0009607674
1070	-0.00025963786
1071	0.00034815076
1072	0.000032722954
1073	-0.0007579923
1074	-0.000927508
1075	-0.00024300817
1076	0.00035190585
1077	0.000026285652
1078	-0.0007601381
1079	-0.0009183885
1080	-0.0002279878
1081	0.00036209825
1082	0.000030577186
1083	-0.00076496607
1084	-0.00094091904
1085	-0.00026500228
1086	0.00033152106
1087	0.000026822094
1088	-0.00075852877
1089	-0.0009672047
1090	-0.0003202558
1091	0.00028753284
1092	-0.0000064373025
1093	-0.00078535086
1094	-0.0010090471
1095	-0.00038570169
1096	0.00023657086
1097	-0.00003433228
1098	-0.0007896424
1099	-0.0009521843
1100	-0.00027841332
1101	0.00032347444
1102	0.000020921232
1103	-0.0007574559
1104	-0.00093448174
1105	-0.0002601743
1106	0.0003449321
1107	0.000045597557
1108	-0.00073546177
1109	-0.00092428934
1110	-0.00025695565
1111	0.0003561974
1112	0.00005471707
1113	-0.00074028975
1114	-0.0009414555
1115	-0.00028216842
1116	0.00033634904
1117	0.000048279766
1118	-0.0007461906
1119	-0.0009521843
1120	-0.00028914216
1121	0.0003256202
1122	0.00003486872
1123	-0.00074136263
1124	-0.0009532572
1125	-0.0002971888
1126	0.00031381848
1127	0.00003433228
1128	-0.0007343889
1129	-0.0009484292
1130	-0.00030040744
1131	0.00030738118
1132	0.00003218651
1133	-0.00075423723
1134	-0.00096666825
1135	-0.0003063083
1136	0.0003256202
1137	0.000057935722
1138	-0.00072473293
1139	-0.0009484292
1140	-0.00029826167
1141	0.00032401088
1142	0.000052571304
1143	-0.00072097784
1144	-0.0009806157
1145	-0.00039964917
1146	0.00023120645
1147	-0.0000032186513
1148	-0.0007719398
1149	-0.0010176302
1150	-0.000443101
1151	0.0001807809
1152	-0.000029504303
1153	-0.0007676483
1154	-0.0010085107
1155	-0.00041574246
1156	0.00022745135
1157	0.0000021457674
1158	-0.0007579923
1159	-0.0010095836
1160	-0.00043129927
1161	0.0002177954
1162	0.000007510186
1163	-0.0007574559
1164	-0.0010192395
1165	-0.00044739252
1166	0.00018936397
1167	-0.000039696697
1168	-0.00080466276
1169	-0.0010578634
1170	-0.00046187645
1171	0.00019901992
1172	0.0000016093256
1173	-0.0007488728
1174	-0.0010154844
1175	-0.00045436627
1176	0.00019258262
1177	-0.0000016093256
1178	-0.0007547737
1179	-0.0010192395
1180	-0.00044041878
1181	0.00020438434
1182	0.0000059008603
1183	-0.0007451177
1184	-0.0010090471
1185	-0.00039643052
1186	0.00027573112
1187	0.000057935722
1188	-0.0007177592
1189	-0.0010079743
1190	-0.0004355908
1191	0.00022584203
1192	0.00002574921
1193	-0.000733316
1194	-0.0010047556
1195	-0.0003937483
1196	0.00027734044
1197	0.00006437302
1198	-0.0007048846
1199	-0.0009672047
1200	-0.00034117702
1201	0.00031811002
1202	0.00009816886
1203	-0.0006844998
1204	-0.00095540297
1205	-0.00034976008
1206	0.00030738118
1207	0.000094413765
1208	-0.00069683796
1209	-0.0009999276
1210	-0.00040447715
1211	0.00026339295
1212	0.000069201
1213	-0.00069308287
1214	-0.00096666825
1215	-0.00036317113
1216	0.00029182437
1217	0.00009495021
1218	-0.00068235403
1219	-0.0009661318
1220	-0.0003513694
1221	0.00030738118
1222	0.00009709597
1223	-0.0006861091
1224	-0.00097310555
1225	-0.0003588796
1226	0.00030791762
1227	0.00010675193
1228	-0.00067484385
1229	-0.00095379364
1230	-0.00034707788
1231	0.0003165007
1232	0.0001088977
1233	-0.00066733366
1234	-0.0009532572
1235	-0.00035566094
1236	0.00030738118
1237	0.00011157991
1238	-0.0006694794
1239	-0.00097310555
1240	-0.00037658217
1241	0.00029397014
1242	0.00010299684
1243	-0.0006882549
1244	-0.0010213853
1245	-0.0004457832
1246	0.00024837258
1247	0.000082612045
1248	-0.0006882549
1249	-0.000991881
1250	-0.00038892034
1251	0.00030791762
1252	0.00012981893
1253	-0.0006614328
1254	-0.00097203266
1255	-0.00037658217
1256	0.00030416253
1257	0.00012069942
1258	-0.0006598235
1259	-0.00097042334
1260	-0.0003755093
1261	0.00030416253
1262	0.00012284519
1263	-0.00065553194
1264	-0.0010010005
1265	-0.00048494345
1266	0.00019794704
1267	0.000061690815
1268	-0.0007011295
1269	-0.0010385514
1270	-0.00051176554
1271	0.00018346311
1272	0.00005418063
1273	-0.0007064939
1274	-0.0010181667
1275	-0.000415206
1276	0.00027841332
1277	0.00011855365
1278	-0.0006549955
1279	-0.0009747149
1280	-0.0003975034
1281	0.00029557946
1282	0.0001346469
1283	-0.0006474853
1284	-0.0009988548
1285	-0.00045543915
1286	0.00024515393
1287	0.00010299684
1288	-0.00066196924
1289	-0.0010111929
1290	-0.0004677773
1291	0.00023978952
1292	0.00009495021
1293	-0.0006828905
1294	-0.0010337235
1295	-0.0005160571
1296	0.0001780987
1297	0.00006866456
1298	-0.0006898642
1299	-0.0010342599
1300	-0.00051552063
1301	0.00018560888
1302	0.00007188321
1303	-0.00068235403
1304	-0.0010117294
1305	-0.00043129927
1306	0.00027734044
1307	0.00013089181
1308	-0.00064909464
1309	-0.0010213853
1310	-0.00052088505
1311	0.00018131734
1312	0.000079929836
1313	-0.000668943
1314	-0.0010117294
1315	-0.0004393459
1316	0.00028002265
1317	0.00014966728
1318	-0.00062334543
1319	-0.000982225
1320	-0.00042057043
1321	0.00028270486
1322	0.00015181304
1323	-0.00062119967
1324	-0.0009698869
1325	-0.00041949755
1326	0.00027734044
1327	0.00014966728
1328	-0.00062334543
1329	-0.001001537
1330	-0.00046616798
1331	0.00024890903
1332	0.00015449525
1333	-0.00061208016
1334	-0.0009849073
1335	-0.000438273
1336	0.0002805591
1337	0.00015985967
1338	-0.0006163717
1339	-0.0009908081
1340	-0.0004447103
1341	0.00027465823
1342	0.00016951562
1343	-0.0006088615
1344	-0.0009859802
1345	-0.00044363743
1346	0.0002601743
1347	0.00014269353
1348	-0.0006206632
1349	-0.0009865166
1350	-0.00043505436
1351	0.00028377774
1352	0.00018346311
1353	-0.0005804301
1354	-0.0009709598
1355	-0.0004457832
1356	0.00026553872
1357	0.00017541648
1358	-0.0005943776
1359	-0.0009806157
1360	-0.00045382982
1361	0.00026232007
1362	0.00017058851
1363	-0.00060456997
1364	-0.0010031463
1365	-0.00046724087
1366	0.00025266412
1367	0.00017273428
1368	-0.00058633095
1369	-0.0010176302
1370	-0.0005680919
1371	0.00014376642
1372	0.00009924174
1373	-0.0006271005
1374	-0.0010310413
1375	-0.000571847
1376	0.00015181304
1377	0.0000987053
1378	-0.0006367565
1379	-0.0010385514
1380	-0.00054019695
1381	0.00020062925
1382	0.00014752151
1383	-0.0006206632
1384	-0.0010374786
1385	-0.000581503
1386	0.00013893844
1387	0.0001088977
1388	-0.00062978273
1389	-0.0010503532
1390	-0.0005879403
1391	0.00013732912
1392	0.00011855365
1393	-0.00062602764
1394	-0.0010524989
1395	-0.00058525807
1396	0.00014966728
1397	0.00012981893
1398	-0.00061047083
1399	-0.001028359
1400	-0.0005654097
1401	0.00015342237
1402	0.0001255274
1403	-0.0006126166
1404	-0.0010385514
1405	-0.0005879403
1406	0.00015342237
1407	0.00013357402
1408	-0.0006136895
1409	-0.0010181667
1410	-0.0005058647
1411	0.00023013356
1412	0.00018990041
1413	-0.00056433683
1414	-0.0009897352
1415	-0.0004919172
1416	0.00024247172
1417	0.00018990041
1418	-0.00057345635
1419	-0.001001537
1420	-0.00050532824
1421	0.00022530559
1422	0.00019901992
1423	-0.00055038935
1424	-0.0009849073
1425	-0.00048655277
1426	0.00025212768
1427	0.00021511319
1428	-0.00055307156
1429	-0.0010170938
1430	-0.00054931646
1431	0.0002113581
1432	0.00019258262
1433	-0.00056862837
1434	-0.0010310413
1435	-0.0005756021
1436	0.00018399955
1437	0.00017327072
1438	-0.00057452923
1439	-0.0010240675
1440	-0.0005782843
1441	0.00017380716
1442	0.00016522409
1443	-0.0005638004
1444	-0.00101012
1445	-0.0005868674
1446	0.00014162065
1447	0.00014913084
1448	-0.00059008604
1449	-0.001038015
1450	-0.0006271005
1451	0.00011426212
1452	0.00014430286
1453	-0.0005777479
1454	-0.0010267497
1455	-0.0005562902
1456	0.00019794704
1457	0.00019258262
1458	-0.000553608
1459	-0.0010111929
1460	-0.0005680919
1461	0.00019901992
1462	0.00020706657
1463	-0.0005385876
1464	-0.0009961725
1465	-0.0005251766
1466	0.00023335221
1467	0.00021940473
1468	-0.00053751474
1469	-0.0009929539
1470	-0.0005251766
1471	0.00023174289
1472	0.00023388866
1473	-0.000525713
1474	-0.0009924175
1475	-0.00052356726
1476	0.00022369626
1477	0.00022906068
1478	-0.0005251766
1479	-0.0009924175
1480	-0.0005214215
1481	0.00023925307
1482	0.000253737
1483	-0.0005010367
1484	-0.0009854437
1485	-0.00053107744
1486	0.00020653012
1487	0.00022691491
1488	-0.0005160571
1489	-0.0009891988
1490	-0.0005241037
1491	0.00024032596
1492	0.0002628565
1493	-0.0004806519
1494	-0.00097417843
1495	-0.00052356726
1496	0.00022530559
1497	0.00024300817
1498	-0.0004972816
1499	-0.00097578776
1500	-0.0005187393
1501	0.00022745135
1502	0.00024622682
1503	-0.00049138075
1504	-0.0009779335
1505	-0.0005562902
1506	0.00019472839
1507	0.00022315982
1508	-0.00051820284
1509	-0.0010036827
1510	-0.00054502493
1511	0.00022047761
1512	0.00025427344
1513	-0.00048387056
1514	-0.0009790064
1515	-0.00054931646
1516	0.0002113581
1517	0.00025212768
1518	-0.00049406296
1519	-0.0010042192
1520	-0.00063997513
1521	0.00009977818
1522	0.00017327072
1523	-0.0005396605
1524	-0.0010106565
1525	-0.00056862837
1526	0.00020331146
1527	0.0002472997
1528	-0.0004935265
1529	-0.0010026098
1530	-0.0006485582
1531	0.000091195114
1532	0.00016951562
1533	-0.0005434156
1534	-0.0010471345
1535	-0.00064909464
1536	0.00013947488
1537	0.00023281577
1538	-0.00049030787
1539	-0.0010122658
1540	-0.00063622004
1541	0.00014001133
1542	0.00022745135
1543	-0.0004929901
1544	-0.0010031463
1545	-0.0006448031
1546	0.00009602309
1547	0.00019311906
1548	-0.0005101562
1549	-0.0010133387
1550	-0.0005943776
1551	0.00016844274
1552	0.00022906068
1553	-0.000489235
1554	-0.0010004641
1555	-0.0005922318
1556	0.00017702581
1557	0.00026553872
1558	-0.00045382982
1559	-0.00097847
1560	-0.0005906225
1561	0.00019204618
1562	0.00027197602
1563	-0.0004522205
1564	-0.000973642
1565	-0.00057989365
1566	0.00018131734
1567	0.00025320056
1568	-0.0004752875
1569	-0.0009886624
1570	-0.00057989365
1571	0.00018990041
1572	0.0002741218
1573	-0.00045275694
1574	-0.0009854437
1575	-0.00059008604
1576	0.00017058851
1577	0.00026178363
1578	-0.00045329338
1579	-0.0009827615
1580	-0.00060027844
1581	0.00016307832
1582	0.0002446175
1583	-0.00047582394
1584	-0.0010031463
1585	-0.0006034971
1586	0.00018560888
1587	0.00028538707
1588	-0.00043505436
1589	-0.0009827615
1590	-0.0006034971
1591	0.00017112495
1592	0.0002741218
1593	-0.00043129927
1594	-0.000968814
1595	-0.0005986691
1596	0.00017112495
1597	0.00027626756
1598	-0.00043988234
1599	-0.0009816886
1600	-0.00060939795
1601	0.0001448393
1602	0.00026875737
1603	-0.00042593485
1604	-0.0009913446
1605	-0.0006566048
1606	0.00011855365
1607	0.00024300817
1608	-0.00045168406
1609	-0.0009956361
1610	-0.000617981
1611	0.0001641512
1612	0.00028377774
1613	-0.00042217976
1614	-0.0009725691
1615	-0.0006190539
1616	0.00015074016
1617	0.00027519467
1618	-0.0004227162
1619	-0.000982225
1620	-0.00062227255
1621	0.00015234949
1622	0.00028109553
1623	-0.00042486197
1624	-0.0009854437
1625	-0.00061959034
1626	0.00016361476
1627	0.00029397014
1628	-0.00041413313
1629	-0.0009843708
1630	-0.0006335378
1631	0.00016254188
1632	0.0002971888
1633	-0.0004114509
1634	-0.0009747149
1635	-0.00061476236
1636	0.00016039611
1637	0.00029557946
1638	-0.000410378
1639	-0.00097847
1640	-0.0006271005
1641	0.00013679267
1642	0.00027841332
1643	-0.00040608647
1644	-0.000987053
1645	-0.0006984473
1646	0.000055789955
1647	0.00022959712
1648	-0.00045275694
1649	-0.0010310413
1650	-0.0007547737
1651	0.0000053644185
1652	0.00018292667
1653	-0.00046831375
1654	-0.0010192395
1655	-0.0006753803
1656	0.00011211635
1657	0.00027573112
1658	-0.00040447715
1659	-0.0009908081
1660	-0.00072634226
1661	0.000020921232
1662	0.00021350387
1663	-0.00045382982
1664	-0.0010364057
1665	-0.00076496607
1666	-0.0000064373025
1667	0.00020331146
1668	-0.00045007473
1669	-0.0010310413
1670	-0.0007628203
1671	-0.0000032186513
1672	0.00021350387
1673	-0.00043344504
1674	-0.0010256768
1675	-0.00073760754
1676	0.00005418063
1677	0.00024890903
1678	-0.00041681534
1679	-0.0010106565
1680	-0.00071829563
1681	0.00006973744
1682	0.00026232007
1683	-0.0003975034
1684	-0.0009859802
1685	-0.0006764532
1686	0.000115871444
1687	0.00029826167
1688	-0.0003808737
1689	-0.0009747149
1690	-0.00067001587
1691	0.00011157991
1692	0.0003036261
1693	-0.00037121776
1694	-0.0009698869
1695	-0.00067108875
1696	0.00010621549
1697	0.00029182437
1698	-0.00037658217
1699	-0.00097042334
1700	-0.0006603599
1701	0.00013357402
1702	0.00032776597
1703	-0.0003524423
1704	-0.00096398604
1705	-0.00068128115
1706	0.00010138751
1707	0.00030684474
1708	-0.00034439567
1709	-0.00095272076
1710	-0.00065928703
1711	0.0001255274
1712	0.0003025532
1713	-0.00036853555
1714	-0.0009768606
1715	-0.0006807447
1716	0.00011694433
1717	0.00033420327
1718	-0.00032991174
1719	-0.00095915806
1720	-0.0006818176
1721	0.000100314624
1722	0.0003165007
1723	-0.00034332278
1724	-0.00096398604
1725	-0.0006898642
1726	0.000091195114
1727	0.00031971934
1728	-0.00032722953
1729	-0.0009495021
1730	-0.0006861091
1731	0.00010138751
1732	0.00032347444
1733	-0.00032883885
1734	-0.00095111143
1735	-0.0006834269
1736	0.00010246039
1737	0.00031328204
1738	-0.00034546855
1739	-0.0009677411
1740	-0.0006946922
1741	0.0000987053
1742	0.00033098462
1743	-0.0003320575
1744	-0.00095540297
1745	-0.00070327526
1746	0.00008100272
1747	0.00031971934
1748	-0.00034546855
1749	-0.0009747149
1750	-0.0007075668
1751	0.00007724763
1752	0.00030791762
1753	-0.00033420327
1754	-0.0009634496
1755	-0.00074940926
1756	0.000023067
1757	0.0002741218
1758	-0.00035727027
1759	-0.0010079743
1760	-0.0008234382
1761	-0.000070810325
1762	0.00021618608
1763	-0.00039267543
1764	-0.0010310413
1765	-0.00082933914
1766	-0.00006544591
1767	0.00022208694
1768	-0.00039052966
1769	-0.0010170938
1770	-0.0008202196
1771	-0.00006973744
1772	0.00020974877
1773	-0.00040555003
1774	-0.0010310413
1775	-0.0008336307
1776	-0.00007027388
1777	0.00022101405
1778	-0.000369072
1779	-0.0009993912
1780	-0.00080949074
1781	-0.000055789955
1782	0.00022852424
1783	-0.00037497285
1784	-0.0010117294
1785	-0.00082236534
1786	-0.00006008149
1787	0.0002371073
1788	-0.00036317113
1789	-0.0009977819
1790	-0.0007885695
1791	-0.0000021457674
1792	0.00028270486
1793	-0.00032615665
1794	-0.00096398604
1795	-0.0007461906
1796	0.000036478046
1797	0.0003063083
1798	-0.00030523541
1799	-0.0009543301
1800	-0.00072473293
1801	0.000057935722
1802	0.00032132867
1803	-0.00030738118
1804	-0.00097578776
1805	-0.00076496607
1806	0.00003165007
1807	0.00031113627
1808	-0.00030523541
1809	-0.0009559394
1810	-0.000738144
1811	0.000053107746
1812	0.00033903125
1813	-0.00027358535
1814	-0.0009339453
1815	-0.00075691944
1816	0.000015556814
1817	0.00030684474
1818	-0.0002987981
1819	-0.0009650589
1820	-0.0007638932
1821	0.000023603441
1822	0.00030791762
1823	-0.0002923608
1824	-0.00095003855
1825	-0.0007488728
1826	0.00003165007
1827	0.0003320575
1828	-0.00027143958
1829	-0.0009419919
1830	-0.00074779993
1831	0.000041842464
1832	0.0003449321
1833	-0.00025695565
1834	-0.0009248258
1835	-0.0007306338
1836	0.000048816208
1837	0.00033742192
1838	-0.0002741218
1839	-0.0009516479
1840	-0.00077140337
1841	0.000015020372
1842	0.00032401088
1843	-0.00027090314
1844	-0.0009559394
1845	-0.00078159577
1846	-0.000010728837
1847	0.00030469897
1848	-0.00028485063
1849	-0.00095647585
1850	-0.0007740856
1851	0.000011801721
1852	0.0003283024
1853	-0.00026232007
1854	-0.0009516479
1855	-0.0008363129
1856	-0.00008958579
1857	0.0002510548
1858	-0.00031220916
1859	-0.000968814
1860	-0.00077945
1861	-0.0000053644185
1862	0.00031220916
1863	-0.0002741218
1864	-0.0009532572
1865	-0.0008481146
1866	-0.0001255274
1867	0.00023657086
1868	-0.00031059983
1869	-0.0009768606
1870	-0.00087064516
1871	-0.00014162065
1872	0.00021886828
1873	-0.0003266931
1874	-0.0009908081
1875	-0.0008545519
1876	-0.00007241965
1877	0.00029289725
1878	-0.00026607516
1879	-0.00094628346
1880	-0.0008416773
1881	-0.000110507026
1882	0.0002472997
1883	-0.0002907515
1884	-0.000968814
1885	-0.0008674265
1886	-0.00013571979
1887	0.00023388866
1888	-0.00030094388
1889	-0.0009677411
1890	-0.0008507968
1891	-0.00007510186
1892	0.00030040744
1893	-0.00024354461
1894	-0.0009301902
1895	-0.00084328663
1896	-0.00011211635
1897	0.0002564192
1898	-0.00028914216
1899	-0.0009795428
1900	-0.000858307
1901	-0.00007134677
1902	0.00030952695
1903	-0.00024783614
1904	-0.00094628346
1905	-0.0008389951
1906	-0.00007295609
1907	0.000299871
1908	-0.00024300817
1909	-0.0009478928
1910	-0.0008738638
1911	-0.00014054777
1912	0.00024890903
1913	-0.00027734044
1914	-0.0009650589
1915	-0.00088566553
1916	-0.00015932323
1917	0.00022959712
1918	-0.00028806928
1919	-0.0009865166
1920	-0.00090658676
1921	-0.00016200544
1922	0.0002344251
1923	-0.00028002265
1924	-0.0009645225
1925	-0.00089371216
1926	-0.00015932323
1927	0.00024247172
1928	-0.00027465823
1929	-0.0009623767
1930	-0.00087708246
1931	-0.000100314624
1932	0.00030469897
1933	-0.00023388866
1934	-0.00093823683
1935	-0.0008566977
1936	-0.000094413765
1937	0.0003025532
1938	-0.00023174289
1939	-0.00094252836
1940	-0.00086796295
1941	-0.00010675193
1942	0.00029665235
1943	-0.00021940473
1944	-0.0009210707
1945	-0.0008137823
1946	-0.000042378906
1947	0.00034546855
1948	-0.00018239023
1949	-0.00090390455
1950	-0.0008609892
1951	-0.00010943414
1952	0.00029397014
1953	-0.00021833184
1954	-0.0009135605
1955	-0.00083094847
1956	-0.00006330014
1957	0.00032991174
1958	-0.0001872182
1959	-0.00090283167
1960	-0.0008202196
1961	-0.000048279766
1962	0.0003449321
1963	-0.00018024446
1964	-0.000904441
1965	-0.00082558405
1966	-0.000055789955
1967	0.0003524423
1968	-0.00016468765
1969	-0.00089102995
1970	-0.0008127094
1971	-0.000035941604
1972	0.00036853555
1973	-0.00015932323
1974	-0.00089371216
1975	-0.0008325578
1976	-0.000069201
1977	0.00034546855
1978	-0.0001641512
1979	-0.0008904935
1980	-0.0008341671
1981	-0.00006973744
1982	0.00033742192
1983	-0.00017541648
1984	-0.00090014946
1985	-0.00083577645
1986	-0.000059008606
1987	0.00036478046
1988	-0.00014644863
1989	-0.0008749367
1990	-0.00081324583
1991	-0.000052034862
1992	0.0003653169
1993	-0.00015395881
1994	-0.00088566553
1995	-0.0008180738
1996	-0.000059545047
1997	0.0003588796
1998	-0.00014054777
1999	-0.00088351977
2000	-0.0008427502
2001	-0.000085830696
2002	0.0003384948
2003	-0.00014430286
2004	-0.00088459265
2005	-0.0009006859
2006	-0.00019526483
2007	0.0002499819
2008	-0.00021511319
2009	-0.00093609106
2010	-0.0009366275
2011	-0.00021243098
2012	0.000253737
2013	-0.00021082166
2014	-0.00093448174
2015	-0.0009291173
2016	-0.0002113581
2017	0.00024890903
2018	-0.00020492078
2019	-0.00092589867
2020	-0.00093823683
2021	-0.00022745135
2022	0.0002510548
2023	-0.00020116569
2024	-0.0009162427
2025	-0.0009146334
2026	-0.00016736986
2027	0.00031864646
2028	-0.00013893844
2029	-0.00086903584
2030	-0.0008572341
2031	-0.000104069724
2032	0.00035083297
2033	-0.00012606384
2034	-0.0008760096
2035	-0.00085884344
2036	-0.000104606166
2037	0.00034654143
2038	-0.00012123586
2039	-0.0008674265
2040	-0.00085616123
2041	-0.000104069724
2042	0.00034922364
2043	-0.00010782482
2044	-0.00084596884
2045	-0.00083953154
2046	-0.00010567905
2047	0.0003588796
2048	-0.000104069724
2049	-0.00085508835
2050	-0.00086045277
2051	-0.000119090095
2052	0.00035190585
2053	-0.0001255274
2054	-0.0008722545
2055	-0.00087279093
2056	-0.00012069942
2057	0.00035458806
2058	-0.000100851066
2059	-0.000853479
2060	-0.00085401547
2061	-0.00011104347
2062	0.00036048892
2063	-0.000100314624
2064	-0.00084328663
2065	-0.0008518697
2066	-0.00011265279
2067	0.0003524423
2068	-0.000094413765
2069	-0.0008406044
2070	-0.00085616123
2071	-0.000113189235
2072	0.00037872794
2073	-0.000068128116
2074	-0.00083577645
2075	-0.00088566553
2076	-0.00015074016
2077	0.0003449321
2078	-0.0000987053
2079	-0.00085884344
2080	-0.0008894206
2081	-0.00014430286
2082	0.00035566094
2083	-0.000085294254
2084	-0.0008481146
2085	-0.0008829833
2086	-0.00014162065
2087	0.0003551245
2088	-0.00006651879
2089	-0.00081485516
2090	-0.00086152565
2091	-0.00013250114
2092	0.0003615618
2093	-0.00006061793
2094	-0.00082451117
2095	-0.0008647443
2096	-0.00013732912
2097	0.00035083297
2098	-0.00007724763
2099	-0.0008481146
2100	-0.00093072664
2101	-0.00026232007
2102	0.0002499819
2103	-0.00014054777
2104	-0.0008840562
2105	-0.000968814
2106	-0.00028538707
2107	0.00024837258
2108	-0.00012981893
2109	-0.0008658172
2110	-0.00096023094
2111	-0.00029021504
2112	0.0002446175
2113	-0.00013518335
2114	-0.00087279093
2115	-0.0009650589
2116	-0.0002934337
2117	0.0002499819
2118	-0.00012338163
2119	-0.0008663536
2120	-0.0009650589
2121	-0.00029289725
2122	0.00024622682
2123	-0.00013035537
2124	-0.0008749367
2125	-0.0009800793
2126	-0.00031167272
2127	0.00023818019
2128	-0.00013089181
2129	-0.00087547314
2130	-0.00097203266
2131	-0.00030148032
2132	0.0002408624
2133	-0.0001282096
2134	-0.00086152565
2135	-0.0009570123
2136	-0.0002961159
2137	0.00024247172
2138	-0.00011211635
2139	-0.00086152565
2140	-0.0009849073
2141	-0.00030684474
2142	0.00025159123
2143	-0.00010943414
2144	-0.00085133326
2145	-0.0009543301
2146	-0.00024783614
2147	0.00031328204
2148	-0.000067591674
2149	-0.00083309424
2150	-0.00094735634
2151	-0.00024515393
2152	0.00031220916
2153	-0.000064909465
2154	-0.00083470356
2155	-0.0009559394
2156	-0.0002666116
2157	0.0002859235
2158	-0.00006598235
2159	-0.0008202196
2160	-0.00094735634
2161	-0.0002612472
2162	0.0003036261
2163	-0.00005686284
2164	-0.0008298756
2165	-0.0009237529
2166	-0.00019955637
2167	0.0003524423
2168	-0.000027358536
2169	-0.0007907153
2170	-0.0009033681
2171	-0.0002038479
2172	0.00034278634
2173	-0.000029504303
2174	-0.0008041263
2175	-0.0009264351
2176	-0.00021725896
2177	0.00033527616
2178	-0.000030040745
2179	-0.0008003712
2180	-0.0009098054
2181	-0.00021243098
2182	0.0003395677
2183	-0.000023067
2184	-0.0007971526
2185	-0.0009521843
2186	-0.0002666116
2187	0.00031703713
2188	-0.000035941604
2189	-0.00081592804
2190	-0.0009838344
2191	-0.0003347397
2192	0.00023871663
2193	-0.00009012223
2194	-0.0008465053
2195	-0.00096666825
2196	-0.00025320056
2197	0.00032991174
2198	-0.000019311907
2199	-0.00078910595
2200	-0.00095272076
2201	-0.00028538707
2202	0.0002971888
2203	-0.000038623813
2204	-0.000802517
2205	-0.0009419919
2206	-0.00024622682
2207	0.00033152106
2208	-0.000008046628
2209	-0.0007869602
2210	-0.0009875895
2211	-0.00037229064
2212	0.00021457675
2213	-0.00008797646
2214	-0.0008443595
2215	-0.0010187031
2216	-0.0003781915
2217	0.00022584203
2218	-0.00006008149
2219	-0.00081217295
2220	-0.0009849073
2221	-0.00030845407
2222	0.0002859235
2223	-0.000020921232
2224	-0.000784278
2225	-0.00093823683
2226	-0.00024783614
2227	0.0003395677
2228	0.000021994116
2229	-0.0007579923
2230	-0.00092428934
2231	-0.00023764375
2232	0.0003588796
2233	0.000028967861
2234	-0.0007644296
2235	-0.00097578776
2236	-0.00035995248
2237	0.00024193528
2238	-0.000045597557
2239	-0.0008051992
2240	-0.0009908081
2241	-0.0003331304
2242	0.00028377774
2243	-0.000019848349
2244	-0.00078374153
2245	-0.0009484292
2246	-0.00027573112
2247	0.00033259395
2248	0.000033795837
2249	-0.0007451177
2250	-0.0009403826
2251	-0.00028109553
2252	0.00031864646
2253	0.000011801721
2254	-0.00077140337
2255	-0.0009800793
2256	-0.0003320575
2257	0.00029021504
2258	0.000013947489
2259	-0.000761211
2260	-0.0009897352
2261	-0.0003883839
2262	0.00023227933
2263	-0.000016629698
2264	-0.00077998644
2265	-0.0010095836
2266	-0.00040555003
2267	0.00022906068
2268	-0.00002574921
2269	-0.0007950068
2270	-0.0010240675
2271	-0.00042432552
2272	0.00020974877
2273	-0.000041306022
2274	-0.0008078814
2275	-0.0010192395
2276	-0.0004114509
2277	0.00022852424
2278	-0.0000144839305
2279	-0.0007740856
2280	-0.0009956361
2281	-0.00040555003
2282	0.00021672252
2283	-0.000011265279
2284	-0.000774622
2285	-0.0010010005
2286	-0.00037068131
2287	0.00027358535
2288	0.000023067
2289	-0.0007461906
2290	-0.0009596945
2291	-0.00030094388
2292	0.0003331304
2293	0.000053107746
2294	-0.0007397533
2295	-0.0009650589
2296	-0.0003063083
2297	0.0003266931
2298	0.00006973744
2299	-0.0007156134
2300	-0.0009580852
2301	-0.00031811002
2302	0.00031811002
2303	0.00005418063
2304	-0.00073385244
2305	-0.0009650589
2306	-0.00030791762
2307	0.0003358126
2308	0.00008475781
2309	-0.00070703035
2310	-0.0009452106
2311	-0.00031167272
2312	0.00032347444
2313	0.000079393394
2314	-0.000710249
2315	-0.0009559394
2316	-0.00032615665
2317	0.00031435493
2318	0.000070810325
2319	-0.0007204414
2320	-0.00097310555
2321	-0.00033795836
2322	0.0003025532
2323	0.0000756383
2324	-0.0007129312
2325	-0.0009650589
2326	-0.00032615665
2327	0.0003154278
2328	0.00007832051
2329	-0.0007064939
2330	-0.00095379364
2331	-0.00032240155
2332	0.00032722953
2333	0.00008368493
2334	-0.0007064939
2335	-0.0009806157
2336	-0.00035727027
2337	0.00029397014
2338	0.00006973744
2339	-0.0007011295
2340	-0.00095915806
2341	-0.00034546855
2342	0.00031596425
2343	0.00009655953
2344	-0.00069791084
2345	-0.00097310555
2346	-0.00034278634
2347	0.00031167272
2348	0.00009655953
2349	-0.0006861091
2350	-0.00096559536
2351	-0.00035029653
2352	0.00030791762
2353	0.000094413765
2354	-0.0006818176
2355	-0.0009661318
2356	-0.0003615618
2357	0.00029933456
2358	0.00009387732
2359	-0.00069147354
2360	-0.0010031463
2361	-0.00040876868
2362	0.00027143958
2363	0.00007724763
2364	-0.0007064939
2365	-0.0009827615
2366	-0.0003653169
2367	0.00030738118
2368	0.000100851066
2369	-0.0006769896
2370	-0.0009650589
2371	-0.0003561974
2372	0.00031167272
2373	0.00011426212
2374	-0.00067108875
2375	-0.0009714962
2376	-0.00036853555
2377	0.00030469897
2378	0.00011694433
2379	-0.0006576777
2380	-0.0009677411
2381	-0.00036585334
2382	0.0003100634
2383	0.00012874605
2384	-0.00066196924
2385	-0.00097417843
2386	-0.00037068131
2387	0.00031059983
2388	0.00012391807
2389	-0.0006726981
2390	-0.0010160209
2391	-0.0004919172
2392	0.00018775465
2393	0.000048816208
2394	-0.00071346766
2395	-0.0010315777
2396	-0.00049513584
2397	0.00018560888
2398	0.00004935265
2399	-0.0007156134
2400	-0.0010535718
2401	-0.0005294681
2402	0.00015395881
2403	0.000037014488
2404	-0.0007140041
2405	-0.0010412337
2406	-0.0005149842
2407	0.0001743436
2408	0.000057935722
2409	-0.0006946922
2410	-0.0010417701
2411	-0.00051337486
2412	0.000184536
2413	0.000067591674
2414	-0.0006925464
2415	-0.001028359
2416	-0.00047689682
2417	0.00023657086
2418	0.00009548665
2419	-0.00066733366
2420	-0.001019776
2421	-0.00051981217
2422	0.00017327072
2423	0.00006705523
2424	-0.0006834269
2425	-0.0010213853
2426	-0.0004806519
2427	0.00023764375
2428	0.00012016298
2429	-0.0006549955
2430	-0.0010203124
2431	-0.0005251766
2432	0.00016522409
2433	0.000068128116
2434	-0.0006769896
2435	-0.0010364057
2436	-0.0005241037
2437	0.00017488004
2438	0.000059545047
2439	-0.0006834269
2440	-0.0010262133
2441	-0.00049138075
2442	0.00023067
2443	0.00010782482
2444	-0.0006448031
2445	-0.0009875895
2446	-0.00043398148
2447	0.0002703667
2448	0.00012767316
2449	-0.00064265734
2450	-0.0010154844
2451	-0.0004956723
2452	0.0002279878
2453	0.00013250114
2454	-0.00062334543
2455	-0.0009908081
2456	-0.00043398148
2457	0.00028377774
2458	0.00017380716
2459	-0.00059920555
2460	-0.0009714962
2461	-0.00042861706
2462	0.00028431418
2463	0.00016951562
2464	-0.00060939795
2465	-0.0009929539
2466	-0.0004484654
2467	0.00026875737
2468	0.0001780987
2469	-0.00059384113
2470	-0.0009811522
2471	-0.00044095522
2472	0.00027841332
2473	0.00017380716
2474	-0.00060832506
2475	-0.0009902717
2476	-0.00045007473
2477	0.00027090314
2478	0.00017166139
2479	-0.0005986691
2480	-0.0009940268
2481	-0.00046294933
2482	0.00026446584
2483	0.00017058851
2484	-0.00060027844
2485	-0.0009854437
2486	-0.00045436627
2487	0.00026178363
2488	0.0001743436
2489	-0.00059652334
2490	-0.0010010005
2491	-0.00046348578
2492	0.00025963786
2493	0.00018829109
2494	-0.0005756021
2495	-0.0009768606
2496	-0.00045651203
2497	0.0002548099
2498	0.00017917158
2499	-0.0005895496
2500	-0.0010187031
2501	-0.000581503
2502	0.00013571979
2503	0.00009816886
2504	-0.0006437302
2505	-0.0010337235
2506	-0.00050532824
2507	0.00023603442
2508	0.00017863513
2509	-0.00057882076
2510	-0.000987053
2511	-0.00047743326
2512	0.00025695565
2513	0.00020438434
2514	-0.00055682665
2515	-0.0009843708
2516	-0.00048011547
2517	0.00025266412
2518	0.00020277502
2519	-0.0005562902
2520	-0.0009790064
2521	-0.0004779697
2522	0.00024837258
2523	0.00018882753
2524	-0.00056970125
2525	-0.0009838344
2526	-0.00048601633
2527	0.00024676326
2528	0.00020706657
2529	-0.0005600453
2530	-0.0009816886
2531	-0.000489235
2532	0.00023227933
2533	0.00018990041
2534	-0.00055789953
2535	-0.0009891988
2536	-0.0004908443
2537	0.00023818019
2538	0.00020062925
2539	-0.0005434156
2540	-0.0009849073
2541	-0.0004919172
2542	0.00025588277
2543	0.00021886828
2544	-0.0005519987
2545	-0.0009934903
2546	-0.0005101562
2547	0.00022584203
2548	0.00019311906
2549	-0.0005589724
2550	-0.0010203124
2551	-0.0006174446
2552	0.00012016298
2553	0.00013303758
2554	-0.0005959869
2555	-0.0010530354
2556	-0.0006372929
2557	0.00010353328
2558	0.0001346469
2559	-0.0005868674
2560	-0.0010455252
2561	-0.0006292463
2562	0.00011372568
2563	0.00013303758
2564	-0.0005841852
2565	-0.0010498167
2566	-0.0006367565
2567	0.000115871444
2568	0.00015234949
2569	-0.0005739928
2570	-0.0010364057
2571	-0.00060296064
2572	0.00015449525
2573	0.00017166139
2574	-0.0005611182
2575	-0.0010176302
2576	-0.00057238346
2577	0.00018346311
2578	0.00020062925
2579	-0.00053000456
2580	-0.0010042192
2581	-0.000581503
2582	0.00017863513
2583	0.00020867589
2584	-0.0005192757
2585	-0.0009865166
2586	-0.00053751474
2587	0.00022476914
2588	0.00024622682
2589	-0.0004999638
2590	-0.00097310555
2591	-0.00051444775
2592	0.00023281577
2593	0.00025695565
2594	-0.00048494345
2595	-0.0009838344
2596	-0.0005423427
2597	0.00022047761
2598	0.0002446175
2599	-0.00050050026
2600	-0.00097042334
2601	-0.0005332232
2602	0.00021243098
2603	0.00023657086
2604	-0.00051069265
2605	-0.0009924175
2606	-0.00055682665
2607	0.0001936555
2608	0.00023013356
2609	-0.0005085469
2610	-0.0009908081
2611	-0.0005546809
2612	0.00020974877
2613	0.00023818019
2614	-0.0004983545
2615	-0.0009854437
2616	-0.00054502493
2617	0.00020170213
2618	0.00023925307
2619	-0.0004956723
2620	-0.0009875895
2621	-0.0005638004
2622	0.00019633771
2623	0.00025695565
2624	-0.00047743326
2625	-0.0009854437
2626	-0.00056862837
2627	0.0001974106
2628	0.00024890903
2629	-0.0004854799
2630	-0.0009983183
2631	-0.00057989365
2632	0.0002000928
2633	0.00026714805
2634	-0.00047314173
2635	-0.0009908081
2636	-0.0005879403
2637	0.00017273428
2638	0.00023925307
2639	-0.000489235
2640	-0.0010063649
2641	-0.0005922318
2642	0.00017327072
2643	0.00025051835
2644	-0.00048118836
2645	-0.0009934903
2646	-0.0005911589
2647	0.00017327072
2648	0.00025320056
2649	-0.00046670443
2650	-0.0009838344
2651	-0.0005831123
2652	0.0001807809
2653	0.00025427344
2654	-0.0004650951
2655	-0.0010004641
2656	-0.0006040335
2657	0.0001780987
2658	0.0002601743
2659	-0.00045758492
2660	-0.0009838344
2661	-0.0005943776
2662	0.00016844274
2663	0.00024890903
2664	-0.0004650951
2665	-0.0010042192
2666	-0.0006780625
2667	0.00006598235
2668	0.00018346311
2669	-0.00050532824
2670	-0.0010133387
2671	-0.00061476236
2672	0.00017327072
2673	0.00026822093
2674	-0.0004511476
2675	-0.0009859802
2676	-0.0006034971
2677	0.00016897918
2678	0.00026875737
2679	-0.000443101
2680	-0.0009908081
2681	-0.00060188776
2682	0.000161469
2683	0.00026232007
2684	-0.00045168406
2685	-0.000991881
2686	-0.00061208016
2687	0.00016468765
2688	0.00027251247
2689	-0.0004420281
2690	-0.0010004641
2691	-0.00069522863
2692	0.000046134
2693	0.00018990041
2694	-0.00048869854
2695	-0.001038015
2696	-0.00069415575
2697	0.00009495021
2698	0.00023764375
2699	-0.00045382982
2700	-0.0010106565
2701	-0.0007129312
2702	0.000025212767
2703	0.00017488004
2704	-0.00049781805
2705	-0.0010310413
2706	-0.0007193685
2707	0.000023603441
2708	0.00017005207
2709	-0.0005037189
2710	-0.0010439159
2711	-0.0007424355
2712	0.000007510186
2713	0.00017595293
2714	-0.00048226124
2715	-0.0010342599
2716	-0.000733316
2717	0.000015020372
2718	0.00018024446
2719	-0.00047743326
2720	-0.0010390879
2721	-0.00075209147
2722	0.000007510186
2723	0.0001909733
2724	-0.00046080357
2725	-0.0010240675
2726	-0.00072902447
2727	0.0000144839305
2728	0.00019258262
2729	-0.0004742146
2730	-0.0010326506
2731	-0.0007408262
2732	0.000019848349
2733	0.00020223857
2734	-0.00045973068
2735	-0.0010321141
2736	-0.00075316435
2737	-0.0000069737443
2738	0.00018829109
2739	-0.00045919424
2740	-0.0010347964
2741	-0.00075423723
2742	-0.00000053644186
2743	0.00018936397
2744	-0.0004559756
2745	-0.0010390879
2746	-0.0007590652
2747	0.000012338162
2748	0.00021028522
2749	-0.00045382982
2750	-0.0010337235
2751	-0.0007370711
2752	0.000055789955
2753	0.00024622682
2754	-0.0004125238
2755	-0.0009934903
2756	-0.00071614987
2757	0.000070810325
2758	0.00026178363
2759	-0.0004125238
2760	-0.0009961725
2761	-0.0007129312
2762	0.00006008149
2763	0.000253737
2764	-0.00041413313
2765	-0.0010122658
2766	-0.0007397533
2767	0.000041306022
2768	0.00023335221
2769	-0.00043720013
2770	-0.0010326506
2771	-0.0007719398
2772	-0.0000144839305
2773	0.0002038479
2774	-0.00043344504
2775	-0.001014948
2776	-0.0007579923
2777	-0.0000064373025
2778	0.00020653012
2779	-0.00043129927
2780	-0.0010111929
2781	-0.0007343889
2782	0.00006598235
2783	0.00027626756
2784	-0.0003846288
2785	-0.0009897352
2786	-0.00070059305
2787	0.00009065867
2788	0.00030738118
2789	-0.0003588796
2790	-0.000973642
2791	-0.0007156134
2792	0.00007456542
2793	0.00029450658
2794	-0.00036960843
2795	-0.0009929539
2796	-0.00078374153
2797	-0.000037014488
2798	0.00020599368
2799	-0.00042968994
2800	-0.0010342599
2801	-0.0007998348
2802	-0.000038623813
2803	0.00021672252
2804	-0.000410378
2805	-0.0010187031
2806	-0.0007676483
2807	0.000024676325
2808	0.00026500228
2809	-0.00036317113
2810	-0.0009827615
2811	-0.00073546177
2812	0.000053107746
2813	0.00029772523
2814	-0.00034546855
2815	-0.0009827615
2816	-0.00075584656
2817	0.000028967861
2818	0.00027734044
2819	-0.00035566094
2820	-0.0009634496
2821	-0.0006898642
2822	0.00009977818
2823	0.00033152106
2824	-0.00031757358
2825	-0.00094628346
2826	-0.0006796718
2827	0.000104069724
2828	0.00033688548
2829	-0.00031220916
2830	-0.0009570123
2831	-0.00074136263
2832	0.00003808737
2833	0.00028377774
2834	-0.0003524423
2835	-0.0009934903
2836	-0.00079661614
2837	-0.000045597557
2838	0.00023120645
2839	-0.0003781915
2840	-0.0009950997
2841	-0.0007408262
2842	0.00004935265
2843	0.00030791762
2844	-0.00032132867
2845	-0.00095915806
2846	-0.0007064939
2847	0.00007724763
2848	0.00032991174
2849	-0.0003100634
2850	-0.0009559394
2851	-0.00071829563
2852	0.000055789955
2853	0.00031811002
2854	-0.00031220916
2855	-0.0009623767
2856	-0.00073385244
2857	0.000050961975
2858	0.00032240155
2859	-0.0003202558
2860	-0.000982225
2861	-0.0008153916
2862	-0.00007456542
2863	0.00022315982
2864	-0.00037658217
2865	-0.0010160209
2866	-0.00085133326
2867	-0.00009548665
2868	0.00021189454
2869	-0.00036853555
2870	-0.0010090471
2871	-0.000840068
2872	-0.00008904935
2873	0.00020974877
2874	-0.00036853555
2875	-0.001005292
2876	-0.0008239747
2877	-0.000037014488
2878	0.0002730489
2879	-0.00031864646
2880	-0.0009714962
2881	-0.00079929834
2882	-0.0000144839305
2883	0.00029289725
2884	-0.00031167272
2885	-0.0009586216
2886	-0.0007408262
2887	0.000039696697
2888	0.0003320575
2889	-0.00028109553
2890	-0.00094896567
2891	-0.0007553101
2892	0.000015556814
2893	0.0003100634
2894	-0.00028753284
2895	-0.0009586216
2896	-0.00080305344
2897	-0.000021994116
2898	0.0002971888
2899	-0.00029289725
2900	-0.0009559394
2901	-0.0007665754
2902	0.000019311907
2903	0.0003331304
2904	-0.00026071075
2905	-0.0009339453
2906	-0.0007461906
2907	0.00003165007
2908	0.00034010413
2909	-0.0002612472
2910	-0.00094735634
2911	-0.0008239747
2912	-0.00008904935
2913	0.00023871663
2914	-0.00031971934
2915	-0.0009779335
2916	-0.0007960797
2917	-0.000016093256
2918	0.0003100634
2919	-0.00027519467
2920	-0.00095647585
2921	-0.00083845865
2922	-0.000104069724
2923	0.00024193528
2924	-0.0003191829
2925	-0.0009929539
2926	-0.0008749367
2927	-0.0001088977
2928	0.00024622682
2929	-0.000322938
2930	-0.0009983183
2931	-0.0008406044
2932	-0.000048816208
2933	0.00030094388
2934	-0.00026178363
2935	-0.0009291173
2936	-0.0007601381
2937	0.000020921232
2938	0.00034385922
2939	-0.00023549798
2940	-0.00092428934
2941	-0.00077515846
2942	0.0000016093256
2943	0.00034385922
2944	-0.00022745135
2945	-0.00091677916
2946	-0.0007692576
2947	0.0000032186513
2948	0.00034010413
2949	-0.00023281577
2950	-0.00092965376
2951	-0.00077623135
2952	0.0000021457674
2953	0.00034010413
2954	-0.00021886828
2955	-0.0009157063
2956	-0.0007832051
2957	-0.000012338162
2958	0.0003358126
2959	-0.00023388866
2960	-0.00093984616
2961	-0.0007998348
2962	-0.000010192395
2963	0.00034815076
2964	-0.00021511319
2965	-0.00092428934
2966	-0.00082236534
2967	-0.000044524673
2968	0.00032079223
2969	-0.00023925307
2970	-0.0009387733
2971	-0.000858307
2972	-0.0001282096
2973	0.0002601743
2974	-0.0002730489
2975	-0.0009613038
2976	-0.00088995707
2977	-0.00015878679
2978	0.00023496154
2979	-0.0002832413
2980	-0.0009773971
2981	-0.000899613
2982	-0.00017327072
2983	0.00022476914
2984	-0.00028109553
2985	-0.00096398604
2986	-0.0008878113
2987	-0.00016522409
2988	0.00024032596
2989	-0.00026607516
2990	-0.00095111143
2991	-0.000881374
2992	-0.00014752151
2993	0.00024622682
2994	-0.0002676845
2995	-0.0009645225
2996	-0.00089746725
2997	-0.00015985967
2998	0.00025266412
2999	-0.00026339295
3000	-0.0009521843
3001	-0.00083309424
3002	-0.000052571304
3003	0.00034117702
3004	-0.0001872182
3005	-0.00090658676
3006	-0.0008116365
3007	-0.000035941604
3008	0.0003588796
3009	-0.00017219783
3010	-0.0009033681
3011	-0.00082129246
3012	-0.000050425533
3013	0.00034546855
3014	-0.00018185379
3015	-0.00090390455
3016	-0.00081485516
3017	-0.000047206882
3018	0.00034278634
3019	-0.00017863513
3020	-0.00088995707
3021	-0.0008518697
3022	-0.00009977818
3023	0.00032079223
3024	-0.00018346311
3025	-0.0009017588
3026	-0.00083470356
3027	-0.00007295609
3028	0.00033527616
3029	-0.0001743436
3030	-0.00089639437
3031	-0.0008234382
3032	-0.000058472164
3033	0.00035405162
3034	-0.00015717746
3035	-0.0008851291
3036	-0.00082665693
3037	-0.00006383658
3038	0.00035029653
3039	-0.00017273428
3040	-0.0008915664
3041	-0.00081968313
3042	-0.00006008149
3043	0.00035190585
3044	-0.00017112495
3045	-0.0009022952
3046	-0.0008824469
3047	-0.00013732912
3048	0.00029397014
3049	-0.00019633771
3050	-0.00092697155
3051	-0.0008701087
3052	-0.000097632415
3053	0.0003293753
3054	-0.00016200544
3055	-0.000899613
3056	-0.00088566553
3057	-0.00012284519
3058	0.00031489137
3059	-0.00016951562
3060	-0.0008904935
3061	-0.0008389951
3062	-0.00007027388
3063	0.00035297874
3064	-0.00015288593
3065	-0.00089371216
3066	-0.0009033681
3067	-0.0001485944
3068	0.00030148032
3069	-0.00017488004
3070	-0.0009071232
3071	-0.00091302407
3072	-0.00021672252
3073	0.0002472997
3074	-0.00021672252
3075	-0.00091785204
3076	-0.0008593799
3077	-0.00009548665
3078	0.00034761432
3079	-0.00013732912
3080	-0.0008760096
3081	-0.000904441
3082	-0.00020331146
3083	0.0002666116
3084	-0.00018614532
3085	-0.0009098054
3086	-0.00087547314
3087	-0.00011748077
3088	0.00032508376
3089	-0.00015020372
3090	-0.00088351977
3091	-0.00090765965
3092	-0.000161469
3093	0.0003202558
3094	-0.00014376642
3095	-0.0008797647
3096	-0.000909269
3097	-0.0001807809
3098	0.000299871
3099	-0.00015932323
3100	-0.000904441
3101	-0.0009264351
3102	-0.00018990041
3103	0.00029826167
3104	-0.00015395881
3105	-0.0008990766
3106	-0.0009377004
3107	-0.00024139884
3108	0.00025266412
3109	-0.00018131734
3110	-0.00089854014
3111	-0.00093984616
3112	-0.00024622682
3113	0.00025963786
3114	-0.0001641512
3115	-0.00090497744
3116	-0.0009570123
3117	-0.00026178363
3118	0.00024354461
3119	-0.00016951562
3120	-0.00090014946
3121	-0.00095915806
3122	-0.00026178363
3123	0.0002499819
3124	-0.00017488004
3125	-0.0009146334
3126	-0.00095003855
3127	-0.00020545723
3128	0.0003036261
3129	-0.0001319647
3130	-0.000876546
3131	-0.0008894206
3132	-0.00015878679
3133	0.0003384948
3134	-0.00008958579
3135	-0.0008406044
3136	-0.000876546
3137	-0.00014162065
3138	0.00035566094
3139	-0.0000820756
3140	-0.000840068
3141	-0.00087440026
3142	-0.00013089181
3143	0.00036317113
3144	-0.000069201
3145	-0.00083738577
3146	-0.00088459265
3147	-0.00014698507
3148	0.00034546855
3149	-0.00008744002
3150	-0.00084328663
3151	-0.00088834774
3152	-0.00015342237
3153	0.00034064057
3154	-0.000094413765
3155	-0.0008454324
3156	-0.00089102995
3157	-0.00015342237
3158	0.00034707788
3159	-0.00008475781
3160	-0.00085401547
3161	-0.00090122235
3162	-0.00017219783
3163	0.0003422499
3164	-0.00007241965
3165	-0.0008250476
3166	-0.00089102995
3167	-0.00017219783
3168	0.0003422499
3169	-0.00008100272
3170	-0.00086152565
3171	-0.0009586216
3172	-0.00029289725
3173	0.00023496154
3174	-0.00013089181
3175	-0.000863135
3176	-0.0009468199
3177	-0.00024193528
3178	0.0002923608
3179	-0.00010299684
3180	-0.00085884344
3181	-0.00092428934
3182	-0.0001909733
3183	0.0003320575
3184	-0.00006973744
3185	-0.000840068
3186	-0.000904441
3187	-0.00018507244
3188	0.00034976008
3189	-0.000045597557
3190	-0.0008164645
3191	-0.00091785204
3192	-0.00022584203
3193	0.00031113627
3194	-0.000079393394
3195	-0.0008465053
3196	-0.0009543301
3197	-0.0002971888
3198	0.00023549798
3199	-0.000116407886
3200	-0.0008701087
3201	-0.0009945632
3202	-0.00034117702
3203	0.00022315982
3204	-0.00010782482
3205	-0.00085401547
3206	-0.0009859802
3207	-0.00032454732
3208	0.00023013356
3209	-0.00011104347
3210	-0.0008566977
3211	-0.0009865166
3212	-0.00033098462
3213	0.0002446175
3214	-0.00009655953
3215	-0.00083738577
3216	-0.0009312631
3217	-0.00022047761
3218	0.0003256202
3219	-0.000052571304
3220	-0.0008218289
3221	-0.0009596945
3222	-0.0002703667
3223	0.0002987981
3224	-0.000050425533
3225	-0.00081324583
3226	-0.0009580852
3227	-0.00027143958
3228	0.0002987981
3229	-0.000046134
3230	-0.0008239747
3231	-0.0009548665
3232	-0.00024515393
3233	0.0003154278
3234	-0.000039696697
3235	-0.0008089543
3236	-0.00093072664
3237	-0.00022584203
3238	0.0003266931
3239	-0.000023603441
3240	-0.00079178816
3241	-0.00092589867
3242	-0.0002177954
3243	0.00034439567
3244	-0.000018239023
3245	-0.00078642374
3246	-0.0009291173
3247	-0.0002344251
3248	0.0003320575
3249	-0.00002038479
3250	-0.0008051992
3251	-0.0009859802
3252	-0.00035083297
3253	0.00023764375
3254	-0.00007885695
3255	-0.00082826626
3256	-0.0009543301
3257	-0.00024890903
3258	0.00032615665
3259	-0.000016093256
3260	-0.0007987619
3261	-0.00093823683
3262	-0.00023978952
3263	0.00033420327
3264	-0.0000064373025
3265	-0.00078159577
3266	-0.00092697155
3267	-0.00023281577
3268	0.00034010413
3269	0.000013947489
3270	-0.0007692576
3271	-0.0009393097
3272	-0.0002612472
3273	0.00032401088
3274	0.00000053644186
3275	-0.00077140337
3276	-0.0009441377
3277	-0.0002612472
3278	0.0003358126
3279	0.000019311907
3280	-0.00076711184
3281	-0.0009838344
3282	-0.00038301948
3283	0.0002177954
3284	-0.000070810325
3285	-0.0008239747
3286	-0.0010144116
3287	-0.00039535764
3288	0.00020867589
3289	-0.000076711185
3290	-0.00083738577
3291	-0.001028359
3292	-0.00040179494
3293	0.00021511319
3294	-0.000050961975
3295	-0.000802517
3296	-0.0009956361
3297	-0.0003331304
3298	0.00029182437
3299	0.000003755093
3300	-0.0007681847
3301	-0.00097578776
3302	-0.00031864646
3303	0.0003127456
3304	0.00002038479
3305	-0.00075852877
3306	-0.0009403826
3307	-0.00027197602
3308	0.00033098462
3309	0.000027894977
3310	-0.00076067453
3311	-0.00095111143
3312	-0.00027626756
3313	0.00033259395
3314	0.00003755093
3315	-0.0007435084
3316	-0.0009403826
3317	-0.00028538707
3318	0.00032401088
3319	0.000038623813
3320	-0.00075960165
3321	-0.0009698869
3322	-0.00031220916
3323	0.0003036261
3324	0.000020921232
3325	-0.00075584656
3326	-0.00094628346
3327	-0.00028109553
3328	0.0003358126
3329	0.000048816208
3330	-0.0007397533
3331	-0.00094091904
3332	-0.0002907515
3333	0.00031220916
3334	0.000025212767
3335	-0.0007461906
3336	-0.0009672047
3337	-0.0003202558
3338	0.00029933456
3339	0.000024139883
3340	-0.0007590652
3341	-0.000968814
3342	-0.00031757358
3343	0.00030791762
3344	0.000035941604
3345	-0.00074136263
3346	-0.0009607674
3347	-0.00031435493
3348	0.00031328204
3349	0.000055789955
3350	-0.0007166863
3351	-0.00096559536
3352	-0.0003551245
3353	0.00028753284
3354	0.000036478046
3355	-0.00074779993
3356	-0.00096184027
3357	-0.00031489137
3358	0.00031059983
3359	0.000048816208
3360	-0.0007231236
3361	-0.00095647585
3362	-0.00031435493
3363	0.0003191829
3364	0.000058472164
3365	-0.0007188321
3366	-0.0009908081
3367	-0.00043022638
3368	0.00020545723
3369	-0.000012874605
3370	-0.00076496607
3371	-0.0010278226
3372	-0.00045758492
3373	0.00019204618
3374	-0.0000016093256
3375	-0.00075852877
3376	-0.001033187
3377	-0.0004624129
3378	0.00020170213
3379	-0.0000032186513
3380	-0.0007730127
3381	-0.0010471345
3382	-0.0004726053
3383	0.00019258262
3384	0.000011265279
3385	-0.00074565416
3386	-0.001033187
3387	-0.00046992308
3388	0.0001872182
3389	-0.0000064373025
3390	-0.0007553101
3391	-0.001028359
3392	-0.00046616798
3393	0.0001974106
3394	0.000011265279
3395	-0.00075423723
3396	-0.0010535718
3397	-0.0004881621
3398	0.00018936397
3399	0.000011801721
3400	-0.0007424355
3401	-0.0010229946
3402	-0.00042968994
3403	0.0002574921
3404	0.000055789955
3405	-0.00071454054
3406	-0.0010031463
3407	-0.00040715936
3408	0.00026071075
3409	0.0000756383
3410	-0.0006925464
3411	-0.0009773971
3412	-0.0003551245
3413	0.00031059983
3414	0.00009548665
3415	-0.00069952017
3416	-0.0010117294
3417	-0.00041788822
3418	0.0002676845
3419	0.000073492534
3420	-0.00069683796
3421	-0.0009816886
3422	-0.00037336352
3423	0.00028645995
3424	0.00007778407
3425	-0.0007075668
3426	-0.0009983183
3427	-0.00038248303
3428	0.00029772523
3429	0.00010299684
3430	-0.0006769896
3431	-0.00097578776
3432	-0.00037658217
3433	0.00030148032
3434	0.00012123586
3435	-0.00066572434
3436	-0.00096666825
3437	-0.000364244
3438	0.000299871
3439	0.00011479856
3440	-0.000668943
3441	-0.00097417843
3442	-0.00038623813
3443	0.00028216842
3444	0.000100314624
3445	-0.0006743074
3446	-0.0009838344
3447	-0.00038945678
3448	0.0002896786
3449	0.00012767316
3450	-0.00065821415
3451	-0.0010063649
3452	-0.00049030787
3453	0.00018024446
3454	0.00004076958
3455	-0.00071454054
3456	-0.001056254
3457	-0.00053751474
3458	0.00015074016
3459	0.000026822094
3460	-0.000738144
3461	-0.0010669829
3462	-0.0005369783
3463	0.00015395881
3464	0.000027358536
3465	-0.0007166863
3466	-0.0010482074
3467	-0.00051981217
3468	0.00017112495
3469	0.000048816208
3470	-0.0006946922
3471	-0.0010256768
3472	-0.00046563154
3473	0.00023818019
3474	0.000091731556
3475	-0.00067108875
3476	-0.0009961725
3477	-0.00042593485
3478	0.00026714805
3479	0.00012338163
3480	-0.0006625057
3481	-0.000996709
3482	-0.00041466957
3483	0.0002805591
3484	0.00014001133
3485	-0.00063246494
3486	-0.0009875895
3487	-0.00042808062
3488	0.00026714805
3489	0.00012230875
3490	-0.0006501675
3491	-0.0009902717
3492	-0.0004189611
3493	0.00027787688
3494	0.00014913084
3495	-0.00063407427
3496	-0.0009881259
3497	-0.00042700773
3498	0.00026983026
3499	0.00013357402
3500	-0.00064533955
3501	-0.0009945632
3502	-0.0004264713
3503	0.00026983026
3504	0.000138402
3505	-0.0006383658
3506	-0.0010208489
3507	-0.00049674517
3508	0.00022369626
3509	0.00012069942
3510	-0.00064426666
3511	-0.0009972454
3512	-0.00044631964
3513	0.00025856498
3514	0.00014698507
3515	-0.0006190539
3516	-0.00097310555
3517	-0.00042110687
3518	0.00028538707
3519	0.00016951562
3520	-0.0006126166
3521	-0.0009854437
3522	-0.0004522205
3523	0.00025534633
3524	0.00015234949
3525	-0.000622809
3526	-0.0010165573
3527	-0.0005160571
3528	0.00019580127
3529	0.000115871444
3530	-0.0006474853
3531	-0.0010337235
3532	-0.0005589724
3533	0.00014162065
3534	0.000079393394
3535	-0.00066840654
3536	-0.0010519625
3537	-0.0005407334
3538	0.00019472839
3539	0.0001282096
3540	-0.0006244183
3541	-0.0010235311
3542	-0.00056219107
3543	0.00015610458
3544	0.00009709597
3545	-0.000645876
3546	-0.001019776
3547	-0.00049138075
3548	0.00022959712
3549	0.00015074016
3550	-0.00060456997
3551	-0.0009961725
3552	-0.00047314173
3553	0.00024408105
3554	0.00016254188
3555	-0.0006072522
3556	-0.0010026098
3557	-0.00047582394
3558	0.00025427344
3559	0.0001780987
3560	-0.00058633095
3561	-0.00101012
3562	-0.0005289317
3563	0.00020331146
3564	0.00014644863
3565	-0.00061476236
3566	-0.0010079743
3567	-0.0004956723
3568	0.00022959712
3569	0.00016736986
3570	-0.00059384113
3571	-0.0010224582
3572	-0.00058525807
3573	0.000138402
3574	0.000121772304
3575	-0.00061208016
3576	-0.0010369421
3577	-0.00060027844
3578	0.000121772304
3579	0.000100314624
3580	-0.0006152988
3581	-0.0010385514
3582	-0.0006099344
3583	0.00012284519
3584	0.00011694433
3585	-0.0006163717
3586	-0.001056254
3587	-0.0006244183
3588	0.00009602309
3589	0.00008368493
3590	-0.0006474853
3591	-0.0010723473
3592	-0.0006330014
3593	0.000104069724
3594	0.00010192395
3595	-0.0006271005
3596	-0.0010524989
3597	-0.00058364874
3598	0.0001743436
3599	0.00016039611
3600	-0.0005933047
3601	-0.0010401608
3602	-0.0005831123
3603	0.00018024446
3604	0.0001743436
3605	-0.000571847
3606	-0.0010251404
3607	-0.0005654097
3608	0.00019204618
3609	0.00018024446
3610	-0.0005648733
3611	-0.001005292
3612	-0.00051981217
3613	0.00022101405
3614	0.00019419195
3615	-0.0005573631
3616	-0.0010047556
3617	-0.0005342961
3618	0.00020653012
3619	0.00018614532
3620	-0.00056326395
3621	-0.0010074378
3622	-0.0005278588
3623	0.00021350387
3624	0.00021350387
3625	-0.00052356726
3626	-0.00096666825
3627	-0.0004994274
3628	0.00023120645
3629	0.00021511319
3630	-0.0005423427
3631	-0.0010026098
3632	-0.0005423427
3633	0.00020062925
3634	0.00020170213
3635	-0.0005385876
3636	-0.0009999276
3637	-0.0005396605
3638	0.00020974877
3639	0.00020331146
3640	-0.00054395205
3641	-0.0010111929
3642	-0.0005423427
3643	0.00021833184
3644	0.00021886828
3645	-0.00053644186
3646	-0.0009929539
3647	-0.0005359054
3648	0.00020331146
3649	0.00021994117
3650	-0.00052356726
3651	-0.0009902717
3652	-0.0005418063
3653	0.00020599368
3654	0.00021833184
3655	-0.0005278588
3656	-0.0009945632
3657	-0.00054663426
3658	0.00021296742
3659	0.00023818019
3660	-0.00050908333
3661	-0.0009934903
3662	-0.00054663426
3663	0.00020331146
3664	0.00022637847
3665	-0.00052195793
3666	-0.0010074378
3667	-0.0005552173
3668	0.00020062925
3669	0.00021940473
3670	-0.00051820284
3671	-0.0009902717
3672	-0.0005444885
3673	0.00020277502
3674	0.00022745135
3675	-0.00051820284
3676	-0.0010069014
3677	-0.0005664826
3678	0.00020492078
3679	0.00023818019
3680	-0.0005021096
3681	-0.001014948
3682	-0.00066733366
3683	0.00007134677
3684	0.00015074016
3685	-0.0005589724
3686	-0.0010439159
3687	-0.00063890225
3688	0.00014001133
3689	0.00020331146
3690	-0.0005214215
3691	-0.0010122658
3692	-0.0005820394
3693	0.00016522409
3694	0.0002177954
3695	-0.00050532824
3696	-0.001001537
3697	-0.0005820394
3698	0.00018185379
3699	0.00023120645
3700	-0.0004994274
3701	-0.0010069014
3702	-0.00059384113
3703	0.00017756225
3704	0.00023818019
3705	-0.00049138075
3706	-0.0010074378
3707	-0.0005922318
3708	0.00017327072
3709	0.00023335221
3710	-0.00050908333
3711	-0.001014948
3712	-0.00060564285
3713	0.00015074016
3714	0.00021940473
3715	-0.0004983545
3716	-0.0010010005
3717	-0.0005906225
3718	0.00015878679
3719	0.00023549798
3720	-0.00048601633
3721	-0.0010203124
3722	-0.0006764532
3723	0.00006598235
3724	0.00017327072
3725	-0.0005251766
3726	-0.0010347964
3727	-0.0006265641
3728	0.00014376642
3729	0.00022959712
3730	-0.00047367817
3731	-0.0010106565
3732	-0.0006882549
3733	0.000048816208
3734	0.00017005207
3735	-0.0005101562
3736	-0.0010224582
3737	-0.00069201
3738	0.000050425533
3739	0.00015985967
3740	-0.0005316139
3741	-0.0010492803
3742	-0.00070971256
3743	0.000028967861
3744	0.00014537574
3745	-0.00054019695
3746	-0.00106591
3747	-0.0007317067
3748	0.000021994116
3749	0.00016254188
3750	-0.00052356726
3751	-0.0010530354
3752	-0.00071990496
3753	0.000037014488
3754	0.00018239023
3755	-0.0004994274
3756	-0.001028359
3757	-0.0007140041
3758	0.000029504303
3759	0.00018614532
3760	-0.00047636038
3761	-0.001028359
3762	-0.0007220507
3763	0.000022530558
3764	0.00016361476
3765	-0.0005064011
3766	-0.0010498167
3767	-0.00071722275
3768	0.000061690815
3769	0.00020545723
3770	-0.0004752875
3771	-0.0010326506
3772	-0.00073546177
3773	0.000017702581
3774	0.00016307832
3775	-0.0005101562
3776	-0.0010406972
3777	-0.0007268787
3778	0.00002574921
3779	0.00017917158
3780	-0.0005047918
3781	-0.0010546447
3782	-0.00072634226
3783	0.00006383658
3784	0.00021940473
3785	-0.00045168406
3786	-0.0010165573
3787	-0.00069522863
3788	0.000085294254
3789	0.00024300817
3790	-0.0004393459
3791	-0.000996709
3792	-0.0006367565
3793	0.00013947488
3794	0.00027841332
3795	-0.00041681534
3796	-0.0009800793
3797	-0.00063782936
3798	0.00012660028
3799	0.00025963786
3800	-0.00043451792
3801	-0.000991881
3802	-0.0006501675
3803	0.00012069942
3804	0.00026822093
3805	-0.0004125238
3806	-0.0009854437
3807	-0.0006539226
3808	0.00012981893
3809	0.00028860572
3810	-0.00040286782
3811	-0.000982225
3812	-0.0006533862
3813	0.00013035537
3814	0.00028806928
3815	-0.00041466957
3816	-0.0009940268
3817	-0.0006566048
3818	0.00011748077
3819	0.0002805591
3820	-0.00039803985
3821	-0.0009832979
3822	-0.0006566048
3823	0.00011426212
3824	0.00028216842
3825	-0.00039643052
3826	-0.00097203266
3827	-0.00066357857
3828	0.000097632415
3829	0.0002692938
3830	-0.00041091445
3831	-0.0010063649
3832	-0.0007359982
3833	0.000033259395
3834	0.00022906068
3835	-0.0004329086
3836	-0.0010192395
3837	-0.0007526279
3838	-0.000010192395
3839	0.00019258262
3840	-0.00045973068
3841	-0.0010444523
3842	-0.0007783771
3843	-0.00002038479
3844	0.00020277502
3845	-0.00044739252
3846	-0.0010272862
3847	-0.0007451177
3848	0.000055789955
3849	0.00026178363
3850	-0.0003846288
3851	-0.00097042334
3852	-0.00067377096
3853	0.00009602309
3854	0.0002832413
3855	-0.000387311
3856	-0.0009929539
3857	-0.0007359982
3858	0.000046134
3859	0.00026178363
3860	-0.00039643052
3861	-0.0009800793
3862	-0.0006807447
3863	0.00009334088
3864	0.00028377774
3865	-0.00037336352
3866	-0.00096935045
3867	-0.0006861091
3868	0.00010192395
3869	0.0002987981
3870	-0.00037282708
3871	-0.00096666825
3872	-0.000687182
3873	0.000079929836
3874	0.0002859235
3875	-0.0003781915
3876	-0.0009827615
3877	-0.0006946922
3878	0.000091731556
3879	0.0003025532
3880	-0.00036102536
3881	-0.0009827615
3882	-0.0007000566
3883	0.00009334088
3884	0.00031757358
3885	-0.00034171346
3886	-0.0009698869
3887	-0.00075584656
3888	-0.000018775465
3889	0.00021564963
3890	-0.00040555003
3891	-0.0010106565
3892	-0.0007638932
3893	0.000022530558
3894	0.00027519467
3895	-0.0003513694
3896	-0.0009709598
3897	-0.0007059575
3898	0.00007510186
3899	0.00029826167
3900	-0.00035458806
3901	-0.0009763242
3902	-0.0007113219
3903	0.000069201
3904	0.00029826167
3905	-0.00035029653
3906	-0.0009838344
3907	-0.00072741514
3908	0.000058472164
3909	0.0002923608
3910	-0.0003524423
3911	-0.00097578776
3912	-0.0007113219
3913	0.00007885695
3914	0.00031596425
3915	-0.00032776597
3916	-0.0009580852
3917	-0.00070166594
3918	0.00007027388
3919	0.00032240155
3920	-0.00030952695
3921	-0.00095379364
3922	-0.0007810593
3923	-0.00004667044
3924	0.00023227933
3925	-0.0003846288
3926	-0.0010069014
3927	-0.00074672705
3928	0.000048816208
3929	0.00029933456
3930	-0.0003283024
3931	-0.00096291315
3932	-0.00072741514
3933	0.000048816208
3934	0.00029826167
3935	-0.0003283024
3936	-0.000968814
3937	-0.0007445813
3938	0.000032722954
3939	0.0002987981
3940	-0.00031864646
3941	-0.0009607674
3942	-0.00073385244
3943	0.000050961975
3944	0.00031596425
3945	-0.00029557946
3946	-0.0009532572
3947	-0.0008041263
3948	-0.000067591674
3949	0.0002408624
3950	-0.0003578067
3951	-0.0010133387
3952	-0.0008454324
3953	-0.000100314624
3954	0.00021404031
3955	-0.00036209825
3956	-0.0009961725
3957	-0.00083524
3958	-0.00008422137
3959	0.0002371073
3960	-0.00034815076
3961	-0.0010026098
3962	-0.0008470417
3963	-0.00010353328
3964	0.00022369626
3965	-0.0003588796
3966	-0.001005292
3967	-0.0008491875
3968	-0.00008958579
3969	0.00023335221
3970	-0.00034385922
3971	-0.0009902717
3972	-0.00083738577
3973	-0.00009065867
3974	0.00023335221
3975	-0.00034278634
3976	-0.0009908081
3977	-0.0008164645
3978	-0.000027894977
3979	0.00028163198
3980	-0.00032079223
3981	-0.0009661318
3982	-0.0007601381
3983	0.000019848349
3984	0.00032508376
3985	-0.00028216842
3986	-0.00094628346
3987	-0.0007574559
3988	0.000015556814
3989	0.0003384948
3990	-0.00025695565
3991	-0.0009387733
3992	-0.0007950068
3993	-0.000022530558
3994	0.00029450658
3995	-0.00029182437
3996	-0.0009634496
3997	-0.00080090767
3998	-0.000024676325
3999	0.00028914216
4000	-0.0002987981
4001	-0.0009661318
4002	-0.000784278
4003	-0.000011801721
4004	0.00031381848
4005	-0.00026232007
4006	-0.00093072664
4007	-0.00074404484
4008	0.000045061115
4009	0.0003513694
4010	-0.00025266412
4011	-0.00094896567
4012	-0.00082665693
4013	-0.00004398823
4014	0.00028860572
4015	-0.0002869964
4016	-0.00095754873
4017	-0.0007869602
4018	-0.000010192395
4019	0.00031811002
4020	-0.00026339295
4021	-0.00094252836
4022	-0.00077354914
4023	0.0000026822092
4024	0.00033259395
4025	-0.00025534633
4026	-0.0009543301
4027	-0.00079929834
4028	-0.000012338162
4029	0.00032508376
4030	-0.00024193528
4031	-0.0009312631
4032	-0.00084328663
4033	-0.000121772304
4034	0.0002510548
4035	-0.00030148032
4036	-0.000982225
4037	-0.0008829833
4038	-0.00014108421
4039	0.00023067
4040	-0.0002987981
4041	-0.00097203266
4042	-0.0008143187
4043	-0.00002574921
4044	0.00031703713
4045	-0.00025802854
4046	-0.00093823683
4047	-0.00078642374
4048	-0.0000064373025
4049	0.0003422499
4050	-0.00022262338
4051	-0.0009124876
4052	-0.00078374153
4053	-0.000024139883
4054	0.0003266931
4055	-0.00023657086
4056	-0.0009339453
4057	-0.0008014441
4058	-0.000015556814
4059	0.00034332278
4060	-0.00021672252
4061	-0.00092589867
4062	-0.00083577645
4063	-0.00007832051
4064	0.00029128793
4065	-0.00024890903
4066	-0.00094896567
4067	-0.00088566553
4068	-0.00015074016
4069	0.00024408105
4070	-0.00027841332
4071	-0.00095647585
4072	-0.00088083756
4073	-0.00015074016
4074	0.00024944547
4075	-0.00026983026
4076	-0.0009586216
4077	-0.0008980037
4078	-0.00016683342
4079	0.00023925307
4080	-0.00027841332
4081	-0.00096666825
4082	-0.0009017588
4083	-0.00017005207
4084	0.00023603442
4085	-0.0002805591
4086	-0.0009747149
4087	-0.00089639437
4088	-0.000161469
4089	0.0002499819
4090	-0.0002548099
4091	-0.0009532572
4092	-0.0009006859
4093	-0.00017005207
4094	0.00023818019
4095	-0.0002676845
4096	-0.0009613038
4097	-0.0008931757
4098	-0.0001255274
4099	0.00029397014
4100	-0.00022369626
4101	-0.00094252836
4102	-0.00088459265
4103	-0.00011211635
4104	0.00029557946
4105	-0.00021940473
4106	-0.00093823683
4107	-0.0008926393
4108	-0.00013089181
4109	0.0002832413
4110	-0.0002344251
4111	-0.0009366275
4112	-0.00090014946
4113	-0.00019043685
4114	0.00023227933
4115	-0.00025802854
4116	-0.0009698869
4117	-0.00093072664
4118	-0.00019150974
4119	0.00023978952
4120	-0.00024300817
4121	-0.00093984616
4122	-0.0008904935
4123	-0.00012660028
4124	0.00029557946
4125	-0.0002113581
4126	-0.0009312631
4127	-0.00089478504
4128	-0.000161469
4129	0.00026607516
4130	-0.00023013356
4131	-0.00094360125
4132	-0.0009291173
4133	-0.00020277502
4134	0.00023281577
4135	-0.00024622682
4136	-0.00094467413
4137	-0.00092053425
4138	-0.00019955637
4139	0.00024247172
4140	-0.0002344251
4141	-0.00094467413
4142	-0.000904441
4143	-0.00014108421
4144	0.00031167272
4145	-0.00017488004
4146	-0.0008926393
4147	-0.0008776189
4148	-0.00012928249
4149	0.00030523541
4150	-0.0001909733
4151	-0.00092321646
4152	-0.00091677916
4153	-0.00019794704
4154	0.0002564192
4155	-0.00021404031
4156	-0.0009264351
4157	-0.0008958579
4158	-0.00014591218
4159	0.00029557946
4160	-0.00018292667
4161	-0.0009033681
4162	-0.00085401547
4163	-0.000091731556
4164	0.00034976008
4165	-0.00014591218
4166	-0.0008797647
4167	-0.0008465053
4168	-0.000088512905
4169	0.00035673383
4170	-0.00014430286
4171	-0.0008803011
4172	-0.00085616123
4173	-0.000094413765
4174	0.00034707788
4175	-0.00013732912
4176	-0.00088191044
4177	-0.000863135
4178	-0.00010943414
4179	0.00033795836
4180	-0.0001448393
4181	-0.00087922823
4182	-0.0008507968
4183	-0.00009012223
4184	0.00035029653
4185	-0.00013411047
4186	-0.00087547314
4187	-0.00084757817
4188	-0.000088512905
4189	0.00036960843
4190	-0.00011694433
4191	-0.00086903584
4192	-0.0008566977
4193	-0.000104606166
4194	0.00035190585
4195	-0.00012284519
4196	-0.0008701087
4197	-0.0009199978
4198	-0.00022584203
4199	0.0002472997
4200	-0.00020492078
4201	-0.0009350182
4202	-0.0009452106
4203	-0.00020492078
4204	0.0002907515
4205	-0.00015932323
4206	-0.0008990766
4207	-0.0009366275
4208	-0.00020599368
4209	0.00028485063
4210	-0.00015395881
4211	-0.00088727486
4212	-0.000886202
4213	-0.0001448393
4214	0.0003358126
4215	-0.00011694433
4216	-0.00087279093
4217	-0.0008733274
4218	-0.00012767316
4219	0.00034385922
4220	-0.00011211635
4221	-0.0008674265
4222	-0.00094896567
4223	-0.00027143958
4224	0.00023764375
4225	-0.00017112495
4226	-0.000904441
4227	-0.0009650589
4228	-0.00027358535
4229	0.00022745135
4230	-0.00017380716
4231	-0.0009017588
4232	-0.00096023094
4233	-0.0002692938
4234	0.0002446175
4235	-0.00014322998
4236	-0.00088083756
4237	-0.00093984616
4238	-0.00021725896
4239	0.0002934337
4240	-0.0001255274
4241	-0.00087064516
4242	-0.0009403826
4243	-0.00020331146
4244	0.00031167272
4245	-0.00010675193
4246	-0.0008593799
4247	-0.00089371216
4248	-0.00015825035
4249	0.00032508376
4250	-0.00010514261
4251	-0.0008507968
4252	-0.0008840562
4253	-0.00015825035
4254	0.00034064057
4255	-0.00008314849
4256	-0.00084596884
4257	-0.00089371216
4258	-0.00015878679
4259	0.00035458806
4260	-0.00006705523
4261	-0.00083202135
4262	-0.00089210283
4263	-0.00016736986
4264	0.00034385922
4265	-0.00007134677
4266	-0.000830412
4267	-0.00087279093
4268	-0.00015556814
4269	0.00035405162
4270	-0.000069201
4271	-0.00084596884
4272	-0.0009060503
4273	-0.00017648937
4274	0.00032776597
4275	-0.000079929836
4276	-0.0008443595
4277	-0.0009135605
4278	-0.00018668176
4279	0.00032991174
4280	-0.000067591674
4281	-0.00083524
4282	-0.0009596945
4283	-0.0002987981
4284	0.00024300817
4285	-0.00012981893
4286	-0.0008776189
4287	-0.0009613038
4288	-0.00023764375
4289	0.000299871
4290	-0.00009548665
4291	-0.0008491875
4292	-0.0009264351
4293	-0.00021672252
4294	0.0003063083
4295	-0.000085294254
4296	-0.0008470417
4297	-0.0009559394
4298	-0.0002934337
4299	0.00026500228
4300	-0.000104069724
4301	-0.0008566977
4302	-0.00093984616
4303	-0.00021618608
4304	0.00031703713
4305	-0.00006651879
4306	-0.0008314849
4307	-0.0009264351
4308	-0.00019580127
4309	0.00034385922
4310	-0.000042915348
4311	-0.000807345
4312	-0.0009022952
4313	-0.0001909733
4314	0.0003331304
4315	-0.00005471707
4316	-0.0008202196
4317	-0.00092160713
4318	-0.00021082166
4319	0.00032240155
4320	-0.000055789955
4321	-0.00082129246
4322	-0.00092697155
4323	-0.00021833184
4324	0.00033420327
4325	-0.00003218651
4326	-0.00080680853
4327	-0.0009221436
4328	-0.00021725896
4329	0.0003320575
4330	-0.00003808737
4331	-0.0008127094
4332	-0.00091677916
4333	-0.00020331146
4334	0.0003524423
4335	-0.000018239023
4336	-0.0008041263
4337	-0.0009157063
4338	-0.00021564963
4339	0.0003293753
4340	-0.000030577186
4341	-0.0008078814
4342	-0.00093233597
4343	-0.00022959712
4344	0.00033366683
4345	-0.000013947489
4346	-0.00078374153
4347	-0.0009248258
4348	-0.00022852424
4349	0.0003422499
4350	-0.000016629698
4351	-0.0007987619
4352	-0.000927508
4353	-0.0002113581
4354	0.0003588796
4355	-0.0000032186513
4356	-0.00079447037
4357	-0.00092804444
4358	-0.00024622682
4359	0.00033098462
4360	-0.000009119512
4361	-0.00079554325
4362	-0.0009393097
4363	-0.00024783614
4364	0.0003191829
4365	-0.000017702581
4366	-0.0007960797
4367	-0.0009800793
4368	-0.00035351518
4369	0.0002242327
4370	-0.00007885695
4371	-0.0008427502
4372	-0.0010294319
4373	-0.00039428475
4374	0.00021511319
4375	-0.000079393394
4376	-0.00083470356
4377	-0.0010187031
4378	-0.0003937483
4379	0.00020653012
4380	-0.00008368493
4381	-0.00084221375
4382	-0.0010069014
4383	-0.00037068131
4384	0.00023227933
4385	-0.000056326397
4386	-0.00081592804
4387	-0.00096398604
4388	-0.00028485063
4389	0.0003165007
4390	0.0000010728837
4391	-0.0007756949
4392	-0.00096935045
4393	-0.00032132867
4394	0.00028109553
4395	-0.000018239023
4396	-0.00078642374
4397	-0.00096398604
4398	-0.00028216842
4399	0.00031811002
4400	0.00000858307
4401	-0.0007644296
4402	-0.0009865166
4403	-0.00037658217
4404	0.0002215505
4405	-0.000052034862
4406	-0.00080680853
4407	-0.00097578776
4408	-0.0003036261
4409	0.0003036261
4410	0.0000059008603
4411	-0.0007730127
4412	-0.00096398604
4413	-0.0003063083
4414	0.00029933456
4415	0.0000048279767
4416	-0.00076711184
4417	-0.0009478928
4418	-0.00028485063
4419	0.00032079223
4420	0.000023603441
4421	-0.00075584656
4422	-0.0009484292
4423	-0.00028377774
4424	0.00032401088
4425	0.00003165007
4426	-0.0007435084
4427	-0.00093984616
4428	-0.00027143958
4429	0.00033688548
4430	0.000052571304
4431	-0.00073546177
4432	-0.0009478928
4433	-0.0002934337
4434	0.0003191829
4435	0.000042915348
4436	-0.0007343889
4437	-0.00094735634
4438	-0.0003036261
4439	0.00031864646
4440	0.00003165007
4441	-0.000756383
4442	-0.0009586216
4443	-0.0003036261
4444	0.0003154278
4445	0.00003433228
4446	-0.00074940926
4447	-0.0009634496
4448	-0.00031328204
4449	0.00031113627
4450	0.00003433228
4451	-0.00075584656
4452	-0.0010095836
4453	-0.00042432552
4454	0.00021725896
4455	-0.0000016093256
4456	-0.00076228386
4457	-0.0010176302
4458	-0.00044631964
4459	0.0001936555
4460	-0.000018239023
4461	-0.0007703305
4462	-0.0010278226
4463	-0.00044095522
4464	0.00020706657
4465	-0.000023067
4466	-0.0007896424
4467	-0.0010551811
4468	-0.00047099596
4469	0.00018399955
4470	-0.000026285652
4471	-0.000784278
4472	-0.0010401608
4473	-0.00046992308
4474	0.00018131734
4475	-0.000028967861
4476	-0.00077998644
4477	-0.001038015
4478	-0.00045919424
4479	0.0001974106
4480	-0.000016629698
4481	-0.00077730423
4482	-0.0010369421
4483	-0.00045919424
4484	0.0002000928
4485	0.000007510186
4486	-0.00075852877
4487	-0.0010224582
4488	-0.00045382982
4489	0.00020653012
4490	0.0000032186513
4491	-0.00075316435
4492	-0.0010369421
4493	-0.00047689682
4494	0.00017595293
4495	-0.000025212767
4496	-0.000784278
4497	-0.0010498167
4498	-0.00047850615
4499	0.00018990041
4500	0.0000059008603
4501	-0.00075209147
4502	-0.0010401608
4503	-0.00044363743
4504	0.00024354461
4505	0.000035941604
4506	-0.0007397533
4507	-0.0010294319
4508	-0.00043022638
4509	0.00024139884
4510	0.000053107746
4511	-0.00071185833
4512	-0.0009779335
4513	-0.00035673383
4514	0.00031059983
4515	0.000100851066
4516	-0.0006925464
4517	-0.0010095836
4518	-0.00043129927
4519	0.00025266412
4520	0.00007027388
4521	-0.0007048846
4522	-0.0010122658
4523	-0.0004329086
4524	0.00025320056
4525	0.00006705523
4526	-0.0007059575
4527	-0.0010203124
4528	-0.0004355908
4529	0.0002601743
4530	0.000079929836
4531	-0.0007022024
4532	-0.00101012
4533	-0.00043505436
4534	0.00025212768
4535	0.00007027388
4536	-0.0007113219
4537	-0.0009988548
4538	-0.00038945678
4539	0.00029557946
4540	0.00011211635
4541	-0.0006743074
4542	-0.0009795428
4543	-0.00037872794
4544	0.0002971888
4545	0.00011426212
4546	-0.00067001587
4547	-0.0009747149
4548	-0.00038570169
4549	0.0002896786
4550	0.00011265279
4551	-0.0006667972
4552	-0.0009800793
4553	-0.0003937483
4554	0.00028109553
4555	0.00010138751
4556	-0.00066089636
4557	-0.0009800793
4558	-0.0003910661
4559	0.00028860572
4560	0.00011211635
4561	-0.00066840654
4562	-0.000968814
4563	-0.0003883839
4564	0.00029557946
4565	0.00012499095
4566	-0.0006630421
4567	-0.0009956361
4568	-0.000410378
4569	0.00028270486
4570	0.00011748077
4571	-0.00065821415
4572	-0.001005292
4573	-0.0004956723
4574	0.00018775465
4575	0.000052571304
4576	-0.0007059575
4577	-0.0010535718
4578	-0.0005444885
4579	0.00015449525
4580	0.000037014488
4581	-0.0007123948
4582	-0.0010551811
4583	-0.0005278588
4584	0.00016522409
4585	0.000050961975
4586	-0.00068879133
4587	-0.001028359
4588	-0.0005251766
4589	0.00016951562
4590	0.000069201
4591	-0.0006893278
4592	-0.0010465981
4593	-0.00054502493
4594	0.00015664102
4595	0.000067591674
4596	-0.0006791354
4597	-0.0010299684
4598	-0.0004881621
4599	0.00022476914
4600	0.00010621549
4601	-0.00065714127
4602	-0.0010154844
4603	-0.00048869854
4604	0.00022208694
4605	0.00011694433
4606	-0.00065928703
4607	-0.0010305048
4608	-0.00050050026
4609	0.0002177954
4610	0.00010943414
4611	-0.0006667972
4612	-0.0010208489
4613	-0.00044792896
4614	0.00026875737
4615	0.00014698507
4616	-0.0006356836
4617	-0.0010020734
4618	-0.00043988234
4619	0.0002794862
4620	0.00016683342
4621	-0.00061476236
4622	-0.0009816886
4623	-0.0004447103
4624	0.00026071075
4625	0.0001577139
4626	-0.0006152988
4627	-0.0009945632
4628	-0.00045168406
4629	0.00027090314
4630	0.00017702581
4631	-0.0005868674
4632	-0.0009672047
4633	-0.00045329338
4634	0.00024890903
4635	0.00014752151
4636	-0.00063246494
4637	-0.0010095836
4638	-0.00047367817
4639	0.00024300817
4640	0.00016039611
4641	-0.000599742
4642	-0.0010122658
4643	-0.000502646
4644	0.00023388866
4645	0.00014966728
4646	-0.0006174446
4647	-0.0010106565
4648	-0.00048118836
4649	0.00024032596
4650	0.00015985967
4651	-0.00060296064
4652	-0.0009934903
4653	-0.00046348578
4654	0.000253737
4655	0.000161469
4656	-0.0006024242
4657	-0.0010117294
4658	-0.00055575377
4659	0.00014966728
4660	0.00010675193
4661	-0.0006448031
4662	-0.0010637642
4663	-0.0006190539
4664	0.0000987053
4665	0.00007134677
4666	-0.00065928703
4667	-0.0010578634
4668	-0.0006034971
4669	0.0001282096
4670	0.000116407886
4671	-0.0006206632
4672	-0.0010423065
4673	-0.000599742
4674	0.000115871444
4675	0.00008636714
4676	-0.0006496311
4677	-0.001061082
4678	-0.00058525807
4679	0.00016897918
4680	0.00013947488
4681	-0.0005959869
4682	-0.0010305048
4683	-0.0006040335
4684	0.00012284519
4685	0.000113189235
4686	-0.00062870985
4687	-0.0010664464
4688	-0.0006265641
4689	0.00010299684
4690	0.000091195114
4691	-0.0006512404
4692	-0.0010782481
4693	-0.0006367565
4694	0.00009548665
4695	0.000091731556
4696	-0.00062763697
4697	-0.0010535718
4698	-0.00058633095
4699	0.00017273428
4700	0.00017756225
4701	-0.00056594616
4702	-0.0009988548
4703	-0.00050908333
4704	0.00022745135
4705	0.00020331146
4706	-0.00054931646
4707	-0.0009956361
4708	-0.00050908333
4709	0.00022208694
4710	0.00020438434
4711	-0.0005460978
4712	-0.0009999276
4713	-0.00053751474
4714	0.00020706657
4715	0.00019419195
4716	-0.0005509258
4717	-0.0009843708
4718	-0.0005230308
4719	0.00021886828
4720	0.000207603
4721	-0.0005482436
4722	-0.0010074378
4723	-0.0005359054
4724	0.00021028522
4725	0.00020599368
4726	-0.0005423427
4727	-0.000991881
4728	-0.000530541
4729	0.00020599368
4730	0.000207603
4731	-0.0005359054
4732	-0.0009902717
4733	-0.0005289317
4734	0.00020921233
4735	0.00021028522
4736	-0.0005342961
4737	-0.0009908081
4738	-0.0005214215
4739	0.00022637847
4740	0.00023978952
4741	-0.00050801045
4742	-0.0009859802
4743	-0.00053912407
4744	0.00021672252
4745	0.00021350387
4746	-0.0005423427
4747	-0.0010181667
4748	-0.0005616546
4749	0.00020331146
4750	0.00023818019
4751	-0.0005187393
4752	-0.0010229946
4753	-0.0006077886
4754	0.00015664102
4755	0.00019848348
4756	-0.00053644186
4757	-0.0010095836
4758	-0.00055575377
4759	0.00020813945
4760	0.00023549798
4761	-0.00050908333
4762	-0.001001537
4763	-0.000558436
4764	0.00020062925
4765	0.00023657086
4766	-0.0005010367
4767	-0.000996709
4768	-0.0005611182
4769	0.00018990041
4770	0.00023227933
4771	-0.00050693756
4772	-0.001019776
4773	-0.00062602764
4774	0.00014001133
4775	0.00020438434
4776	-0.0005160571
4777	-0.001001537
4778	-0.00057613855
4779	0.00018560888
4780	0.00024139884
4781	-0.00049406296
4782	-0.0009956361
4783	-0.00056862837
4784	0.00019204618
4785	0.00023764375
4786	-0.00050425535
4787	-0.0010063649
4788	-0.00057721144
4789	0.00018560888
4790	0.0002472997
4791	-0.00048655277
4792	-0.001019776
4793	-0.0006818176
4794	0.00006383658
4795	0.00015610458
4796	-0.0005359054
4797	-0.001042843
4798	-0.00069415575
4799	0.00004988909
4800	0.000161469
4801	-0.00053375965
4802	-0.001051426
4803	-0.00067001587
4804	0.00011265279
4805	0.00021511319
4806	-0.00049030787
4807	-0.0009934903
4808	-0.0005831123
4809	0.00018507244
4810	0.0002548099
4811	-0.0004726053
4812	-0.0010058285
4813	-0.0006560684
4814	0.000116407886
4815	0.00023013356
4816	-0.00047582394
4817	-0.0010154844
4818	-0.00065821415
4819	0.00011211635
4820	0.0002215505
4821	-0.00047636038
4822	-0.0010138751
4823	-0.0006898642
4824	0.000059545047
4825	0.00018399955
4826	-0.00050157314
4827	-0.0010337235
4828	-0.0007123948
4829	0.000042378906
4830	0.00016844274
4831	-0.00052356726
4832	-0.0010616184
4833	-0.00074136263
4834	0.000023603441
4835	0.00016897918
4836	-0.0005165935
4837	-0.0010589362
4838	-0.0007472635
4839	0.0000032186513
4840	0.00016200544
4841	-0.000507474
4842	-0.001033187
4843	-0.00069308287
4844	0.00009334088
4845	0.00023496154
4846	-0.0004726053
4847	-0.001033187
4848	-0.00073277956
4849	0.000012874605
4850	0.00017005207
4851	-0.00049674517
4852	-0.001033187
4853	-0.0007022024
4854	0.00008636714
4855	0.00023388866
4856	-0.0004447103
4857	-0.0009972454
4858	-0.0006405116
4859	0.00014001133
4860	0.0002628565
4861	-0.00044256455
4862	-0.0009945632
4863	-0.0006474853
4864	0.000115871444
4865	0.00024676326
4866	-0.0004511476
4867	-0.0010310413
4868	-0.00074028975
4869	0.000012874605
4870	0.00017702581
4871	-0.00049138075
4872	-0.0010530354
4873	-0.0007553101
4874	-0.000011265279
4875	0.00017595293
4876	-0.00047314173
4877	-0.0010374786
4878	-0.00075852877
4879	-0.0000059008603
4880	0.00018185379
4881	-0.00048762566
4882	-0.0010508896
4883	-0.0007408262
4884	0.000048279766
4885	0.00023120645
4886	-0.00042700773
4887	-0.0009913446
4888	-0.0006566048
4889	0.00013518335
4890	0.0002869964
4891	-0.0004050136
4892	-0.0009854437
4893	-0.00065928703
4894	0.00012016298
4895	0.0002859235
4896	-0.000392139
4897	-0.0009875895
4898	-0.0007038117
4899	0.00007510186
4900	0.00025427344
4901	-0.0004135967
4902	-0.0009891988
4903	-0.0006764532
4904	0.00010567905
4905	0.00029450658
4906	-0.00037980083
4907	-0.00097417843
4908	-0.00065821415
4909	0.00011211635
4910	0.0002832413
4911	-0.00039428475
4912	-0.0009999276
4913	-0.0007617474
4914	-0.000007510186
4915	0.00021511319
4916	-0.00043022638
4917	-0.0010267497
4918	-0.0007907153
4919	-0.00003808737
4920	0.00019204618
4921	-0.000438273
4922	-0.0010090471
4923	-0.00069308287
4924	0.00008744002
4925	0.00028485063
4926	-0.00036960843
4927	-0.0009763242
4928	-0.0006834269
4929	0.000100851066
4930	0.00030201676
4931	-0.00035405162
4932	-0.0009613038
4933	-0.0006791354
4934	0.000088512905
4935	0.00029397014
4936	-0.00037282708
4937	-0.0009779335
4938	-0.000687182
4939	0.00008475781
4940	0.00029021504
4941	-0.0003679991
4942	-0.0009747149
4943	-0.0006861091
4944	0.00009065867
4945	0.00031435493
4946	-0.0003384948
4947	-0.0009516479
4948	-0.0006834269
4949	0.000092268
4950	0.00030684474
4951	-0.00035458806
4952	-0.0009843708
4953	-0.0007075668
4954	0.00007241965
4955	0.0002971888
4956	-0.00034707788
4957	-0.0009714962
4958	-0.00070166594
4959	0.00007510186
4960	0.00031113627
4961	-0.0003266931
4962	-0.0009586216
4963	-0.00069952017
4964	0.00007027388
4965	0.00030201676
4966	-0.00034278634
4967	-0.00097578776
4968	-0.00072473293
4969	0.0000627637
4970	0.0003100634
4971	-0.0003358126
4972	-0.0009752513
4973	-0.00072473293
4974	0.00006330014
4975	0.00031328204
4976	-0.00033634904
4977	-0.00097203266
4978	-0.00071185833
4979	0.00007188321
4980	0.00031328204
4981	-0.00032347444
4982	-0.00095754873
4983	-0.00071722275
4984	0.00006115437
4985	0.0003036261
4986	-0.00033259395
4987	-0.0009714962
4988	-0.0007258058
4989	0.000055789955
4990	0.0003036261
4991	-0.00032776597
4992	-0.00096398604
4993	-0.00072473293
4994	0.00006651879
4995	0.00031328204
4996	-0.0003293753
4997	-0.0009859802
4998	-0.00081217295
4999	-0.000067591674
5000	0.00022047761
5001	-0.0003679991
5002	-0.0010042192
5003	-0.0008271934
5004	-0.00008100272
5005	0.00021243098
5006	-0.00037926438
5007	-0.0010176302
5008	-0.0008336307
5009	-0.000045061115
5010	0.00025856498
5011	-0.0003358126
5012	-0.0009859802
5013	-0.0008202196
5014	-0.00007724763
5015	0.00022959712
5016	-0.0003578067
5017	-0.0010026098
5018	-0.00083202135
5019	-0.00008153916
5020	0.00023603442
5021	-0.00034010413
5022	-0.0009849073
5023	-0.0007987619
5024	-0.00000858307
5025	0.00029128793
5026	-0.00031059983
5027	-0.0009714962
5028	-0.000830412
5029	-0.00008797646
5030	0.00022637847
5031	-0.00035727027
5032	-0.00101012
5033	-0.00085884344
5034	-0.000110507026
5035	0.0002279878
5036	-0.00032347444
5037	-0.0009843708
5038	-0.0008137823
5039	-0.00003111363
5040	0.00028860572
5041	-0.00030952695
5042	-0.0009811522
5043	-0.00078266865
5044	-0.00000053644186
