0	0.00005418063
1	-0.0009355546
2	-0.0011383296
3	-0.0002666116
4	0.0004806519
5	0.00006115437
6	-0.0009452106
7	-0.0011635424
8	-0.00028431418
9	0.00046563154
10	0.00005418063
11	-0.0009403826
12	-0.0011538864
13	-0.00028806928
14	0.0004726053
15	0.000076711185
16	-0.00091141474
17	-0.001120627
18	-0.00025266412
19	0.0004881621
20	0.00007295609
21	-0.0009301902
22	-0.0011453034
23	-0.00027197602
24	0.00047475105
25	0.00006008149
26	-0.0009377004
27	-0.0011356474
28	-0.00026607516
29	0.00046831375
30	0.000061690815
31	-0.00091302407
32	-0.001120627
33	-0.00024354461
34	0.0004999638
35	0.000068128116
36	-0.0009452106
37	-0.0011619331
38	-0.00028109553
39	0.00046831375
40	0.000058472164
41	-0.0009291173
42	-0.0011190177
43	-0.0002279878
44	0.0005047918
45	0.000067591674
46	-0.0009419919
47	-0.0011565686
48	-0.00027734044
49	0.00047314173
50	0.000048816208
51	-0.00094252836
52	-0.0011490585
53	-0.00026607516
54	0.0004806519
55	0.00005149842
56	-0.0009366275
57	-0.0011431576
58	-0.00028270486
59	0.00046134
60	0.000041842464
61	-0.0009580852
62	-0.0011592509
63	-0.00027841332
64	0.00047367817
65	0.00006651879
66	-0.0009339453
67	-0.0011426212
68	-0.0002628565
69	0.00048708922
70	0.00007241965
71	-0.0009301902
72	-0.0011383296
73	-0.0002639294
74	0.00048869854
75	0.00006973744
76	-0.0009403826
77	-0.0011453034
78	-0.0002601743
79	0.0004929901
80	0.000057935722
81	-0.00094735634
82	-0.0011506678
83	-0.00026607516
84	0.0004688502
85	0.000050425533
86	-0.00093609106
87	-0.0011297466
88	-0.00026232007
89	0.00047689682
90	0.000053107746
91	-0.00094628346
92	-0.0011571051
93	-0.00027894977
94	0.00047099596
95	0.000055789955
96	-0.0009366275
97	-0.0011356474
98	-0.00025802854
99	0.00048333412
100	0.00005471707
101	-0.0009478928
102	-0.0011415483
103	-0.0002666116
104	0.00047957903
105	0.00006115437
106	-0.0009312631
107	-0.0011372567
108	-0.0002666116
109	0.0004817248
110	0.00005739928
111	-0.0009377004
112	-0.0011383296
113	-0.0002564192
114	0.0004956723
115	0.00007832051
116	-0.0009291173
117	-0.0011276008
118	-0.00024890903
119	0.00049889093
120	0.000047206882
121	-0.0009779335
122	-0.0011651517
123	-0.00027734044
124	0.0004549027
125	0.00003433228
126	-0.00096023094
127	-0.001148522
128	-0.00025856498
129	0.00048601633
130	0.00005418063
131	-0.00095540297
132	-0.0011554958
133	-0.00025856498
134	0.00048762566
135	0.00006115437
136	-0.00093823683
137	-0.0011479856
138	-0.00025427344
139	0.00048226124
140	0.000061690815
141	-0.0009377004
142	-0.0011335016
143	-0.00025212768
144	0.00049138075
145	0.00007027388
146	-0.0009291173
147	-0.0011528136
148	-0.0003063083
149	0.0004253984
150	0.000045061115
151	-0.0008695723
152	-0.0010412337
153	-0.00027734044
154	0.0003331304
155	-0.000038623813
156	-0.0008620621
157	-0.0009849073
158	-0.0002344251
159	0.00034761432
160	-0.00005686284
161	-0.0008851291
162	-0.0009999276
163	-0.0002279878
164	0.00035351518
165	-0.000052034862
166	-0.00088191044
167	-0.000987053
168	-0.00023388866
169	0.0003422499
170	-0.00006544591
171	-0.0008840562
172	-0.0009886624
173	-0.00023818019
174	0.00034654143
175	-0.000044524673
176	-0.0008684994
177	-0.0009827615
178	-0.00022852424
179	0.0003717542
180	-0.000007510186
181	-0.00084489596
182	-0.00096935045
183	-0.00023388866
184	0.00033259395
185	-0.00008368493
186	-0.0009162427
187	-0.0010294319
188	-0.00025856498
189	0.00037229064
190	0.00004076958
191	-0.0007960797
192	-0.0009865166
193	-0.00023281577
194	0.00042968994
195	0.000021994116
196	-0.00094467413
197	-0.0011619331
198	-0.00031757358
199	0.00042861706
200	0.00003755093
201	-0.0009301902
202	-0.0011329652
203	-0.00026983026
204	0.0004742146
205	0.00007295609
206	-0.0009071232
207	-0.0011125804
208	-0.00026071075
209	0.00045919424
210	0.00003165007
211	-0.0009559394
212	-0.0011635424
213	-0.00028914216
214	0.0004650951
215	0.00006008149
216	-0.0009317995
217	-0.0011431576
218	-0.00028485063
219	0.00044363743
220	0.000019311907
221	-0.0009672047
222	-0.0011554958
223	-0.0002703667
224	0.0004624129
225	0.00003808737
226	-0.00093716395
227	-0.0011324288
228	-0.00026071075
229	0.00047636038
230	0.000050961975
231	-0.0009328724
232	-0.0011292101
233	-0.0002344251
234	0.0005101562
235	0.00006544591
236	-0.00093823683
237	-0.0011356474
238	-0.00025159123
239	0.0004935265
240	0.000067591674
241	-0.0009248258
242	-0.001135111
243	-0.0002730489
244	0.0004715324
245	0.000052571304
246	-0.00095003855
247	-0.0011619331
248	-0.00028002265
249	0.00046294933
250	0.000036478046
251	-0.0009452106
252	-0.0011415483
253	-0.00025427344
254	0.0004806519
255	0.000033795837
256	-0.0009645225
257	-0.0011640788
258	-0.00029182437
259	0.0004393459
260	0.000010192395
261	-0.00097847
262	-0.0011619331
263	-0.0002741218
264	0.0004650951
265	0.00003486872
266	-0.0009596945
267	-0.0011592509
268	-0.0002896786
269	0.0004495383
270	0.00004023314
271	-0.00094360125
272	-0.0011651517
273	-0.00033742192
274	0.00038570169
275	0.0000059008603
276	-0.00092321646
277	-0.0010739566
278	-0.00028216842
279	0.00032347444
280	-0.000067591674
281	-0.00088566553
282	-0.0010004641
283	-0.0002612472
284	0.0003266931
285	-0.00006115437
286	-0.0008749367
287	-0.0009779335
288	-0.00022262338
289	0.0003486872
290	-0.000055789955
291	-0.0008840562
292	-0.0009891988
293	-0.0002446175
294	0.00034546855
295	-0.000042915348
296	-0.00087440026
297	-0.0010074378
298	-0.00024515393
299	0.00034922364
300	-0.000042378906
301	-0.0008749367
302	-0.00097847
303	-0.00022208694
304	0.00035566094
305	-0.000047743324
306	-0.00087279093
307	-0.0010026098
308	-0.00025427344
309	0.0002344251
310	-0.00022959712
311	-0.0010696651
312	-0.0011780263
313	-0.00030738118
314	0.0004586578
315	0.000052571304
316	-0.00094628346
317	-0.0011839272
318	-0.0003808737
319	0.00036478046
320	-0.000023603441
321	-0.0009768606
322	-0.0011624695
323	-0.00030952695
324	0.00044149166
325	0.000026285652
326	-0.0009634496
327	-0.0011662246
328	-0.00031757358
329	0.0004162789
330	-0.0000021457674
331	-0.000973642
332	-0.0011646153
333	-0.0003293753
334	0.00040715936
335	-0.000009119512
336	-0.0009945632
337	-0.0012032391
338	-0.00035297874
339	0.000392139
340	-0.000015020372
341	-0.0009768606
342	-0.001176417
343	-0.0003422499
344	0.00041091445
345	-0.0000069737443
346	-0.0009950997
347	-0.0012053848
348	-0.0003626347
349	0.00038999322
350	-0.00001716614
351	-0.00097042334
352	-0.0011554958
353	-0.00030952695
354	0.0004253984
355	-0.0000010728837
356	-0.0009849073
357	-0.0011951925
358	-0.00036209825
359	0.00039535764
360	0.0000032186513
361	-0.0009714962
362	-0.001186073
363	-0.0003524423
364	0.00040179494
365	-0.000009119512
366	-0.0009768606
367	-0.0011479856
368	-0.00020599368
369	0.0006335378
370	0.00037497285
371	-0.00050425535
372	-0.00078266865
373	-0.00010782482
374	0.00039589408
375	-0.0002177954
376	-0.0013110639
377	-0.001531005
378	-0.00063407427
379	0.00019794704
380	-0.00014215709
381	-0.0010787846
382	-0.0012815596
383	-0.00045007473
384	0.00030148032
385	-0.00008958579
386	-0.0010519625
387	-0.0012418629
388	-0.0003578067
389	0.00046294933
390	0.00012230875
391	-0.00083524
392	-0.0010465981
393	-0.00018882753
394	0.0005342961
395	0.00010138751
396	-0.00088083756
397	-0.0010374786
398	-0.00008958579
399	0.0007231236
400	0.000346005
401	-0.0006898642
402	-0.001001537
403	-0.00019419195
404	0.0005675555
405	0.00022637847
406	-0.0007488728
407	-0.0011157991
408	-0.00041949755
409	0.00017917158
410	-0.0003127456
411	-0.0012928249
412	-0.0014140607
413	-0.0004366637
414	0.00034439567
415	-0.000079393394
416	-0.0010696651
417	-0.0012413264
418	-0.00033688548
419	0.00040715936
420	-0.000027358536
421	-0.0009940268
422	-0.0011233093
423	-0.00018775465
424	0.00055414444
425	0.000115871444
426	-0.0008980037
427	-0.0011109711
428	-0.00022745135
429	0.0005085469
430	0.00008153916
431	-0.000876546
432	-0.0010278226
433	-0.00012767316
434	0.00059652334
435	0.00013411047
436	-0.00089102995
437	-0.0011050702
438	-0.00025212768
439	0.00045651203
440	0.000009655953
441	-0.0009881259
442	-0.001186073
443	-0.00031220916
444	0.00042164332
445	-0.000023603441
446	-0.001033187
447	-0.0012171866
448	-0.00032454732
449	0.00040608647
450	-0.00001716614
451	-0.0010090471
452	-0.001194656
453	-0.00029772523
454	0.00043612724
455	-0.000007510186
456	-0.0009961725
457	-0.0011672975
458	-0.00028002265
459	0.00045007473
460	0.00002038479
461	-0.00097847
462	-0.0011635424
463	-0.00026983026
464	0.00046294933
465	0.000025212767
466	-0.0009714962
467	-0.0011613966
468	-0.0002730489
469	0.00046080357
470	0.000011265279
471	-0.0009773971
472	-0.0011721255
473	-0.00028806928
474	0.00045329338
475	0.00000858307
476	-0.0009806157
477	-0.0011474491
478	-0.00024890903
479	0.00048118836
480	0.000036478046
481	-0.00097042334
482	-0.0011613966
483	-0.00027143958
484	0.0004650951
485	0.000033795837
486	-0.0009613038
487	-0.0011576415
488	-0.00027465823
489	0.0004549027
490	0.000022530558
491	-0.0009495021
492	-0.0011383296
493	-0.00029557946
494	0.00044149166
495	0.000020921232
496	-0.00096559536
497	-0.0011324288
498	-0.00023120645
499	0.0005101562
500	0.000064909465
501	-0.00091946137
502	-0.0011195542
503	-0.00024354461
504	0.00046455866
505	0.00001716614
506	-0.0009897352
507	-0.0011651517
508	-0.00026500228
509	0.00045704847
510	0.000012874605
511	-0.0009613038
512	-0.001130283
513	-0.0002472997
514	0.0004688502
515	0.000018775465
516	-0.0009773971
517	-0.0011597873
518	-0.00027841332
519	0.00046080357
520	0.000016629698
521	-0.0009698869
522	-0.0011512042
523	-0.0002703667
524	0.00045919424
525	0.00003755093
526	-0.0009403826
527	-0.0011195542
528	-0.00023657086
529	0.00047850615
530	0.000035405163
531	-0.00095540297
532	-0.0011297466
533	-0.00023978952
534	0.00046724087
535	0.000012338162
536	-0.0009902717
537	-0.0011941196
538	-0.0003588796
539	0.0003588796
540	-0.000070810325
541	-0.0010401608
542	-0.0012305976
543	-0.0003948212
544	0.0003449321
545	-0.000069201
546	-0.0010321141
547	-0.0012300612
548	-0.00039911273
549	0.0003266931
550	-0.0000987053
551	-0.0010787846
552	-0.0012708307
553	-0.0003846288
554	0.0004162789
555	0.00005418063
556	-0.0008990766
557	-0.0011018516
558	-0.0003036261
559	0.0004039407
560	-0.000018239023
561	-0.0009908081
562	-0.0011753441
563	-0.0003331304
564	0.00041842466
565	0.000010192395
566	-0.0009586216
567	-0.0011394025
568	-0.00029289725
569	0.00044792896
570	0.000023067
571	-0.00095915806
572	-0.0011420847
573	-0.00029826167
574	0.00042754418
575	0.000015556814
576	-0.0009339453
577	-0.001084149
578	-0.00018560888
579	0.0005418063
580	0.00008368493
581	-0.0009189249
582	-0.0010948778
583	-0.00019419195
584	0.00052624947
585	0.00005739928
586	-0.00096398604
587	-0.0011453034
588	-0.00025320056
589	0.00047743326
590	0.000035405163
591	-0.00094628346
592	-0.001102388
593	-0.00020492078
594	0.00050318247
595	0.00003808737
596	-0.00097417843
597	-0.0011506678
598	-0.00025695565
599	0.00046026713
600	0.000012874605
601	-0.0009677411
602	-0.0011276008
603	-0.00023978952
604	0.00046724087
605	0.000010192395
606	-0.0009859802
607	-0.001163006
608	-0.00026071075
609	0.00046455866
610	0.00000858307
611	-0.0009747149
612	-0.0011356474
613	-0.00024247172
614	0.00046724087
615	0.000012874605
616	-0.0009714962
617	-0.001130283
618	-0.0002371073
619	0.00047957903
620	0.000033795837
621	-0.0009596945
622	-0.0011061431
623	-0.00019311906
624	0.0005214215
625	0.000050961975
626	-0.0009468199
627	-0.0011195542
628	-0.00020706657
629	0.000535369
630	0.000088512905
631	-0.00091677916
632	-0.0010921956
633	-0.00019794704
634	0.00051176554
635	0.00003755093
636	-0.0009468199
637	-0.0011007787
638	-0.00020867589
639	0.000484407
640	0.000015556814
641	-0.0009763242
642	-0.0011453034
643	-0.00025051835
644	0.00047206884
645	-0.0000032186513
646	-0.0010122658
647	-0.0011882187
648	-0.00029289725
649	0.00043344504
650	-0.000018239023
651	-0.0010170938
652	-0.0011876823
653	-0.00028645995
654	0.0004366637
655	-0.000009119512
656	-0.000991881
657	-0.0011522771
658	-0.00026339295
659	0.00045007473
660	-0.0000069737443
661	-0.0009924175
662	-0.0011624695
663	-0.0002639294
664	0.00046938664
665	0.000009655953
666	-0.0009827615
667	-0.001158178
668	-0.00025910142
669	0.00046616798
670	0.0000048279767
671	-0.00097417843
672	-0.0011313559
673	-0.00023978952
674	0.000484407
675	0.000028967861
676	-0.000968814
677	-0.001139939
678	-0.00026178363
679	0.00043344504
680	-0.000020921232
681	-0.0009881259
682	-0.0011329652
683	-0.00022852424
684	0.0004742146
685	0.0000016093256
686	-0.000991881
687	-0.0011554958
688	-0.00023978952
689	0.0004908443
690	0.000028967861
691	-0.0009672047
692	-0.0011324288
693	-0.00023496154
694	0.0004817248
695	0.000004291535
696	-0.0009832979
697	-0.0011431576
698	-0.00024247172
699	0.00046402222
700	0.0000064373025
701	-0.0009945632
702	-0.0011635424
703	-0.00027143958
704	0.00045382982
705	-0.000003755093
706	-0.0009908081
707	-0.0011410118
708	-0.0002371073
709	0.0004817248
710	0.000026285652
711	-0.0009790064
712	-0.0011501313
713	-0.00025051835
714	0.0004688502
715	0.000007510186
716	-0.00097203266
717	-0.0011222364
718	-0.0002113581
719	0.0005010367
720	0.000044524673
721	-0.00095272076
722	-0.0011018516
723	-0.00021564963
724	0.0004962087
725	0.00004023314
726	-0.0009543301
727	-0.0011195542
728	-0.00021564963
729	0.00048869854
730	0.000030577186
731	-0.0009312631
732	-0.0010927321
733	-0.00020974877
734	0.00051069265
735	0.00003486872
736	-0.00095003855
737	-0.0010948778
738	-0.00019472839
739	0.000512302
740	0.000042378906
741	-0.0009570123
742	-0.0011286737
743	-0.00024354461
744	0.00047475105
745	0.000007510186
746	-0.0010122658
747	-0.0011887552
748	-0.00028002265
749	0.00044041878
750	-0.00003486872
751	-0.0010390879
752	-0.001199484
753	-0.00030416253
754	0.00039696696
755	-0.00006222726
756	-0.0010122658
757	-0.0011227728
758	-0.00020062925
759	0.000535369
760	0.000076711185
761	-0.000927508
762	-0.0010986329
763	-0.00019687416
764	0.00050801045
765	0.00004076958
766	-0.0009543301
767	-0.0011082889
768	-0.00021189454
769	0.00049674517
770	0.000019311907
771	-0.0009827615
772	-0.0011297466
773	-0.00021725896
774	0.00049781805
775	0.000045597557
776	-0.0009468199
777	-0.0011056067
778	-0.000207603
779	0.000507474
780	0.00004398823
781	-0.0009596945
782	-0.001125455
783	-0.00021940473
784	0.0004994274
785	0.00002843142
786	-0.0009790064
787	-0.0011404754
788	-0.00023120645
789	0.00046992308
790	-0.0000064373025
791	-0.0009827615
792	-0.0011324288
793	-0.00022745135
794	0.00047743326
795	-0.0000059008603
796	-0.0009854437
797	-0.001125455
798	-0.00021672252
799	0.00049138075
800	0.000004291535
801	-0.0009945632
802	-0.0011447669
803	-0.00023281577
804	0.00047314173
805	0.0000032186513
806	-0.0009672047
807	-0.0011190177
808	-0.00021243098
809	0.0004929901
810	0.000018239023
811	-0.0009806157
812	-0.0011469127
813	-0.00025320056
814	0.0004522205
815	-0.000021994116
816	-0.000982225
817	-0.0011061431
818	-0.00019311906
819	0.000507474
820	0.00002843142
821	-0.0009672047
822	-0.0011227728
823	-0.00019794704
824	0.0005112291
825	0.000021457674
826	-0.0009865166
827	-0.0011501313
828	-0.00024247172
829	0.00047636038
830	0.000009119512
831	-0.0009811522
832	-0.0011276008
833	-0.00021886828
834	0.0004779697
835	0.0000016093256
836	-0.0009816886
837	-0.0011276008
838	-0.00021296742
839	0.0004919172
840	0.0000059008603
841	-0.0009929539
842	-0.001158178
843	-0.0002344251
844	0.0004806519
845	0.000004291535
846	-0.000991881
847	-0.0011490585
848	-0.00024837258
849	0.00047206884
850	-0.00000053644186
851	-0.0010095836
852	-0.0011785628
853	-0.00027465823
854	0.00045812136
855	-0.0000021457674
856	-0.0009854437
857	-0.0011249186
858	-0.00022208694
859	0.0004817248
860	0.000013411047
861	-0.0009854437
862	-0.0011292101
863	-0.00022047761
864	0.0004908443
865	0.000012338162
866	-0.0009854437
867	-0.001135111
868	-0.0002408624
869	0.00046134
870	-0.000016629698
871	-0.0010069014
872	-0.0011506678
873	-0.00023657086
874	0.00046026713
875	-0.0000026822092
876	-0.0009768606
877	-0.0011265279
878	-0.00022208694
879	0.0004956723
880	0.00002574921
881	-0.0009752513
882	-0.0011238457
883	-0.00020170213
884	0.0005289317
885	0.00007778407
886	-0.0009157063
887	-0.0010954143
888	-0.0002242327
889	0.00047957903
890	0.0000010728837
891	-0.0010170938
892	-0.0011984111
893	-0.00030094388
894	0.00041842466
895	-0.00003165007
896	-0.0009908081
897	-0.001107216
898	-0.00018346311
899	0.00054395205
900	0.00010621549
901	-0.000858307
902	-0.0009891988
903	-0.000092268
904	0.00058525807
905	0.0000756383
906	-0.00094467413
907	-0.0010991694
908	-0.00019311906
909	0.000507474
910	0.000021994116
911	-0.0009849073
912	-0.0011410118
913	-0.00025051835
914	0.00043880945
915	-0.000044524673
916	-0.0010444523
917	-0.0012000204
918	-0.00028216842
919	0.0004393459
920	-0.000022530558
921	-0.0010063649
922	-0.0011780263
923	-0.0002869964
924	0.0004291535
925	-0.000037014488
926	-0.0010208489
927	-0.0011748077
928	-0.00026607516
929	0.000438273
930	-0.000036478046
931	-0.0010235311
932	-0.0011737348
933	-0.00026232007
934	0.00044739252
935	-0.00003808737
936	-0.0010353328
937	-0.0012279154
938	-0.00039535764
939	0.00029450658
940	-0.00015664102
941	-0.0011340381
942	-0.0013126732
943	-0.00048494345
944	0.0002000928
945	-0.0002666116
946	-0.0012922884
947	-0.0014537574
948	-0.00031059983
949	0.0006474853
950	0.00024300817
951	-0.0007810593
952	-0.0010031463
953	-0.00017863513
954	0.00051069265
955	0.000037014488
956	-0.0009532572
957	-0.0011136533
958	-0.00020116569
959	0.0005203486
960	0.000027358536
961	-0.0009779335
962	-0.0011098982
963	-0.00018882753
964	0.0005139113
965	0.000027894977
966	-0.0009613038
967	-0.0011088253
968	-0.00021564963
969	0.00045436627
970	-0.000039696697
971	-0.0010181667
972	-0.0011490585
973	-0.00023496154
974	0.00047582394
975	0.0000059008603
976	-0.00097847
977	-0.0011345745
978	-0.00022637847
979	0.00047957903
980	0
981	-0.000987053
982	-0.0011522771
983	-0.00025588277
984	0.00046026713
985	-0.000011801721
986	-0.0009934903
987	-0.0011624695
988	-0.00029182437
989	0.00043612724
990	-0.0000144839305
991	-0.0009913446
992	-0.001130283
993	-0.00021404031
994	0.0005112291
995	0.000033795837
996	-0.00097310555
997	-0.0011442305
998	-0.0002692938
999	0.00046187645
1000	0.0000069737443
1001	-0.0009790064
1002	-0.0011216999
1003	-0.00021725896
1004	0.00047957903
1005	0.000009655953
1006	-0.0009747149
1007	-0.0011179448
1008	-0.00020921233
1009	0.00048869854
1010	0.0000048279767
1011	-0.0009956361
1012	-0.0011195542
1013	-0.00018668176
1014	0.00052356726
1015	0.000044524673
1016	-0.0009532572
1017	-0.0011152626
1018	-0.00022047761
1019	0.00047689682
1020	-0.000003755093
1021	-0.0009811522
1022	-0.0011147262
1023	-0.00021296742
1024	0.00048601633
1025	0.0000048279767
1026	-0.000982225
1027	-0.0011152626
1028	-0.00020438434
1029	0.0004994274
1030	0.000016629698
1031	-0.0009800793
1032	-0.0011233093
1033	-0.00022476914
1034	0.00048494345
1035	0.000010192395
1036	-0.00097578776
1037	-0.0011179448
1038	-0.00021243098
1039	0.00049030787
1040	0.0000048279767
1041	-0.0009902717
1042	-0.0011458398
1043	-0.00023120645
1044	0.00048655277
1045	0.000016629698
1046	-0.00096935045
1047	-0.0011152626
1048	-0.0002113581
1049	0.0004983545
1050	0.000027358536
1051	-0.00096291315
1052	-0.0011039973
1053	-0.00019794704
1054	0.00050050026
1055	0.000018775465
1056	-0.0009714962
1057	-0.0011163355
1058	-0.00021189454
1059	0.00049030787
1060	0.000023067
1061	-0.00097042334
1062	-0.0011270643
1063	-0.00020867589
1064	0.0004956723
1065	0.000013947489
1066	-0.0009795428
1067	-0.0011190177
1068	-0.00020974877
1069	0.00048708922
1070	-0.0000053644185
1071	-0.0009849073
1072	-0.0011056067
1073	-0.0001974106
1074	0.00048869854
1075	0.000008046628
1076	-0.0009854437
1077	-0.0011216999
1078	-0.00019955637
1079	0.00050908333
1080	0.000018239023
1081	-0.0009838344
1082	-0.0011458398
1083	-0.0002408624
1084	0.00048011547
1085	0.0000144839305
1086	-0.00097203266
1087	-0.0011528136
1088	-0.00026232007
1089	0.00045382982
1090	-0.00001716614
1091	-0.0009902717
1092	-0.0011216999
1093	-0.0001872182
1094	0.00051552063
1095	0.00002574921
1096	-0.0009773971
1097	-0.001112044
1098	-0.00020116569
1099	0.0004919172
1100	0.000011265279
1101	-0.0009854437
1102	-0.0011308194
1103	-0.00022959712
1104	0.00046455866
1105	-0.000015020372
1106	-0.0009908081
1107	-0.0011216999
1108	-0.00021296742
1109	0.0004790426
1110	-0.000013411047
1111	-0.001005292
1112	-0.0011565686
1113	-0.00028753284
1114	0.00043505436
1115	-0.00003433228
1116	-0.001019776
1117	-0.0011887552
1118	-0.00031864646
1119	0.00041306025
1120	-0.000042378906
1121	-0.0010090471
1122	-0.0011592509
1123	-0.00029128793
1124	0.0004189611
1125	-0.00003165007
1126	-0.000996709
1127	-0.0011474491
1128	-0.0002510548
1129	0.0004677773
1130	-0.000020921232
1131	-0.0010079743
1132	-0.001158178
1133	-0.00025427344
1134	0.00046080357
1135	-0.000011265279
1136	-0.0009886624
1137	-0.0011517407
1138	-0.00029021504
1139	0.00040823224
1140	-0.000056326397
1141	-0.0010208489
1142	-0.0011780263
1143	-0.0002961159
1144	0.00044041878
1145	-0.00001716614
1146	-0.0009988548
1147	-0.0011345745
1148	-0.00021404031
1149	0.00050801045
1150	0.000023067
1151	-0.000973642
1152	-0.0011195542
1153	-0.00020706657
1154	0.00050157314
1155	0.000003755093
1156	-0.000987053
1157	-0.0011447669
1158	-0.00026071075
1159	0.00044685608
1160	-0.000024676325
1161	-0.0009934903
1162	-0.0011141897
1163	-0.00019150974
1164	0.00049513584
1165	-0.0000048279767
1166	-0.0009891988
1167	-0.0011458398
1168	-0.00025856498
1169	0.0004484654
1170	-0.00003433228
1171	-0.0010036827
1172	-0.0011463762
1173	-0.00024354461
1174	0.00046348578
1175	-0.000016093256
1176	-0.0009977819
1177	-0.0011200906
1178	-0.00019258262
1179	0.0005047918
1180	0.000010192395
1181	-0.00097203266
1182	-0.0010921956
1183	-0.00017863513
1184	0.0005128384
1185	0.000019311907
1186	-0.0009763242
1187	-0.0011410118
1188	-0.0002628565
1189	0.0004495383
1190	-0.000023603441
1191	-0.0009977819
1192	-0.0011174084
1193	-0.0002038479
1194	0.00048333412
1195	-0.000010728837
1196	-0.0009875895
1197	-0.0011281372
1198	-0.00023335221
1199	0.00047475105
1200	-0.000010192395
1201	-0.0009956361
1202	-0.0011227728
1203	-0.00021028522
1204	0.00048226124
1205	-0.000012874605
1206	-0.0009972454
1207	-0.0011512042
1208	-0.00024676326
1209	0.0004688502
1210	-0.000010728837
1211	-0.0009999276
1212	-0.0011109711
1213	-0.00019526483
1214	0.0005047918
1215	0.0000021457674
1216	-0.001001537
1217	-0.0011415483
1218	-0.0002279878
1219	0.00047314173
1220	0.0000016093256
1221	-0.00097042334
1222	-0.001093805
1223	-0.00017917158
1224	0.0005085469
1225	0.0000032186513
1226	-0.0009913446
1227	-0.0011141897
1228	-0.00019258262
1229	0.0004919172
1230	0.000009119512
1231	-0.0009800793
1232	-0.0011190177
1233	-0.00020867589
1234	0.000489235
1235	0.000004291535
1236	-0.0009800793
1237	-0.0011088253
1238	-0.00019526483
1239	0.0004983545
1240	0.00000053644186
1241	-0.0009902717
1242	-0.0011233093
1243	-0.00020223857
1244	0.00048762566
1245	0.0000021457674
1246	-0.00097847
1247	-0.0010991694
1248	-0.00018239023
1249	0.0005064011
1250	-0.000007510186
1251	-0.0009961725
1252	-0.0011195542
1253	-0.00021028522
1254	0.00048226124
1255	-0.00000858307
1256	-0.000982225
1257	-0.0011115075
1258	-0.00020867589
1259	0.00048226124
1260	-0.000015556814
1261	-0.0009908081
1262	-0.0011007787
1263	-0.00017488004
1264	0.00052195793
1265	0.000030040745
1266	-0.0009623767
1267	-0.0011007787
1268	-0.00018775465
1269	0.0004919172
1270	0.0000016093256
1271	-0.0009897352
1272	-0.001116872
1273	-0.00019043685
1274	0.0005101562
1275	0.000011265279
1276	-0.00097310555
1277	-0.0011061431
1278	-0.00020277502
1279	0.00047636038
1280	-0.000022530558
1281	-0.0010122658
1282	-0.0011276008
1283	-0.00020116569
1284	0.00049889093
1285	-0.00000858307
1286	-0.000991881
1287	-0.0011270643
1288	-0.00021564963
1289	0.0004752875
1290	-0.000026285652
1291	-0.0009999276
1292	-0.0011039973
1293	-0.0001936555
1294	0.0004790426
1295	-0.00000858307
1296	-0.0009773971
1297	-0.0010825397
1298	-0.00016039611
1299	0.0005230308
1300	0.000024676325
1301	-0.0009714962
1302	-0.0011179448
1303	-0.00020331146
1304	0.00048333412
1305	-0.00001716614
1306	-0.0009908081
1307	-0.001143694
1308	-0.00027573112
1309	0.00043129927
1310	-0.00005149842
1311	-0.0010213853
1312	-0.0011742712
1313	-0.0002923608
1314	0.00042325264
1315	-0.00005686284
1316	-0.0010251404
1317	-0.0011689068
1318	-0.0002971888
1319	0.000420034
1320	-0.00006008149
1321	-0.0010176302
1322	-0.0011276008
1323	-0.00019794704
1324	0.00049781805
1325	0.0000016093256
1326	-0.0009832979
1327	-0.0010970236
1328	-0.000184536
1329	0.0005010367
1330	-0.000020921232
1331	-0.0010095836
1332	-0.0011501313
1333	-0.00027358535
1334	0.0004355908
1335	-0.000048816208
1336	-0.0010170938
1337	-0.0011549593
1338	-0.0002859235
1339	0.000420034
1340	-0.000045597557
1341	-0.0010117294
1342	-0.0011501313
1343	-0.0002408624
1344	0.00046724087
1345	-0.00003111363
1346	-0.0010079743
1347	-0.0011098982
1348	-0.00018560888
1349	0.0004929901
1350	-0.000011801721
1351	-0.0009950997
1352	-0.001116872
1353	-0.00020116569
1354	0.00048494345
1355	-0.000013947489
1356	-0.0009972454
1357	-0.0011088253
1358	-0.00017756225
1359	0.000507474
1360	-0.0000021457674
1361	-0.0009950997
1362	-0.001116872
1363	-0.0001909733
1364	0.000507474
1365	0.0000016093256
1366	-0.0009940268
1367	-0.0011034609
1368	-0.0001780987
1369	0.0004956723
1370	-0.00000858307
1371	-0.0009956361
1372	-0.0011329652
1373	-0.00024193528
1374	0.00043612724
1375	-0.00006008149
1376	-0.0010278226
1377	-0.0011490585
1378	-0.0002730489
1379	0.0004264713
1380	-0.000044524673
1381	-0.0010058285
1382	-0.0011501313
1383	-0.00027197602
1384	0.0004264713
1385	-0.000064909465
1386	-0.0010374786
1387	-0.0011528136
1388	-0.0002472997
1389	0.00045812136
1390	-0.000024676325
1391	-0.0009881259
1392	-0.0010921956
1393	-0.00017648937
1394	0.00049513584
1395	-0.000012874605
1396	-0.0010020734
1397	-0.0011061431
1398	-0.00018829109
1399	0.0004897714
1400	-0.000024676325
1401	-0.0010079743
1402	-0.0011415483
1403	-0.0002344251
1404	0.00045382982
1405	-0.00003111363
1406	-0.0010095836
1407	-0.0011415483
1408	-0.0002692938
1409	0.0004253984
1410	-0.0000627637
1411	-0.0010251404
1412	-0.0011431576
1413	-0.00023764375
1414	0.00044041878
1415	-0.000053107746
1416	-0.0010181667
1417	-0.001143694
1418	-0.00022208694
1419	0.00047689682
1420	-0.000025212767
1421	-0.0010122658
1422	-0.0011125804
1423	-0.00017005207
1424	0.0004994274
1425	-0.000024139883
1426	-0.0010160209
1427	-0.0011517407
1428	-0.00023925307
1429	0.0004457832
1430	-0.00004076958
1431	-0.0010036827
1432	-0.0011034609
1433	-0.00017541648
1434	0.0004994274
1435	-0.000011801721
1436	-0.0009902717
1437	-0.0011034609
1438	-0.00016736986
1439	0.0004962087
1440	-0.000029504303
1441	-0.0010213853
1442	-0.0011190177
1443	-0.00018131734
1444	0.00049030787
1445	-0.000030577186
1446	-0.0010079743
1447	-0.0011243821
1448	-0.00020277502
1449	0.0004790426
1450	-0.000027894977
1451	-0.0010122658
1452	-0.0011554958
1453	-0.0002869964
1454	0.00040447715
1455	-0.000085830696
1456	-0.0010460616
1457	-0.0011656882
1458	-0.0002794862
1459	0.00042325264
1460	-0.000059008606
1461	-0.0010235311
1462	-0.0011276008
1463	-0.00020438434
1464	0.00048333412
1465	-0.00002843142
1466	-0.0010090471
1467	-0.0011174084
1468	-0.00018829109
1469	0.00048601633
1470	-0.000047743324
1471	-0.0010299684
1472	-0.001171589
1473	-0.0002961159
1474	0.0003910661
1475	-0.000104606166
1476	-0.0010589362
1477	-0.0011774899
1478	-0.00029128793
1479	0.00040930512
1480	-0.00008690358
1481	-0.0010364057
1482	-0.0011345745
1483	-0.0002371073
1484	0.00045704847
1485	-0.000047743324
1486	-0.001005292
1487	-0.0010991694
1488	-0.0001807809
1489	0.00048333412
1490	-0.00004935265
1491	-0.0010321141
1492	-0.0011528136
1493	-0.00024515393
1494	0.00044739252
1495	-0.000053107746
1496	-0.0010213853
1497	-0.0011388661
1498	-0.00025910142
1499	0.00042861706
1500	-0.000061690815
1501	-0.0010117294
1502	-0.0011222364
1503	-0.00021511319
1504	0.00048226124
1505	-0.000033259395
1506	-0.001014948
1507	-0.0011394025
1508	-0.00022101405
1509	0.00045758492
1510	-0.000052034862
1511	-0.0010240675
1512	-0.0011426212
1513	-0.00026875737
1514	0.00041306025
1515	-0.00007885695
1516	-0.0010256768
1517	-0.0011216999
1518	-0.00023871663
1519	0.00041788822
1520	-0.00008958579
1521	-0.0010524989
1522	-0.0011646153
1523	-0.00027143958
1524	0.00043237215
1525	-0.000059545047
1526	-0.0010187031
1527	-0.0011286737
1528	-0.00021886828
1529	0.00046455866
1530	-0.000039696697
1531	-0.0010122658
1532	-0.0010954143
1533	-0.00016951562
1534	0.0004983545
1535	-0.000030577186
1536	-0.00101012
1537	-0.0011115075
1538	-0.00020170213
1539	0.00046563154
1540	-0.000042378906
1541	-0.0010042192
1542	-0.0010927321
1543	-0.00017005207
1544	0.0004726053
1545	-0.00006115437
1546	-0.0010299684
1547	-0.0011394025
1548	-0.00023978952
1549	0.0004447103
1550	-0.00005418063
1551	-0.0010267497
1552	-0.0011115075
1553	-0.00017273428
1554	0.0004897714
1555	-0.000033795837
1556	-0.0010106565
1557	-0.0010943414
1558	-0.00016897918
1559	0.0004983545
1560	-0.000019311907
1561	-0.0009961725
1562	-0.0011141897
1563	-0.00020223857
1564	0.0004688502
1565	-0.000045597557
1566	-0.0010213853
1567	-0.0010921956
1568	-0.00016039611
1569	0.0004742146
1570	-0.00007510186
1571	-0.0010444523
1572	-0.0011512042
1573	-0.00027251247
1574	0.0004076958
1575	-0.000073492534
1576	-0.0010256768
1577	-0.0011383296
1578	-0.00024193528
1579	0.0004447103
1580	-0.00007027388
1581	-0.0010444523
1582	-0.001135111
1583	-0.00021833184
1584	0.0004522205
1585	-0.000067591674
1586	-0.0010385514
1587	-0.001148522
1588	-0.0002601743
1589	0.0004189611
1590	-0.000085294254
1591	-0.0010471345
1592	-0.001135111
1593	-0.00020438434
1594	0.00048118836
1595	-0.000027358536
1596	-0.0009924175
1597	-0.0010755659
1598	-0.00014537574
1599	0.0005058647
1600	-0.000035405163
1601	-0.0010208489
1602	-0.001125455
1603	-0.00021243098
1604	0.00045973068
1605	-0.000068128116
1606	-0.0010358692
1607	-0.0011549593
1608	-0.0002601743
1609	0.00040984157
1610	-0.000091731556
1611	-0.0010401608
1612	-0.0011431576
1613	-0.00025266412
1614	0.00041949755
1615	-0.00009602309
1616	-0.0010632278
1617	-0.0011689068
1618	-0.00026446584
1619	0.0004329086
1620	-0.000070810325
1621	-0.0010417701
1622	-0.0011335016
1623	-0.00021672252
1624	0.0004511476
1625	-0.00007027388
1626	-0.0010519625
1627	-0.0011742712
1628	-0.0002859235
1629	0.0003948212
1630	-0.00009977818
1631	-0.001042843
1632	-0.0011394025
1633	-0.00025051835
1634	0.00042700773
1635	-0.00007456542
1636	-0.0010439159
1637	-0.0011479856
1638	-0.00022101405
1639	0.0004559756
1640	-0.00007188321
1641	-0.0010342599
1642	-0.0011115075
1643	-0.00015878679
1644	0.0005058647
1645	-0.000023067
1646	-0.0010063649
1647	-0.0010879041
1648	-0.00015395881
1649	0.0004956723
1650	-0.000045597557
1651	-0.0010251404
1652	-0.0011286737
1653	-0.00021833184
1654	0.000443101
1655	-0.00007510186
1656	-0.0010347964
1657	-0.0011415483
1658	-0.00025427344
1659	0.0004264713
1660	-0.000097632415
1661	-0.0010632278
1662	-0.0011474491
1663	-0.00023281577
1664	0.00044149166
1665	-0.00006330014
1666	-0.0010042192
1667	-0.0011018516
1668	-0.00021511319
1669	0.00045543915
1670	-0.00007027388
1671	-0.0010412337
1672	-0.001135111
1673	-0.00022369626
1674	0.0004549027
1675	-0.00006651879
1676	-0.0010170938
1677	-0.001074493
1678	-0.00013411047
1679	0.0005085469
1680	-0.00003433228
1681	-0.0009945632
1682	-0.0010691286
1683	-0.00014644863
1684	0.0004881621
1685	-0.000056326397
1686	-0.0010203124
1687	-0.0010862948
1688	-0.00013089181
1689	0.00053000456
1690	0.0000032186513
1691	-0.00097203266
1692	-0.0010578634
1693	-0.00012767316
1694	0.00051176554
1695	-0.000026822094
1696	-0.0010058285
1697	-0.0010868312
1698	-0.0001577139
1699	0.0005112291
1700	-0.000042378906
1701	-0.0010272862
1702	-0.0011013151
1703	-0.0001577139
1704	0.0005021096
1705	-0.00003218651
1706	-0.001005292
1707	-0.001079321
1708	-0.00016683342
1709	0.0004742146
1710	-0.0000627637
1711	-0.0010133387
1712	-0.001070738
1713	-0.00014054777
1714	0.0005058647
1715	-0.000042378906
1716	-0.0010251404
1717	-0.0011034609
1718	-0.00016736986
1719	0.00047957903
1720	-0.00006651879
1721	-0.0010224582
1722	-0.0010954143
1723	-0.00015717746
1724	0.00049781805
1725	-0.000039696697
1726	-0.0010058285
1727	-0.0010696651
1728	-0.00013089181
1729	0.0005128384
1730	-0.000037014488
1731	-0.0010095836
1732	-0.0010814668
1733	-0.00013518335
1734	0.00051552063
1735	-0.000033259395
1736	-0.001001537
1737	-0.0010809303
1738	-0.00014054777
1739	0.0004994274
1740	-0.000057935722
1741	-0.001033187
1742	-0.0010873677
1743	-0.00014430286
1744	0.000502646
1745	-0.000048279766
1746	-0.0010138751
1747	-0.0011104346
1748	-0.0001909733
1749	0.0004677773
1750	-0.00007295609
1751	-0.0010412337
1752	-0.0011045338
1753	-0.00014322998
1754	0.0005047918
1755	-0.000053107746
1756	-0.0010251404
1757	-0.0011147262
1758	-0.00018614532
1759	0.00047099596
1760	-0.0000627637
1761	-0.0010085107
1762	-0.0010567905
1763	-0.000115335
1764	0.00052088505
1765	-0.000035941604
1766	-0.0009999276
1767	-0.0010573269
1768	-0.00011479856
1769	0.0005203486
1770	-0.000046134
1771	-0.0010138751
1772	-0.0010605456
1773	-0.00010514261
1774	0.0005369783
1775	-0.000035405163
1776	-0.0010251404
1777	-0.0011061431
1778	-0.00017488004
1779	0.00047099596
1780	-0.00006651879
1781	-0.0010176302
1782	-0.0010723473
1783	-0.00013357402
1784	0.00050157314
1785	-0.000052034862
1786	-0.0010256768
1787	-0.0010868312
1788	-0.00013893844
1789	0.0005139113
1790	-0.000041306022
1791	-0.0010133387
1792	-0.001070738
1793	-0.00013518335
1794	0.00051444775
1795	-0.000046134
1796	-0.0010288955
1797	-0.0010873677
1798	-0.00014376642
1799	0.00049781805
1800	-0.00005471707
1801	-0.0010262133
1802	-0.0011061431
1803	-0.00016039611
1804	0.00048601633
1805	-0.00005418063
1806	-0.0010229946
1807	-0.001079321
1808	-0.00013732912
1809	0.00050908333
1810	-0.00003808737
1811	-0.0010122658
1812	-0.0010814668
1813	-0.00014430286
1814	0.00050050026
1815	-0.000048816208
1816	-0.0010165573
1817	-0.0010653735
1818	-0.00013089181
1819	0.00049245363
1820	-0.000058472164
1821	-0.001028359
1822	-0.0010927321
1823	-0.00014805795
1824	0.00049138075
1825	-0.00005149842
1826	-0.0010117294
1827	-0.0010492803
1828	-0.000104069724
1829	0.0005267859
1830	-0.00004023314
1831	-0.0010208489
1832	-0.0010798575
1833	-0.000138402
1834	0.0005058647
1835	-0.000053107746
1836	-0.0010144116
1837	-0.001070738
1838	-0.0001319647
1839	0.00050425535
1840	-0.000050425533
1841	-0.0010176302
1842	-0.0010541083
1843	-0.00010621549
1844	0.0005192757
1845	-0.000045597557
1846	-0.001014948
1847	-0.0010712744
1848	-0.00012660028
1849	0.0004956723
1850	-0.00006598235
1851	-0.0010326506
1852	-0.001084149
1853	-0.00012981893
1854	0.0005037189
1855	-0.00006544591
1856	-0.0010406972
1857	-0.0011007787
1858	-0.00015074016
1859	0.00047957903
1860	-0.00008368493
1861	-0.0010471345
1862	-0.0010980965
1863	-0.00014698507
1864	0.0004897714
1865	-0.000073492534
1866	-0.0010390879
1867	-0.0010857583
1868	-0.000138402
1869	0.0004945994
1870	-0.000064909465
1871	-0.001033187
1872	-0.0010750295
1873	-0.00013786556
1874	0.00049138075
1875	-0.00007027388
1876	-0.0010278226
1877	-0.0010632278
1878	-0.000138402
1879	0.00048333412
1880	-0.0000756383
1881	-0.001019776
1882	-0.0010508896
1883	-0.00009065867
1884	0.00053107744
1885	-0.000042378906
1886	-0.0010358692
1887	-0.0010959507
1888	-0.00014913084
1889	0.00048387056
1890	-0.00007456542
1891	-0.0010224582
1892	-0.0010653735
1893	-0.00013357402
1894	0.00050532824
1895	-0.000059545047
1896	-0.0010305048
1897	-0.00106591
1898	-0.000110507026
1899	0.0005214215
1900	-0.00005149842
1901	-0.0010337235
1902	-0.0010884405
1903	-0.00014001133
1904	0.000489235
1905	-0.00008690358
1906	-0.0010573269
1907	-0.0010970236
1908	-0.00014805795
1909	0.0004742146
1910	-0.000091195114
1911	-0.0010321141
1912	-0.00106591
1913	-0.000113189235
1914	0.0005165935
1915	-0.00004988909
1916	-0.0010229946
1917	-0.0010653735
1918	-0.000119090095
1919	0.00051552063
1920	-0.00006061793
1921	-0.0010299684
1922	-0.0010685922
1923	-0.00013518335
1924	0.00047850615
1925	-0.000094413765
1926	-0.0010465981
1927	-0.001088977
1928	-0.00014376642
1929	0.0004726053
1930	-0.0001088977
1931	-0.0010771753
1932	-0.0010905863
1933	-0.00013089181
1934	0.00048762566
1935	-0.00008744002
1936	-0.0010256768
1937	-0.0010541083
1938	-0.00010567905
1939	0.00050801045
1940	-0.000082612045
1941	-0.0010508896
1942	-0.0010820032
1943	-0.00014376642
1944	0.0004897714
1945	-0.000079929836
1946	-0.0010578634
1947	-0.0010943414
1948	-0.00014162065
1949	0.0004929901
1950	-0.00008958579
1951	-0.0010567905
1952	-0.001084149
1953	-0.00012499095
1954	0.0005128384
1955	-0.00006544591
1956	-0.0010444523
1957	-0.0011018516
1958	-0.00015020372
1959	0.0004726053
1960	-0.00009816886
1961	-0.0010498167
1962	-0.0010836126
1963	-0.0000987053
1964	0.0005482436
1965	-0.00004935265
1966	-0.0010369421
1967	-0.0010803939
1968	-0.00013893844
1969	0.00048601633
1970	-0.000069201
1971	-0.0010417701
1972	-0.0010830761
1973	-0.00012981893
1974	0.00049513584
1975	-0.000085830696
1976	-0.0010632278
1977	-0.0010852219
1978	-0.00012713672
1979	0.00051176554
1980	-0.00005686284
1981	-0.0010347964
1982	-0.001088977
1983	-0.00014537574
1984	0.0004752875
1985	-0.000100314624
1986	-0.0010712744
1987	-0.0011034609
1988	-0.00015342237
1989	0.00049513584
1990	-0.00007617474
1991	-0.0010390879
1992	-0.0010782481
1993	-0.00012284519
1994	0.00051712996
1995	-0.00006383658
1996	-0.0010449887
1997	-0.0010879041
1998	-0.00012660028
1999	0.0004999638
2000	-0.00009334088
2001	-0.001056254
2002	-0.001074493
2003	-0.000100314624
2004	0.0005128384
2005	-0.00008100272
2006	-0.0010498167
2007	-0.0010943414
2008	-0.00013947488
2009	0.00048601633
2010	-0.00007778407
2011	-0.0010385514
2012	-0.0010750295
2013	-0.00014054777
2014	0.00047957903
2015	-0.00008958579
2016	-0.0010589362
2017	-0.0010852219
2018	-0.00012981893
2019	0.00048494345
2020	-0.00009495021
2021	-0.0010685922
2022	-0.0010986329
2023	-0.0001282096
2024	0.00049781805
2025	-0.00008904935
2026	-0.0010444523
2027	-0.0010632278
2028	-0.00009977818
2029	0.00049781805
2030	-0.00009602309
2031	-0.0010465981
2032	-0.0010750295
2033	-0.000121772304
2034	0.0005085469
2035	-0.000069201
2036	-0.0010353328
2037	-0.0010605456
2038	-0.000092268
2039	0.0005251766
2040	-0.000059545047
2041	-0.0010229946
2042	-0.001056254
2043	-0.00009602309
2044	0.0005192757
2045	-0.00008690358
2046	-0.0010643007
2047	-0.0010846854
2048	-0.00012123586
2049	0.00049030787
2050	-0.00010514261
2051	-0.0010675193
2052	-0.0010830761
2053	-0.000116407886
2054	0.00049674517
2055	-0.000088512905
2056	-0.0010439159
2057	-0.0010535718
2058	-0.000088512905
2059	0.0005342961
2060	-0.00006651879
2061	-0.0010417701
2062	-0.0010696651
2063	-0.000107288375
2064	0.00051176554
2065	-0.00007832051
2066	-0.001042843
2067	-0.0010653735
2068	-0.00010621549
2069	0.00050532824
2070	-0.000085830696
2071	-0.0010492803
2072	-0.0010777117
2073	-0.00011748077
2074	0.000507474
2075	-0.0000756383
2076	-0.0010385514
2077	-0.0010675193
2078	-0.00011479856
2079	0.00048869854
2080	-0.0001088977
2081	-0.0010643007
2082	-0.0010809303
2083	-0.000121772304
2084	0.00048708922
2085	-0.00010567905
2086	-0.0010632278
2087	-0.0010836126
2088	-0.00012284519
2089	0.00047850615
2090	-0.000116407886
2091	-0.0010782481
2092	-0.0010900499
2093	-0.00013250114
2094	0.0004994274
2095	-0.000085830696
2096	-0.0010498167
2097	-0.0010723473
2098	-0.00011962654
2099	0.00048869854
2100	-0.00010299684
2101	-0.0010675193
2102	-0.0010825397
2103	-0.00011748077
2104	0.0005064011
2105	-0.000091731556
2106	-0.0010465981
2107	-0.0010605456
2108	-0.000109970584
2109	0.0005047918
2110	-0.00008797646
2111	-0.0010589362
2112	-0.0010761024
2113	-0.00010836126
2114	0.000507474
2115	-0.00008744002
2116	-0.0010374786
2117	-0.0010455252
2118	-0.00009709597
2119	0.0005085469
2120	-0.000092268
2121	-0.001056254
2122	-0.0010680557
2123	-0.00011372568
2124	0.0004956723
2125	-0.00008368493
2126	-0.0010455252
2127	-0.0010508896
2128	-0.000094413765
2129	0.0005165935
2130	-0.00006705523
2131	-0.0010321141
2132	-0.001047671
2133	-0.000097632415
2134	0.00050157314
2135	-0.00008368493
2136	-0.0010460616
2137	-0.0010605456
2138	-0.00009602309
2139	0.0005241037
2140	-0.00006115437
2141	-0.001028359
2142	-0.0010605456
2143	-0.00012069942
2144	0.0004817248
2145	-0.000100851066
2146	-0.0010616184
2147	-0.0011249186
2148	-0.0002215505
2149	0.00040233138
2150	-0.00016576053
2151	-0.0011131169
2152	-0.001139939
2153	-0.0002038479
2154	0.00043773657
2155	-0.00011479856
2156	-0.0010573269
2157	-0.0010991694
2158	-0.00017595293
2159	0.0004447103
2160	-0.00013786556
2161	-0.001088977
2162	-0.0011335016
2163	-0.00020545723
2164	0.00044095522
2165	-0.00012606384
2166	-0.0010728837
2167	-0.0011002423
2168	-0.00016736986
2169	0.00044792896
2170	-0.00012713672
2171	-0.0010782481
2172	-0.0011131169
2173	-0.00019687416
2174	0.0004329086
2175	-0.00012928249
2176	-0.0010723473
2177	-0.0011308194
2178	-0.00021404031
2179	0.0004125238
2180	-0.00014430286
2181	-0.0010750295
2182	-0.0011109711
2183	-0.00018614532
2184	0.0004329086
2185	-0.00014162065
2186	-0.0010798575
2187	-0.0011066796
2188	-0.00016307832
2189	0.00046616798
2190	-0.00011479856
2191	-0.0010637642
2192	-0.0010857583
2193	-0.00014162065
2194	0.0004742146
2195	-0.00011372568
2196	-0.0010750295
2197	-0.0011249186
2198	-0.00020974877
2199	0.00041466957
2200	-0.00015288593
2201	-0.0010857583
2202	-0.001120627
2203	-0.00019633771
2204	0.00042968994
2205	-0.00013411047
2206	-0.0010680557
2207	-0.0011018516
2208	-0.00018560888
2209	0.00043505436
2210	-0.0001448393
2211	-0.0010873677
2212	-0.001130283
2213	-0.00020223857
2214	0.00043022638
2215	-0.00013035537
2216	-0.0010761024
2217	-0.0011200906
2218	-0.00021243098
2219	0.00040984157
2220	-0.00015985967
2221	-0.0010964872
2222	-0.0011356474
2223	-0.00021404031
2224	0.00041788822
2225	-0.000138402
2226	-0.001070738
2227	-0.0011088253
2228	-0.0001974106
2229	0.000415206
2230	-0.00015985967
2231	-0.001093805
2232	-0.0011345745
2233	-0.00022584203
2234	0.0004162789
2235	-0.00014054777
2236	-0.0010750295
2237	-0.0011227728
2238	-0.00020974877
2239	0.00042808062
2240	-0.00012713672
2241	-0.0010589362
2242	-0.0010927321
2243	-0.00014752151
2244	0.00047743326
2245	-0.000100314624
2246	-0.0010535718
2247	-0.0010803939
2248	-0.0001346469
2249	0.00049245363
2250	-0.00009709597
2251	-0.001056254
2252	-0.0010541083
2253	-0.00008636714
2254	0.0005251766
2255	-0.000056326397
2256	-0.0009849073
2257	-0.00096935045
2258	0.000004291535
2259	0.0006040335
2260	0.000013947489
2261	-0.00092804444
2262	-0.0009543301
2263	-0.00011479856
2264	0.00035727027
2265	-0.00029021504
2266	-0.0012161137
2267	-0.0011560322
2268	-0.0001641512
2269	0.00043076283
2270	-0.00016200544
2271	-0.00109756
2272	-0.0011125804
2273	-0.00016576053
2274	0.00043880945
2275	-0.00014913084
2276	-0.001084149
2277	-0.0011152626
2278	-0.00019580127
2279	0.00043076283
2280	-0.00014162065
2281	-0.0010755659
2282	-0.0011007787
2283	-0.000184536
2284	0.00043773657
2285	-0.0001319647
2286	-0.0010680557
2287	-0.0010787846
2288	-0.00012391807
2289	0.0004726053
2290	-0.00011748077
2291	-0.0010546447
2292	-0.0010787846
2293	-0.00014162065
2294	0.00045543915
2295	-0.00013303758
2296	-0.0010669829
2297	-0.0010594727
2298	-0.00012069942
2299	0.0004677773
2300	-0.00012660028
2301	-0.0010712744
2302	-0.0010519625
2303	-0.000092268
2304	0.0004972816
2305	-0.000094413765
2306	-0.0010315777
2307	-0.0010396243
2308	-0.00014537574
2309	0.0003358126
2310	-0.00019901992
2311	-0.0009849073
2312	-0.00093823683
2313	-0.0001255274
2314	0.00034761432
2315	-0.0001807809
2316	-0.0009495021
2317	-0.00089210283
2318	-0.000069201
2319	0.00038784745
2320	-0.0001485944
2321	-0.0009366275
2322	-0.0008894206
2323	-0.00007724763
2324	0.00037765506
2325	-0.00018024446
2326	-0.00097310555
2327	-0.0009237529
2328	-0.00010514261
2329	0.0003588796
2330	-0.00017005207
2331	-0.0009623767
2332	-0.00091516983
2333	-0.00008475781
2334	0.00039052966
2335	-0.00015556814
2336	-0.0009317995
2337	-0.0008894206
2338	-0.00008153916
2339	0.00036370757
2340	-0.00016361476
2341	-0.0009532572
2342	-0.0009124876
2343	-0.000100314624
2344	0.0003486872
2345	-0.00018024446
2346	-0.00096023094
2347	-0.000909269
2348	-0.00009548665
2349	0.00036478046
2350	-0.00016039611
2351	-0.00088834774
2352	-0.0006893278
2353	0.00023978952
2354	0.00073653465
2355	-0.0000032186513
2356	-0.0010980965
2357	-0.0011892916
2358	-0.00023657086
2359	0.00035995248
2360	-0.00020867589
2361	-0.0011233093
2362	-0.0010954143
2363	-0.000104606166
2364	0.00049030787
2365	-0.000115335
2366	-0.0010696651
2367	-0.0010600091
2368	-0.00007724763
2369	0.00049030787
2370	-0.00013679267
2371	-0.0010846854
2372	-0.0010573269
2373	-0.00007456542
2374	0.00051176554
2375	-0.00009387732
2376	-0.001042843
2377	-0.0010390879
2378	-0.00009548665
2379	0.00047957903
2380	-0.00012123586
2381	-0.0010455252
2382	-0.0010364057
2383	-0.00009977818
2384	0.00046724087
2385	-0.00013625623
2386	-0.001051426
2387	-0.0010433794
2388	-0.00008475781
2389	0.0005058647
2390	-0.00010675193
2391	-0.0010669829
2392	-0.0010884405
2393	-0.00013518335
2394	0.00045973068
2395	-0.00014966728
2396	-0.0011034609
2397	-0.0011061431
2398	-0.00014805795
2399	0.00046026713
2400	-0.00014805795
2401	-0.0010932685
2402	-0.0010991694
2403	-0.00013732912
2404	0.00047636038
2405	-0.00013035537
2406	-0.0010761024
2407	-0.0010669829
2408	-0.00008797646
2409	0.00050050026
2410	-0.000121772304
2411	-0.0010884405
2412	-0.0011045338
2413	-0.00014215709
2414	0.00047099596
2415	-0.00014054777
2416	-0.001084149
2417	-0.0010980965
2418	-0.00015288593
2419	0.00045436627
2420	-0.00014269353
2421	-0.0010669829
2422	-0.001042843
2423	-0.00008153916
2424	0.00051069265
2425	-0.000100314624
2426	-0.0010460616
2427	-0.0010385514
2428	-0.00006115437
2429	0.000530541
2430	-0.00010567905
2431	-0.001070738
2432	-0.0010868312
2433	-0.00012660028
2434	0.0004715324
2435	-0.00013732912
2436	-0.0010836126
2437	-0.0010836126
2438	-0.00012928249
2439	0.00047850615
2440	-0.0001319647
2441	-0.0010600091
2442	-0.0010364057
2443	-0.00008797646
2444	0.00048011547
2445	-0.000109970584
2446	-0.0010208489
2447	-0.0010111929
2448	-0.00015181304
2449	0.0003561974
2450	-0.00018131734
2451	-0.0009859802
2452	-0.0009548665
2453	-0.00014001133
2454	0.00030308965
2455	-0.00023013356
2456	-0.0009897352
2457	-0.0009017588
2458	-0.000091731556
2459	0.00035834315
2460	-0.00018292667
2461	-0.0009586216
2462	-0.00089102995
2463	-0.000073492534
2464	0.00036478046
2465	-0.00018668176
2466	-0.0009607674
2467	-0.0008894206
2468	-0.00007885695
2469	0.00035405162
2470	-0.00018346311
2471	-0.00095003855
2472	-0.0008878113
2473	-0.00007241965
2474	0.0003561974
2475	-0.00020331146
2476	-0.00097578776
2477	-0.0009135605
2478	-0.000094413765
2479	0.00034761432
2480	-0.00019258262
2481	-0.0009607674
2482	-0.00088351977
2483	-0.000067591674
2484	0.0003679991
2485	-0.00017702581
2486	-0.00093340885
2487	-0.0008658172
2488	-0.00006651879
2489	0.00034654143
2490	-0.0002038479
2491	-0.0009650589
2492	-0.00088566553
2493	-0.00007617474
2494	0.00036102536
2495	-0.00019204618
2496	-0.0009580852
2497	-0.00089210283
2498	-0.000067591674
2499	0.00036692622
2500	-0.00017380716
2501	-0.00093340885
2502	-0.00086420786
2503	-0.000044524673
2504	0.00040286782
2505	-0.00015610458
2506	-0.0007445813
2507	-0.00051337486
2508	0.00020223857
2509	0.0005149842
2510	-0.00025963786
2511	-0.0012643934
2512	-0.0012198688
2513	-0.00018990041
2514	0.0004291535
2515	-0.00017702581
2516	-0.0011249186
2517	-0.0011222364
2518	-0.00013089181
2519	0.00048655277
2520	-0.00014805795
2521	-0.0011157991
2522	-0.0011163355
2523	-0.00015288593
2524	0.00045543915
2525	-0.0001679063
2526	-0.001116872
2527	-0.0011200906
2528	-0.00015074016
2529	0.00047099596
2530	-0.00015610458
2531	-0.0011088253
2532	-0.0011141897
2533	-0.0001448393
2534	0.00046724087
2535	-0.000161469
2536	-0.001112044
2537	-0.0010685922
2538	-0.000045061115
2539	0.0005611182
2540	-0.000104606166
2541	-0.0010895134
2542	-0.0010616184
2543	-0.00004988909
2544	0.0005359054
2545	-0.00012230875
2546	-0.0011222364
2547	-0.0011222364
2548	-0.00012069942
2549	0.0004897714
2550	-0.00015288593
2551	-0.0011163355
2552	-0.0011018516
2553	-0.00010567905
2554	0.00050050026
2555	-0.00014430286
2556	-0.0011286737
2557	-0.0011061431
2558	-0.00009065867
2559	0.000525713
2560	-0.000119090095
2561	-0.0011018516
2562	-0.0011174084
2563	-0.0001550317
2564	0.00045758492
2565	-0.00019580127
2566	-0.0011672975
2567	-0.0011528136
2568	-0.00015825035
2569	0.00049030787
2570	-0.00014966728
2571	-0.0011442305
2572	-0.0011490585
2573	-0.00016576053
2574	0.00046563154
2575	-0.0001641512
2576	-0.0011458398
2577	-0.0011495949
2578	-0.0001485944
2579	0.0004929901
2580	-0.00015181304
2581	-0.0011377932
2582	-0.0011265279
2583	-0.00013732912
2584	0.0004897714
2585	-0.00016736986
2586	-0.001158178
2587	-0.0011420847
2588	-0.00013035537
2589	0.0005064011
2590	-0.0001448393
2591	-0.0011447669
2592	-0.0011490585
2593	-0.0001485944
2594	0.00049406296
2595	-0.00015342237
2596	-0.001158178
2597	-0.0011506678
2598	-0.00015020372
2599	0.00049138075
2600	-0.00015717746
2601	-0.0011587144
2602	-0.0011281372
2603	-0.00011855365
2604	0.00051176554
2605	-0.00013786556
2606	-0.0011356474
2607	-0.0011211635
2608	-0.00011748077
2609	0.00052195793
2610	-0.00013357402
2611	-0.0011308194
2612	-0.0011115075
2613	-0.00010514261
2614	0.00052195793
2615	-0.00013679267
2616	-0.0011431576
2617	-0.0011329652
2618	-0.0001319647
2619	0.0004962087
2620	-0.00015610458
2621	-0.0011603237
2622	-0.0011179448
2623	-0.000082612045
2624	0.0005316139
2625	-0.00015610458
2626	-0.0011710526
2627	-0.0011474491
2628	-0.00013142826
2629	0.00048708922
2630	-0.00017219783
2631	-0.0011866094
2632	-0.0011742712
2633	-0.00015932323
2634	0.0004817248
2635	-0.00017970802
2636	-0.0011780263
2637	-0.0011554958
2638	-0.00014215709
2639	0.00048869854
2640	-0.00017058851
2641	-0.0011597873
2642	-0.0011517407
2643	-0.00014162065
2644	0.0004962087
2645	-0.0001577139
2646	-0.0011672975
2647	-0.0011410118
2648	-0.00009924174
2649	0.0005423427
2650	-0.00012123586
2651	-0.0011313559
2652	-0.001116872
2653	-0.00008475781
2654	0.00053644186
2655	-0.00013625623
2656	-0.0011340381
2657	-0.0011125804
2658	-0.0000820756
2659	0.0005359054
2660	-0.0001448393
2661	-0.0011495949
2662	-0.001125455
2663	-0.00008100272
2664	0.00054126984
2665	-0.00013411047
2666	-0.0011367203
2667	-0.0011136533
2668	-0.00007778407
2669	0.00054287916
2670	-0.000115871444
2671	-0.0011195542
2672	-0.0010857583
2673	-0.000047743324
2674	0.00055682665
2675	-0.00012069942
2676	-0.0011152626
2677	-0.0010643007
2678	-0.000015556814
2679	0.000581503
2680	-0.00008636714
2681	-0.0010578634
2682	-0.0010358692
2683	-0.00011748077
2684	0.00034761432
2685	-0.0002408624
2686	-0.001028359
2687	-0.0009355546
2688	-0.00008797646
2689	0.00034761432
2690	-0.00023335221
2691	-0.0009972454
2692	-0.0009060503
2693	-0.00007188321
2694	0.000369072
2695	-0.0001872182
2696	-0.00096666825
2697	-0.00088351977
2698	-0.000068128116
2699	0.00035995248
2700	-0.00021350387
2701	-0.0009714962
2702	-0.0008851291
2703	-0.00003808737
2704	0.00039321187
2705	-0.0001780987
2706	-0.0009607674
2707	-0.0008663536
2708	-0.000024676325
2709	0.00058096653
2710	0.0002472997
2711	-0.0006485582
2712	-0.0008170009
2713	-0.000052571304
2714	0.00039052966
2715	-0.0002730489
2716	-0.0012091399
2717	-0.0011490585
2718	-0.00013625623
2719	0.0004495383
2720	-0.00017756225
2721	-0.0011125804
2722	-0.0010600091
2723	-0.00007885695
2724	0.00049245363
2725	-0.00014537574
2726	-0.0010862948
2727	-0.001024604
2728	-0.000042378906
2729	0.0005037189
2730	-0.00016522409
2731	-0.0011131169
2732	-0.0010524989
2733	-0.00006115437
2734	0.0004956723
2735	-0.0001550317
2736	-0.0010895134
2737	-0.0010364057
2738	-0.000038623813
2739	0.00051712996
2740	-0.00016039611
2741	-0.0011082889
2742	-0.001047671
2743	-0.00006383658
2744	0.00049138075
2745	-0.00016736986
2746	-0.001107216
2747	-0.0010369421
2748	-0.000038623813
2749	0.0005187393
2750	-0.00014001133
2751	-0.0010879041
2752	-0.001014948
2753	-0.000025212767
2754	0.0005267859
2755	-0.00012499095
2756	-0.0010691286
2757	-0.0009875895
2758	-0.0000064373025
2759	0.0005187393
2760	-0.00015181304
2761	-0.001107216
2762	-0.0010535718
2763	-0.000053107746
2764	0.00051981217
2765	-0.00014054777
2766	-0.001079321
2767	-0.0010122658
2768	-0.000015020372
2769	0.00052195793
2770	-0.00014966728
2771	-0.0010857583
2772	-0.0010106565
2773	-0.000027358536
2774	0.00049781805
2775	-0.00016683342
2776	-0.0010921956
2777	-0.0010160209
2778	-0.000021457674
2779	0.00052464014
2780	-0.00015449525
2781	-0.0010964872
2782	-0.0010433794
2783	-0.000058472164
2784	0.0004999638
2785	-0.00014591218
2786	-0.0010814668
2787	-0.0010106565
2788	-0.000018775465
2789	0.0005058647
2790	-0.00016844274
2791	-0.0011061431
2792	-0.0010299684
2793	-0.000032722954
2794	0.00052088505
2795	-0.00014537574
2796	-0.0010900499
2797	-0.0010160209
2798	-0.000003755093
2799	0.00054878
2800	-0.00012606384
2801	-0.0011013151
2802	-0.0010401608
2803	-0.000039696697
2804	0.0005037189
2805	-0.00016307832
2806	-0.0011125804
2807	-0.001070738
2808	-0.000082612045
2809	0.0004779697
2810	-0.00017756225
2811	-0.0011152626
2812	-0.0010696651
2813	-0.00008100272
2814	0.0004854799
2815	-0.00016468765
2816	-0.0011007787
2817	-0.0010396243
2818	-0.000035941604
2819	0.0005192757
2820	-0.000161469
2821	-0.0011233093
2822	-0.0010364057
2823	-0.000019311907
2824	0.0005176664
2825	-0.0001679063
2826	-0.0011141897
2827	-0.0010573269
2828	-0.000061690815
2829	0.00048869854
2830	-0.0001512766
2831	-0.0010980965
2832	-0.0010680557
2833	-0.000073492534
2834	0.00048762566
2835	-0.00017219783
2836	-0.001120627
2837	-0.0010669829
2838	-0.000058472164
2839	0.0005058647
2840	-0.00015717746
2841	-0.0011082889
2842	-0.0010734202
2843	-0.000100314624
2844	0.00047957903
2845	-0.00018399955
2846	-0.0011324288
2847	-0.0010927321
2848	-0.00011479856
2849	0.00046348578
2850	-0.00018990041
2851	-0.0011297466
2852	-0.0010685922
2853	-0.00006437302
2854	0.0005058647
2855	-0.00016254188
2856	-0.0011313559
2857	-0.0010777117
2858	-0.00006115437
2859	0.0005230308
2860	-0.0001485944
2861	-0.0011115075
2862	-0.0010685922
2863	-0.00005686284
2864	0.00052624947
2865	-0.00015610458
2866	-0.0011297466
2867	-0.0010626913
2868	-0.00005739928
2869	0.0005101562
2870	-0.0001780987
2871	-0.001135111
2872	-0.0010809303
2873	-0.000053107746
2874	0.00051444775
2875	-0.0001679063
2876	-0.0011345745
2877	-0.0010873677
2878	-0.00008958579
2879	0.00049781805
2880	-0.00017863513
2881	-0.001139939
2882	-0.001042843
2883	-0.00000858307
2884	0.0005385876
2885	-0.00016039611
2886	-0.001125455
2887	-0.0010583998
2888	-0.000036478046
2889	0.00052088505
2890	-0.00016576053
2891	-0.001135111
2892	-0.001061082
2893	-0.000027358536
2894	0.0005316139
2895	-0.00015878679
2896	-0.0011356474
2897	-0.0010573269
2898	-0.000010192395
2899	0.0005648733
2900	-0.00013679267
2901	-0.0011233093
2902	-0.0010573269
2903	-0.000030577186
2904	0.00053751474
2905	-0.00016522409
2906	-0.001148522
2907	-0.0011152626
2908	-0.00010943414
2909	0.00049406296
2910	-0.00016844274
2911	-0.0011410118
2912	-0.001112044
2913	-0.00010567905
2914	0.0005021096
2915	-0.0001872182
2916	-0.001171589
2917	-0.0011163355
2918	-0.00008744002
2919	0.00052356726
2920	-0.00016576053
2921	-0.0011656882
2922	-0.001107216
2923	-0.00005471707
2924	0.00053912407
2925	-0.00016844274
2926	-0.0011769534
2927	-0.0011286737
2928	-0.00010943414
2929	0.0005101562
2930	-0.00019419195
2931	-0.0011968018
2932	-0.0011447669
2933	-0.00010836126
2934	0.00050050026
2935	-0.00018936397
2936	-0.0011758805
2937	-0.0011324288
2938	-0.00010192395
2939	0.0005128384
2940	-0.0001641512
2941	-0.0011592509
2942	-0.0011211635
2943	-0.00009655953
2944	0.0005369783
2945	-0.00013732912
2946	-0.0011453034
2947	-0.0011179448
2948	-0.00009065867
2949	0.0005369783
2950	-0.00015288593
2951	-0.001171589
2952	-0.0011426212
2953	-0.00011157991
2954	0.00051176554
2955	-0.00016844274
2956	-0.001171589
2957	-0.001130283
2958	-0.00008046628
2959	0.0005321503
2960	-0.00014913084
2961	-0.0011340381
2962	-0.0010991694
2963	-0.00008636714
2964	0.00051712996
2965	-0.00015878679
2966	-0.0011410118
2967	-0.0010739566
2968	-0.000032722954
2969	0.00054502493
2970	-0.0001550317
2971	-0.0011490585
2972	-0.0010884405
2973	-0.000055789955
2974	0.0005289317
2975	-0.00016683342
2976	-0.0011528136
2977	-0.0010932685
2978	-0.00005471707
2979	0.0005230308
2980	-0.0001679063
2981	-0.0011442305
2982	-0.0010739566
2983	-0.000024676325
2984	0.0005611182
2985	-0.00014162065
2986	-0.0011281372
2987	-0.0010546447
2988	-0.0000069737443
2989	0.00056970125
2990	-0.00013518335
2991	-0.0011222364
2992	-0.0010471345
2993	-0.00000858307
2994	0.00054770714
2995	-0.00015717746
2996	-0.0011442305
2997	-0.0010664464
2998	-0.000019848349
2999	0.00055038935
3000	-0.0001485944
3001	-0.0011243821
3002	-0.0010471345
3003	-0.0000021457674
3004	0.00057613855
3005	-0.00011801721
3006	-0.0011082889
3007	-0.0010337235
3008	-0.0000021457674
3009	0.0005562902
3010	-0.00016736986
3011	-0.0011646153
3012	-0.0010814668
3013	-0.00003433228
3014	0.0005498529
3015	-0.00013947488
3016	-0.0011297466
3017	-0.0010498167
3018	-0.0000053644185
3019	0.0005675555
3020	-0.0001319647
3021	-0.0011292101
3022	-0.001056254
3023	-0.0000048279767
3024	0.0005675555
3025	-0.00014430286
3026	-0.0011377932
3027	-0.0010621549
3028	-0.0000048279767
3029	0.00057452923
3030	-0.00015717746
3031	-0.0011560322
3032	-0.0010728837
3033	-0.000016629698
3034	0.00056219107
3035	-0.00015342237
3036	-0.0011538864
3037	-0.00106591
3038	-0.0000064373025
3039	0.0005627275
3040	-0.00014591218
3041	-0.0011442305
3042	-0.0010643007
3043	-0.000004291535
3044	0.0005702377
3045	-0.00013893844
3046	-0.0011318923
3047	-0.001056254
3048	0
3049	0.00056862837
3050	-0.00015932323
3051	-0.0011608602
3052	-0.0010771753
3053	-0.000021994116
3054	0.000553608
3055	-0.00015288593
3056	-0.0011458398
3057	-0.0010621549
3058	-0.0000032186513
3059	0.00056433683
3060	-0.00014269353
3061	-0.0011490585
3062	-0.001061082
3063	0.000004291535
3064	0.0005793572
3065	-0.0001512766
3066	-0.0011479856
3067	-0.0010600091
3068	-0.0000059008603
3069	0.00055682665
3070	-0.00016361476
3071	-0.001158178
3072	-0.0010685922
3073	-0.0000144839305
3074	0.00055414444
3075	-0.00015342237
3076	-0.0011410118
3077	-0.0010551811
3078	0.0000021457674
3079	0.00058096653
3080	-0.00013089181
3081	-0.0011313559
3082	-0.0010541083
3083	-0.0000016093256
3084	0.00057077414
3085	-0.00014966728
3086	-0.0011340381
3087	-0.0010465981
3088	0.000015556814
3089	0.00058525807
3090	-0.0001485944
3091	-0.0011501313
3092	-0.0010648371
3093	-0.0000010728837
3094	0.00057721144
3095	-0.00012713672
3096	-0.001116872
3097	-0.001042843
3098	-0.000008046628
3099	0.0005546809
3100	-0.00015556814
3101	-0.0011458398
3102	-0.0010680557
3103	-0.000023603441
3104	0.00054663426
3105	-0.00015234949
3106	-0.0011501313
3107	-0.001070738
3108	-0.000009655953
3109	0.0005680919
3110	-0.00014162065
3111	-0.0011265279
3112	-0.0010337235
3113	0.00002843142
3114	0.0005906225
3115	-0.00014001133
3116	-0.0011377932
3117	-0.0010551811
3118	0.0000016093256
3119	0.0005820394
3120	-0.00013250114
3121	-0.0011367203
3122	-0.0010589362
3123	-0.000009119512
3124	0.00055146223
3125	-0.00017488004
3126	-0.0011726619
3127	-0.0010830761
3128	-0.000007510186
3129	0.00057077414
3130	-0.0001448393
3131	-0.0011544229
3132	-0.0010637642
3133	0.0000021457674
3134	0.0005756021
3135	-0.0001346469
3136	-0.0011243821
3137	-0.0010417701
3138	0.000020921232
3139	0.0005831123
3140	-0.00014430286
3141	-0.0011447669
3142	-0.0010621549
3143	0.000003755093
3144	0.00057721144
3145	-0.00014644863
3146	-0.0011431576
3147	-0.0010632278
3148	-0.0000059008603
3149	0.0005627275
3150	-0.00015234949
3151	-0.0011463762
3152	-0.0010583998
3153	-0.00000053644186
3154	0.0005680919
3155	-0.0001448393
3156	-0.0011340381
3157	-0.0010535718
3158	0.000012874605
3159	0.00059169537
3160	-0.00012767316
3161	-0.0011243821
3162	-0.0010326506
3163	0.000021994116
3164	0.0005750657
3165	-0.00014966728
3166	-0.0011501313
3167	-0.0010519625
3168	0.000007510186
3169	0.0005654097
3170	-0.0001641512
3171	-0.0011624695
3172	-0.0010621549
3173	-0.000011801721
3174	0.000558436
3175	-0.00016200544
3176	-0.0011646153
3177	-0.0010750295
3178	-0.000022530558
3179	0.0005546809
3180	-0.00015878679
3181	-0.001143694
3182	-0.0010417701
3183	0.00002038479
3184	0.00058525807
3185	-0.00012928249
3186	-0.001130283
3187	-0.0010632278
3188	-0.000018775465
3189	0.00055146223
3190	-0.00017488004
3191	-0.0011731983
3192	-0.0010777117
3193	-0.000009119512
3194	0.00055307156
3195	-0.00016683342
3196	-0.0011613966
3197	-0.0010712744
3198	-0.000016629698
3199	0.0005509258
3200	-0.00015610458
3201	-0.0011394025
3202	-0.0010541083
3203	-0.0000010728837
3204	0.0005611182
3205	-0.00015932323
3206	-0.0011458398
3207	-0.0010616184
3208	-0.0000069737443
3209	0.0005552173
3210	-0.00016307832
3211	-0.0011522771
3212	-0.001056254
3213	-0.0000059008603
3214	0.0005600453
3215	-0.00016468765
3216	-0.0011731983
3217	-0.0010846854
3218	-0.000016629698
3219	0.0005654097
3220	-0.00015664102
3221	-0.0011678339
3222	-0.0010777117
3223	-0.000009119512
3224	0.0005691648
3225	-0.00013893844
3226	-0.0011281372
3227	-0.0010417701
3228	0.000015020372
3229	0.00057077414
3230	-0.00015556814
3231	-0.0011597873
3232	-0.0010637642
3233	0.0000059008603
3234	0.0005879403
3235	-0.00013303758
3236	-0.0011404754
3237	-0.0010567905
3238	0.0000016093256
3239	0.00055575377
3240	-0.00017541648
3241	-0.0011780263
3242	-0.0011157991
3243	-0.00006973744
3244	0.00051981217
3245	-0.00018024446
3246	-0.001158178
3247	-0.001079321
3248	-0.00003165007
3249	0.00054770714
3250	-0.00015556814
3251	-0.0011565686
3252	-0.0010594727
3253	0.000019311907
3254	0.0005943776
3255	-0.00012981893
3256	-0.001135111
3257	-0.0010653735
3258	-0.0000032186513
3259	0.0005729199
3260	-0.00014215709
3261	-0.0011420847
3262	-0.0010573269
3263	0.0000059008603
3264	0.0005713106
3265	-0.00014162065
3266	-0.0011394025
3267	-0.0010417701
3268	0.000011265279
3269	0.00056219107
3270	-0.00016736986
3271	-0.001163006
3272	-0.0010616184
3273	0.000010192395
3274	0.0005782843
3275	-0.00012928249
3276	-0.0011394025
3277	-0.0010449887
3278	0.000017702581
3279	0.0005750657
3280	-0.00014108421
3281	-0.0011463762
3282	-0.0010412337
3283	0.000030040745
3284	0.0005922318
3285	-0.00012338163
3286	-0.0011216999
3287	-0.0010444523
3288	0.000015020372
3289	0.00057721144
3290	-0.00014215709
3291	-0.0011474491
3292	-0.0010589362
3293	0.0000144839305
3294	0.0005793572
3295	-0.00015342237
3296	-0.0011538864
3297	-0.0010739566
3298	-0.0000032186513
3299	0.0005654097
3300	-0.00014698507
3301	-0.0011474491
3302	-0.0010761024
3303	-0.0000064373025
3304	0.000581503
3305	-0.00014322998
3306	-0.0011474491
3307	-0.0010573269
3308	-0.000007510186
3309	0.0005460978
3310	-0.00016576053
3311	-0.0011528136
3312	-0.0010498167
3313	0.000027894977
3314	0.00058901316
3315	-0.00013893844
3316	-0.0011426212
3317	-0.0010530354
3318	0.000004291535
3319	0.0005691648
3320	-0.000161469
3321	-0.0011560322
3322	-0.001056254
3323	0.0000064373025
3324	0.0005691648
3325	-0.00015610458
3326	-0.0011522771
3327	-0.0010498167
3328	0.0000069737443
3329	0.00056701904
3330	-0.00017219783
3331	-0.0011683704
3332	-0.0010626913
3333	0.000004291535
3334	0.00057077414
3335	-0.00015395881
3336	-0.001148522
3337	-0.0010487438
3338	0.000015556814
3339	0.00058901316
3340	-0.00014430286
3341	-0.0011415483
3342	-0.0010498167
3343	0.000003755093
3344	0.0005573631
3345	-0.00017541648
3346	-0.0011742712
3347	-0.0010573269
3348	0.000018775465
3349	0.0005782843
3350	-0.00014805795
3351	-0.0011383296
3352	-0.0010347964
3353	0.000010192395
3354	0.00055789953
3355	-0.00017488004
3356	-0.0011624695
3357	-0.0010691286
3358	0.0000032186513
3359	0.0005691648
3360	-0.00015020372
3361	-0.0011479856
3362	-0.0010546447
3363	-0.0000010728837
3364	0.0005573631
3365	-0.00017488004
3366	-0.0011565686
3367	-0.0010449887
3368	0.00003486872
3369	0.0005943776
3370	-0.00013786556
3371	-0.0011490585
3372	-0.0010621549
3373	-0.0000144839305
3374	0.00054770714
3375	-0.00017112495
3376	-0.0011592509
3377	-0.001047671
3378	0.000021994116
3379	0.00057345635
3380	-0.00016039611
3381	-0.0011544229
3382	-0.0010444523
3383	0.000018775465
3384	0.0005691648
3385	-0.00017648937
3386	-0.0011790992
3387	-0.0010997058
3388	-0.00004935265
3389	0.0005342961
3390	-0.00017756225
3391	-0.0011613966
3392	-0.0010390879
3393	0.00003111363
3394	0.00058257586
3395	-0.00016200544
3396	-0.0011646153
3397	-0.0010541083
3398	0.000007510186
3399	0.0005702377
3400	-0.00015556814
3401	-0.0011528136
3402	-0.0010358692
3403	0.000026285652
3404	0.0005648733
3405	-0.00016039611
3406	-0.0011501313
3407	-0.0010412337
3408	0.000032722954
3409	0.0005713106
3410	-0.00016844274
3411	-0.001158178
3412	-0.0010353328
3413	0.000022530558
3414	0.0005729199
3415	-0.00016897918
3416	-0.0011565686
3417	-0.0010412337
3418	0.00001716614
3419	0.0005691648
3420	-0.00017219783
3421	-0.0011689068
3422	-0.0010530354
3423	0.000012874605
3424	0.0005600453
3425	-0.00017112495
3426	-0.0011635424
3427	-0.0010433794
3428	0.00002038479
3429	0.000558436
3430	-0.00017488004
3431	-0.0011672975
3432	-0.0010782481
3433	-0.000025212767
3434	0.00053268677
3435	-0.00020062925
3436	-0.0011850001
3437	-0.0010546447
3438	0.000015020372
3439	0.0005664826
3440	-0.00017488004
3441	-0.0011678339
3442	-0.0010524989
3443	0.000024139883
3444	0.0005729199
3445	-0.00016844274
3446	-0.0011592509
3447	-0.0010423065
3448	0.000021457674
3449	0.0005702377
3450	-0.00017166139
3451	-0.0011699797
3452	-0.0010530354
3453	0.000016629698
3454	0.00056594616
3455	-0.00017273428
3456	-0.0011619331
3457	-0.0010616184
3458	0.000004291535
3459	0.00056058174
3460	-0.00017380716
3461	-0.0011753441
3462	-0.0010948778
3463	-0.00006437302
3464	0.0004983545
3465	-0.00021833184
3466	-0.0011817814
3467	-0.0010787846
3468	-0.000026822094
3469	0.0005385876
3470	-0.0001807809
3471	-0.0011640788
3472	-0.0010830761
3473	-0.00006544591
3474	0.0004983545
3475	-0.00021564963
3476	-0.0011769534
3477	-0.0010884405
3478	-0.00004935265
3479	0.00051981217
3480	-0.00019419195
3481	-0.0011624695
3482	-0.0010401608
3483	0.000023603441
3484	0.0005654097
3485	-0.00017970802
3486	-0.0011705161
3487	-0.001056254
3488	0.0000064373025
3489	0.00055307156
3490	-0.0001909733
3491	-0.0011753441
3492	-0.0011034609
3493	-0.0000756383
3494	0.000489235
3495	-0.00021833184
3496	-0.0012021662
3497	-0.0011098982
3498	-0.000057935722
3499	0.0005085469
3500	-0.00022959712
3501	-0.0011903645
3502	-0.0010653735
3503	0.0000069737443
3504	0.0005638004
3505	-0.0001641512
3506	-0.0011361839
3507	-0.0010106565
3508	0.000055789955
3509	0.00059920555
3510	-0.00017005207
3511	-0.001163006
3512	-0.0010433794
3513	0.000020921232
3514	0.0005675555
3515	-0.00017541648
3516	-0.0011549593
3517	-0.0010213853
3518	0.000032722954
3519	0.0005616546
3520	-0.00019204618
3521	-0.0011758805
3522	-0.0010895134
3523	-0.00006222726
3524	0.00049245363
3525	-0.00022637847
3526	-0.0012032391
3527	-0.00109756
3528	-0.000039160255
3529	0.00052088505
3530	-0.00019526483
3531	-0.0011705161
3532	-0.0010364057
3533	0.00003165007
3534	0.000571847
3535	-0.00017756225
3536	-0.0011463762
3537	-0.0010117294
3538	0.00005739928
3539	0.0005857945
3540	-0.00017380716
3541	-0.0011737348
3542	-0.001056254
3543	0.0000144839305
3544	0.00056594616
3545	-0.00017005207
3546	-0.0011544229
3547	-0.0010578634
3548	0.000004291535
3549	0.0005498529
3550	-0.00017917158
3551	-0.00115335
3552	-0.0010272862
3553	0.00003433228
3554	0.0005702377
3555	-0.0001807809
3556	-0.0011651517
3557	-0.0010374786
3558	0.00004023314
3559	0.00057721144
3560	-0.00015717746
3561	-0.0011394025
3562	-0.0010208489
3563	0.000046134
3564	0.00057882076
3565	-0.00017648937
3566	-0.0011646153
3567	-0.0010364057
3568	0.000023067
3569	0.00055575377
3570	-0.000184536
3571	-0.001171589
3572	-0.0010535718
3573	0.000019311907
3574	0.0005627275
3575	-0.0001872182
3576	-0.001171589
3577	-0.0010396243
3578	0.00003808737
3579	0.0005868674
3580	-0.00015664102
3581	-0.0011463762
3582	-0.0010256768
3583	0.00004988909
3584	0.00058633095
3585	-0.00016200544
3586	-0.0011538864
3587	-0.0010337235
3588	0.000032722954
3589	0.000558436
3590	-0.00018882753
3591	-0.001171589
3592	-0.0010626913
3593	0.000023067
3594	0.00056594616
3595	-0.00018775465
3596	-0.0011758805
3597	-0.0010632278
3598	0.00000053644186
3599	0.0005396605
3600	-0.00020277502
3601	-0.0011758805
3602	-0.0010905863
3603	-0.00005686284
3604	0.0005064011
3605	-0.0002177954
3606	-0.001186073
3607	-0.0010846854
3608	-0.00003433228
3609	0.00051176554
3610	-0.00022315982
3611	-0.0011780263
3612	-0.0010262133
3613	0.000035405163
3614	0.00056701904
3615	-0.000184536
3616	-0.0011689068
3617	-0.0010369421
3618	0.00003808737
3619	0.000558436
3620	-0.0001936555
3621	-0.0011651517
3622	-0.001028359
3623	0.00004076958
3624	0.000553608
3625	-0.00020223857
3626	-0.0011705161
3627	-0.0010337235
3628	0.00003486872
3629	0.00056433683
3630	-0.00019258262
3631	-0.0011603237
3632	-0.0010321141
3633	0.000027358536
3634	0.00055575377
3635	-0.00019419195
3636	-0.0011656882
3637	-0.0010712744
3638	-0.000021994116
3639	0.00052464014
3640	-0.00022476914
3641	-0.0011978747
3642	-0.0010626913
3643	0.0000048279767
3644	0.00054126984
3645	-0.00021457675
3646	-0.0011978747
3647	-0.0010820032
3648	-0.0000048279767
3649	0.0005423427
3650	-0.00019794704
3651	-0.0011544229
3652	-0.0010187031
3653	0.000045597557
3654	0.000581503
3655	-0.00018936397
3656	-0.0011774899
3657	-0.0010315777
3658	0.000018775465
3659	0.00054878
3660	-0.00019633771
3661	-0.001171589
3662	-0.001028359
3663	0.000045061115
3664	0.00057452923
3665	-0.00016468765
3666	-0.0011458398
3667	-0.0010342599
3668	0.000019848349
3669	0.00055575377
3670	-0.00020867589
3671	-0.0011785628
3672	-0.0010412337
3673	0.000015020372
3674	0.0005434156
3675	-0.00020974877
3676	-0.0011758805
3677	-0.0010643007
3678	-0.00003755093
3679	0.0004956723
3680	-0.00025320056
3681	-0.0012161137
3682	-0.0011029245
3683	-0.0000627637
3684	0.0004956723
3685	-0.00022369626
3686	-0.0011726619
3687	-0.0010433794
3688	-0.000010192395
3689	0.0005165935
3690	-0.00022852424
3691	-0.0011882187
3692	-0.0010288955
3693	0.00004076958
3694	0.00056433683
3695	-0.00019526483
3696	-0.0011785628
3697	-0.0010685922
3698	-0.000011801721
3699	0.0005096198
3700	-0.00023496154
3701	-0.0011887552
3702	-0.0010160209
3703	0.00006866456
3704	0.0005922318
3705	-0.00017541648
3706	-0.0011565686
3707	-0.0010122658
3708	0.00006115437
3709	0.00057989365
3710	-0.00018614532
3711	-0.001171589
3712	-0.0010567905
3713	-0.0000053644185
3714	0.0005385876
3715	-0.00021940473
3716	-0.0012010933
3717	-0.001070738
3718	0.0000010728837
3719	0.0005342961
3720	-0.00022047761
3721	-0.0011909009
3722	-0.0010761024
3723	-0.00003433228
3724	0.00051176554
3725	-0.00022369626
3726	-0.0011935831
3727	-0.0010927321
3728	-0.00004935265
3729	0.0004897714
3730	-0.00024515393
3731	-0.001199484
3732	-0.0010503532
3733	0.000027894977
3734	0.00054395205
3735	-0.00022852424
3736	-0.0012086035
3737	-0.0010605456
3738	0.000020921232
3739	0.00054931646
3740	-0.00021189454
3741	-0.0011866094
3742	-0.0010626913
3743	0.000016093256
3744	0.00054126984
3745	-0.00022047761
3746	-0.001199484
3747	-0.0010626913
3748	0.0000069737443
3749	0.00052839523
3750	-0.00022315982
3751	-0.0011753441
3752	-0.0010117294
3753	0.0000627637
3754	0.00056970125
3755	-0.00019687416
3756	-0.0011699797
3757	-0.001024604
3758	0.000045061115
3759	0.0005589724
3760	-0.00020170213
3761	-0.0011571051
3762	-0.0009924175
3763	0.0000756383
3764	0.0005750657
3765	-0.00020116569
3766	-0.0011785628
3767	-0.0010272862
3768	0.00004345179
3769	0.00054770714
3770	-0.00021296742
3771	-0.0011817814
3772	-0.0010535718
3773	0.000012874605
3774	0.0005289317
3775	-0.00022101405
3776	-0.001186073
3777	-0.0010465981
3778	0.000027358536
3779	0.0005423427
3780	-0.00023013356
3781	-0.0011984111
3782	-0.0010551811
3783	0.000015020372
3784	0.00054931646
3785	-0.00020116569
3786	-0.0011651517
3787	-0.0010106565
3788	0.000053107746
3789	0.00055038935
3790	-0.00021511319
3791	-0.0011699797
3792	-0.0009983183
3793	0.000073492534
3794	0.00058096653
3795	-0.0002000928
3796	-0.0011758805
3797	-0.0010262133
3798	0.000048816208
3799	0.00056862837
3800	-0.00019687416
3801	-0.0011753441
3802	-0.0010358692
3803	0.000036478046
3804	0.0005573631
3805	-0.00020974877
3806	-0.0011640788
3807	-0.0009881259
3808	0.0000756383
3809	0.00057452923
3810	-0.00018882753
3811	-0.0011597873
3812	-0.0009945632
3813	0.00007617474
3814	0.0005713106
3815	-0.00021296742
3816	-0.0011833907
3817	-0.0010181667
3818	0.000058472164
3819	0.00056326395
3820	-0.00020492078
3821	-0.0011624695
3822	-0.0010095836
3823	0.000055789955
3824	0.0005573631
3825	-0.000207603
3826	-0.0011699797
3827	-0.0009929539
3828	0.00005686284
3829	0.0005471707
3830	-0.00022637847
3831	-0.0011930467
3832	-0.0010605456
3833	-0.000011801721
3834	0.000512302
3835	-0.00025588277
3836	-0.0012214781
3837	-0.0010814668
3838	-0.00003755093
3839	0.00048601633
3840	-0.00026875737
3841	-0.0012134315
3842	-0.0010739566
3843	-0.000023603441
3844	0.00050693756
3845	-0.00024837258
3846	-0.001208067
3847	-0.00106591
3848	-0.000019848349
3849	0.0005128384
3850	-0.00023925307
3851	-0.0011887552
3852	-0.0010465981
3853	0.000024676325
3854	0.0005423427
3855	-0.00021618608
3856	-0.0011903645
3857	-0.0010761024
3858	-0.00003111363
3859	0.00049513584
3860	-0.00025856498
3861	-0.001212895
3862	-0.0010702015
3863	-0.000017702581
3864	0.0005165935
3865	-0.00024139884
3866	-0.0011978747
3867	-0.0010648371
3868	-0.000018775465
3869	0.0005085469
3870	-0.00024783614
3871	-0.0012086035
3872	-0.0010669829
3873	-0.000024139883
3874	0.00050693756
3875	-0.00024300817
3876	-0.0011871458
3877	-0.0009999276
3878	0.00008046628
3879	0.00057238346
3880	-0.0002038479
3881	-0.0011748077
3882	-0.001019776
3883	0.000055253513
3884	0.0005546809
3885	-0.00022208694
3886	-0.0011769534
3887	-0.0009881259
3888	0.000088512905
3889	0.00058364874
3890	-0.00020545723
3891	-0.0011721255
3892	-0.0009972454
3893	0.000079393394
3894	0.00056970125
3895	-0.00020867589
3896	-0.0011699797
3897	-0.0009891988
3898	0.00008368493
3899	0.00057613855
3900	-0.00020062925
3901	-0.0011699797
3902	-0.0010020734
3903	0.00007832051
3904	0.0005713106
3905	-0.00021350387
3906	-0.0011774899
3907	-0.0010401608
3908	-0.0000064373025
3909	0.00051069265
3910	-0.00024622682
3911	-0.0011968018
3912	-0.0010401608
3913	0.00003755093
3914	0.0005342961
3915	-0.0002472997
3916	-0.0011941196
3917	-0.001014948
3918	0.00006651879
3919	0.00055682665
3920	-0.00021886828
3921	-0.0011721255
3922	-0.0009988548
3923	0.00006437302
3924	0.0005519987
3925	-0.00022959712
3926	-0.0011968018
3927	-0.0010358692
3928	0.000041842464
3929	0.00055414444
3930	-0.00022047761
3931	-0.0011737348
3932	-0.0009811522
3933	0.00010192395
3934	0.0005906225
3935	-0.00020062925
3936	-0.001181245
3937	-0.0010240675
3938	0.00005418063
3939	0.00054395205
3940	-0.00025588277
3941	-0.0012182595
3942	-0.0010616184
3943	0.000015556814
3944	0.0005321503
3945	-0.0002344251
3946	-0.0011785628
3947	-0.0009881259
3948	0.00007885695
3949	0.00055038935
3950	-0.00023120645
3951	-0.0011796356
3952	-0.000991881
3953	0.000082612045
3954	0.0005627275
3955	-0.00022262338
3956	-0.0011576415
3957	-0.0009650589
3958	0.00010782482
3959	0.0005895496
3960	-0.00021511319
3961	-0.0011785628
3962	-0.001001537
3963	0.00006061793
3964	0.00055038935
3965	-0.00023013356
3966	-0.001176417
3967	-0.0009897352
3968	0.00008422137
3969	0.00055950886
3970	-0.00022315982
3971	-0.0011672975
3972	-0.0009865166
3973	0.00008475781
3974	0.00055575377
3975	-0.00022852424
3976	-0.0011807085
3977	-0.0009865166
3978	0.00009924174
3979	0.000581503
3980	-0.00021564963
3981	-0.0011619331
3982	-0.00097578776
3983	0.00009334088
3984	0.000571847
3985	-0.00022476914
3986	-0.0011957289
3987	-0.000996709
3988	0.000094413765
3989	0.00057238346
3990	-0.00023120645
3991	-0.001181245
3992	-0.0009934903
3993	0.00006866456
3994	0.0005546809
3995	-0.00022101405
3996	-0.001171589
3997	-0.0009891988
3998	0.00007832051
3999	0.00055575377
4000	-0.0002371073
4001	-0.001194656
4002	-0.0010337235
4003	0.000039696697
4004	0.000535369
4005	-0.00024300817
4006	-0.0011903645
4007	-0.0009881259
4008	0.00009065867
4009	0.00057077414
4010	-0.0002279878
4011	-0.001181245
4012	-0.0009972454
4013	0.000073492534
4014	0.000571847
4015	-0.00022208694
4016	-0.0011866094
4017	-0.0010154844
4018	0.000050425533
4019	0.00054395205
4020	-0.00023496154
4021	-0.0011930467
4022	-0.0010026098
4023	0.00007724763
4024	0.00055414444
4025	-0.00024515393
4026	-0.0012091399
4027	-0.0010814668
4028	-0.000038623813
4029	0.00047957903
4030	-0.0002741218
4031	-0.0012155772
4032	-0.001042843
4033	0.000016629698
4034	0.00053000456
4035	-0.00024193528
4036	-0.0011919738
4037	-0.0009977819
4038	0.000069201
4039	0.0005423427
4040	-0.00024622682
4041	-0.0012032391
4042	-0.0010498167
4043	-0.000013411047
4044	0.00049138075
4045	-0.00027197602
4046	-0.0012027026
4047	-0.0010026098
4048	0.00007295609
4049	0.0005519987
4050	-0.00023388866
4051	-0.0011968018
4052	-0.0009961725
4053	0.00008475781
4054	0.00055789953
4055	-0.00023764375
4056	-0.0011871458
4057	-0.0009908081
4058	0.00007295609
4059	0.0005418063
4060	-0.00025159123
4061	-0.0012069942
4062	-0.0010358692
4063	0.000037014488
4064	0.000525713
4065	-0.00026500228
4066	-0.0012118221
4067	-0.0010272862
4068	0.000047743324
4069	0.00053483254
4070	-0.0002499819
4071	-0.0012059213
4072	-0.0010058285
4073	0.00008904935
4074	0.0005600453
4075	-0.0002408624
4076	-0.0012027026
4077	-0.0010208489
4078	0.00004988909
4079	0.0005359054
4080	-0.00025159123
4081	-0.0012069942
4082	-0.0010063649
4083	0.000068128116
4084	0.00054770714
4085	-0.00024247172
4086	-0.0011941196
4087	-0.0009945632
4088	0.000091731556
4089	0.0005756021
4090	-0.0002242327
4091	-0.001181245
4092	-0.0009811522
4093	0.00009709597
4094	0.0005691648
4095	-0.00023120645
4096	-0.0011930467
4097	-0.0010224582
4098	0.00005471707
4099	0.0005498529
4100	-0.00024569037
4101	-0.0011925102
4102	-0.0009838344
4103	0.00008744002
4104	0.0005519987
4105	-0.00024247172
4106	-0.0011909009
4107	-0.001019776
4108	0.00004398823
4109	0.00051981217
4110	-0.0002692938
4111	-0.0012053848
4112	-0.0010390879
4113	-0.0000016093256
4114	0.0004994274
4115	-0.00027573112
4116	-0.0012107493
4117	-0.0009865166
4118	0.00010943414
4119	0.00057989365
4120	-0.00021940473
4121	-0.0011672975
4122	-0.00097203266
4123	0.00010138751
4124	0.00057238346
4125	-0.00022745135
4126	-0.0011726619
4127	-0.00096827757
4128	0.000088512905
4129	0.00055414444
4130	-0.0002446175
4131	-0.0011973382
4132	-0.0010412337
4133	0.000020921232
4134	0.00050801045
4135	-0.00028485063
4136	-0.001212895
4137	-0.0010498167
4138	0.0000032186513
4139	0.0005085469
4140	-0.0002703667
4141	-0.0012091399
4142	-0.0009999276
4143	0.00008690358
4144	0.0005509258
4145	-0.00024569037
4146	-0.0011887552
4147	-0.0009811522
4148	0.00009924174
4149	0.0005562902
4150	-0.0002408624
4151	-0.0011903645
4152	-0.0010240675
4153	0.00004345179
4154	0.0005342961
4155	-0.00025534633
4156	-0.0011951925
4157	-0.0010010005
4158	0.00006866456
4159	0.0005380512
4160	-0.00024622682
4161	-0.0011984111
4162	-0.0010321141
4163	0.000008046628
4164	0.0005037189
4165	-0.00026875737
4166	-0.0012091399
4167	-0.0009956361
4168	0.00009495021
4169	0.00057238346
4170	-0.00022637847
4171	-0.0011892916
4172	-0.0009891988
4173	0.000085294254
4174	0.0005552173
4175	-0.00025159123
4176	-0.0012091399
4177	-0.0010455252
4178	-0.0000010728837
4179	0.0004897714
4180	-0.0002907515
4181	-0.001227379
4182	-0.0010616184
4183	-0.000025212767
4184	0.0004752875
4185	-0.0002859235
4186	-0.0012118221
4187	-0.0010482074
4188	0.0000026822092
4189	0.000502646
4190	-0.0002730489
4191	-0.001217723
4192	-0.0010401608
4193	0.000022530558
4194	0.0005160571
4195	-0.000253737
4196	-0.0011978747
4197	-0.001042843
4198	0.000011801721
4199	0.00050693756
4200	-0.00027573112
4201	-0.0012209417
4202	-0.0010530354
4203	-0.0000069737443
4204	0.00047957903
4205	-0.00028914216
4206	-0.0012118221
4207	-0.0010390879
4208	0.000011801721
4209	0.0005101562
4210	-0.00027894977
4211	-0.0012263061
4212	-0.0010471345
4213	0.000030577186
4214	0.00051444775
4215	-0.00026178363
4216	-0.001199484
4217	-0.0009956361
4218	0.000092268
4219	0.00055682665
4220	-0.00024193528
4221	-0.0011968018
4222	-0.0009902717
4223	0.00009816886
4224	0.00057077414
4225	-0.00023925307
4226	-0.001194656
4227	-0.0009714962
4228	0.00010782482
4229	0.0005638004
4230	-0.00025802854
4231	-0.0012171866
4232	-0.001042843
4233	0.000015020372
4234	0.0004935265
4235	-0.00028485063
4236	-0.0012230874
4237	-0.0010417701
4238	0.000019311907
4239	0.0005010367
4240	-0.0002971888
4241	-0.0012413264
4242	-0.001070738
4243	0.0000032186513
4244	0.00050532824
4245	-0.00026607516
4246	-0.0012053848
4247	-0.0010278226
4248	0.000053107746
4249	0.0005423427
4250	-0.00024354461
4251	-0.0011785628
4252	-0.00097203266
4253	0.00010621549
4254	0.0005702377
4255	-0.00023549798
4256	-0.0011689068
4257	-0.00096023094
4258	0.000094413765
4259	0.00054395205
4260	-0.0002601743
4261	-0.0012027026
4262	-0.0009854437
4263	0.000094413765
4264	0.0005648733
4265	-0.0002446175
4266	-0.0011973382
4267	-0.0009908081
4268	0.000100314624
4269	0.0005729199
4270	-0.0002371073
4271	-0.0011957289
4272	-0.0009811522
4273	0.00009816886
4274	0.0005616546
4275	-0.00025963786
4276	-0.0012182595
4277	-0.001056254
4278	0.0000021457674
4279	0.0005058647
4280	-0.00027143958
4281	-0.0012010933
4282	-0.0009827615
4283	0.000094413765
4284	0.00056219107
4285	-0.00023013356
4286	-0.0011646153
4287	-0.00097310555
4288	0.00010299684
4289	0.00056219107
4290	-0.00025427344
4291	-0.0012171866
4292	-0.0010412337
4293	0.000036478046
4294	0.00052839523
4295	-0.00026607516
4296	-0.001199484
4297	-0.0010240675
4298	0.000013947489
4299	0.00047850615
4300	-0.0003127456
4301	-0.0012375714
4302	-0.001056254
4303	0.000004291535
4304	0.0005058647
4305	-0.00027358535
4306	-0.0012166501
4307	-0.0010492803
4308	-0.0000048279767
4309	0.000484407
4310	-0.0002805591
4311	-0.0012107493
4312	-0.001047671
4313	-0.0000021457674
4314	0.0005021096
4315	-0.00027573112
4316	-0.0012182595
4317	-0.0010229946
4318	0.000053644188
4319	0.00054663426
4320	-0.00024569037
4321	-0.0011925102
4322	-0.0009865166
4323	0.00009280444
4324	0.0005664826
4325	-0.00022906068
4326	-0.001186073
4327	-0.0009988548
4328	0.00007456542
4329	0.00055950886
4330	-0.0002446175
4331	-0.0011866094
4332	-0.0009983183
4333	0.00006383658
4334	0.0005407334
4335	-0.00025320056
4336	-0.0012010933
4337	-0.0010412337
4338	0.0000059008603
4339	0.00049245363
4340	-0.00028485063
4341	-0.0012214781
4342	-0.001042843
4343	0.00004076958
4344	0.00053375965
4345	-0.000253737
4346	-0.0012064577
4347	-0.0010482074
4348	0.000011265279
4349	0.00049674517
4350	-0.00028753284
4351	-0.0012268425
4352	-0.0010600091
4353	-0.0000144839305
4354	0.00048494345
4355	-0.00027143958
4356	-0.0011892916
4357	-0.0010010005
4358	0.00008100272
4359	0.0005519987
4360	-0.00025534633
4361	-0.0011968018
4362	-0.0010122658
4363	0.00006061793
4364	0.0005224944
4365	-0.00026875737
4366	-0.0011941196
4367	-0.00097310555
4368	0.00011157991
4369	0.0005654097
4370	-0.00025266412
4371	-0.0012118221
4372	-0.0009983183
4373	0.00009495021
4374	0.0005664826
4375	-0.00025266412
4376	-0.0011984111
4377	-0.0009747149
4378	0.00010567905
4379	0.00055575377
4380	-0.00024408105
4381	-0.0011833907
4382	-0.00097578776
4383	0.00010514261
4384	0.00056058174
4385	-0.00024676326
4386	-0.001199484
4387	-0.0010374786
4388	-0.0000053644185
4389	0.00047850615
4390	-0.00030148032
4391	-0.0012236239
4392	-0.0010288955
4393	0.00003111363
4394	0.0005101562
4395	-0.00026822093
4396	-0.0012059213
4397	-0.0009897352
4398	0.00008904935
4399	0.00055414444
4400	-0.00024408105
4401	-0.0011882187
4402	-0.0010095836
4403	0.000059545047
4404	0.00054395205
4405	-0.00023978952
4406	-0.0011780263
4407	-0.0010138751
4408	0.00004398823
4409	0.00051552063
4410	-0.00027197602
4411	-0.0011935831
4412	-0.00097847
4413	0.000113189235
4414	0.00057882076
4415	-0.00023764375
4416	-0.0011828543
4417	-0.00096666825
4418	0.00010621549
4419	0.0005680919
4420	-0.00023657086
4421	-0.0011769534
4422	-0.0009843708
4423	0.00008368493
4424	0.0005444885
4425	-0.0002639294
4426	-0.0012134315
4427	-0.0010417701
4428	0.000015020372
4429	0.0005096198
4430	-0.0002666116
4431	-0.001208067
4432	-0.0010176302
4433	0.00006115437
4434	0.0005444885
4435	-0.00025588277
4436	-0.0012075306
4437	-0.0009988548
4438	0.00009709597
4439	0.0005664826
4440	-0.00025212768
4441	-0.0011866094
4442	-0.0009543301
4443	0.000113189235
4444	0.0005713106
4445	-0.00023925307
4446	-0.001189828
4447	-0.0009816886
4448	0.00009709597
4449	0.0005552173
4450	-0.0002472997
4451	-0.0011892916
4452	-0.0009806157
4453	0.0000987053
4454	0.00055682665
4455	-0.00025266412
4456	-0.001194656
4457	-0.0009795428
4458	0.00009602309
4459	0.00054770714
4460	-0.0002692938
4461	-0.0012187959
4462	-0.0010063649
4463	0.00007188321
4464	0.00054770714
4465	-0.0002446175
4466	-0.0011957289
4467	-0.00097417843
4468	0.00011157991
4469	0.0005691648
4470	-0.00023657086
4471	-0.0011807085
4472	-0.0010203124
4473	0.00002574921
4474	0.00051444775
4475	-0.00027465823
4476	-0.0012220145
4477	-0.0010310413
4478	0.000039696697
4479	0.0005224944
4480	-0.0002666116
4481	-0.0012037755
4482	-0.0010337235
4483	0.000017702581
4484	0.00049513584
4485	-0.00028216842
4486	-0.0012139679
4487	-0.0010165573
4488	0.00006598235
4489	0.00054663426
4490	-0.00026071075
4491	-0.0011984111
4492	-0.00097578776
4493	0.00009655953
4494	0.000553608
4495	-0.00025963786
4496	-0.0012123586
4497	-0.0010256768
4498	0.000050425533
4499	0.0005224944
4500	-0.0002703667
4501	-0.0012075306
4502	-0.0009849073
4503	0.00008797646
4504	0.00054395205
4505	-0.0002639294
4506	-0.0012005569
4507	-0.0010058285
4508	0.00007295609
4509	0.00055038935
4510	-0.00024944547
4511	-0.0012064577
4512	-0.0009983183
4513	0.00009280444
4514	0.000558436
4515	-0.00025695565
4516	-0.0012016298
4517	-0.0010160209
4518	0.000055253513
4519	0.00052088505
4520	-0.00027626756
4521	-0.0012182595
4522	-0.0010551811
4523	-0.0000064373025
4524	0.00048708922
4525	-0.00028163198
4526	-0.0012059213
4527	-0.00097310555
4528	0.000110507026
4529	0.00056862837
4530	-0.00024139884
4531	-0.0011876823
4532	-0.0009811522
4533	0.00009602309
4534	0.00055789953
4535	-0.00024944547
4536	-0.0011978747
4537	-0.000982225
4538	0.00009977818
4539	0.0005680919
4540	-0.00023978952
4541	-0.0011866094
4542	-0.00097847
4543	0.00009387732
4544	0.00055307156
4545	-0.00025051835
4546	-0.0012048484
4547	-0.0009838344
4548	0.000097632415
4549	0.00055414444
4550	-0.00024247172
4551	-0.0011683704
4552	-0.000973642
4553	0.000088512905
4554	0.00055307156
4555	-0.0002472997
4556	-0.0011930467
4557	-0.0009950997
4558	0.00007832051
4559	0.0005546809
4560	-0.00023657086
4561	-0.0011780263
4562	-0.00097417843
4563	0.00010138751
4564	0.00055950886
4565	-0.0002472997
4566	-0.0012010933
4567	-0.0010444523
4568	0.0000069737443
4569	0.00049781805
4570	-0.00028163198
4571	-0.0012241603
4572	-0.001042843
4573	0.00002038479
4574	0.00051176554
4575	-0.00025910142
4576	-0.0011866094
4577	-0.0009768606
4578	0.00009548665
4579	0.0005638004
4580	-0.00023657086
4581	-0.001181245
4582	-0.00097203266
4583	0.00010567905
4584	0.0005680919
4585	-0.0002446175
4586	-0.0012027026
4587	-0.0009945632
4588	0.000094413765
4589	0.0005691648
4590	-0.00023925307
4591	-0.0012069942
4592	-0.0010256768
4593	0.00003808737
4594	0.0005101562
4595	-0.0002741218
4596	-0.0011984111
4597	-0.0010294319
4598	0.000024139883
4599	0.0005203486
4600	-0.00026983026
4601	-0.0012091399
4602	-0.001028359
4603	0.000022530558
4604	0.0005037189
4605	-0.0002859235
4606	-0.0012182595
4607	-0.0009865166
4608	0.000091731556
4609	0.00055307156
4610	-0.00025051835
4611	-0.0011866094
4612	-0.0009865166
4613	0.00009924174
4614	0.00056594616
4615	-0.00023925307
4616	-0.0011839272
4617	-0.0009988548
4618	0.00007241965
4619	0.0005471707
4620	-0.0002472997
4621	-0.0011930467
4622	-0.0009972454
4623	0.00007832051
4624	0.00055950886
4625	-0.00023603442
4626	-0.001199484
4627	-0.0009961725
4628	0.0000820756
4629	0.00055038935
4630	-0.00025051835
4631	-0.0012069942
4632	-0.0010567905
4633	0.00000053644186
4634	0.00051176554
4635	-0.00027197602
4636	-0.0012214781
4637	-0.0010010005
4638	0.000082612045
4639	0.00054502493
4640	-0.00027090314
4641	-0.0012182595
4642	-0.0010546447
4643	-0.0000059008603
4644	0.0004908443
4645	-0.00028645995
4646	-0.0012182595
4647	-0.0010111929
4648	0.000076711185
4649	0.0005627275
4650	-0.0002499819
4651	-0.0012112857
4652	-0.0010069014
4653	0.00008797646
4654	0.0005654097
4655	-0.0002408624
4656	-0.0011984111
4657	-0.0010374786
4658	0.000011801721
4659	0.00050318247
4660	-0.00026714805
4661	-0.0011978747
4662	-0.0009752513
4663	0.00011855365
4664	0.0005847216
4665	-0.00023818019
4666	-0.0012021662
4667	-0.0010026098
4668	0.0000820756
4669	0.00055146223
4670	-0.0002472997
4671	-0.0011957289
4672	-0.0010406972
4673	0.000010192395
4674	0.0005085469
4675	-0.00027143958
4676	-0.0012161137
4677	-0.0010498167
4678	0.000013411047
4679	0.0005165935
4680	-0.00026553872
4681	-0.0012268425
4682	-0.0010820032
4683	-0.000024676325
4684	0.00048869854
4685	-0.00027734044
4686	-0.0012064577
4687	-0.001024604
4688	0.00003808737
4689	0.000525713
4690	-0.00025588277
4691	-0.0012037755
4692	-0.0010240675
4693	0.00003808737
4694	0.000512302
4695	-0.00027519467
4696	-0.0012118221
4697	-0.001033187
4698	0.000030040745
4699	0.00051337486
4700	-0.00027143958
4701	-0.0012187959
4702	-0.0010616184
4703	-0.000009119512
4704	0.00048655277
4705	-0.00027465823
4706	-0.001208067
4707	-0.0010305048
4708	0.000042915348
4709	0.0005342961
4710	-0.00025588277
4711	-0.001199484
4712	-0.0010010005
4713	0.000074028976
4714	0.00055038935
4715	-0.0002472997
4716	-0.0011989475
4717	-0.0010465981
4718	0.000010192395
4719	0.0005037189
4720	-0.0002961159
4721	-0.0012547375
4722	-0.0010685922
4723	0.0000021457674
4724	0.000507474
4725	-0.00026875737
4726	-0.0012048484
4727	-0.0010347964
4728	0.00002574921
4729	0.00051712996
4730	-0.00026178363
4731	-0.0012155772
4732	-0.0010471345
4733	0.000019311907
4734	0.00051820284
4735	-0.00025588277
4736	-0.0011941196
4737	-0.0010187031
4738	0.000055253513
4739	0.00054019695
4740	-0.0002612472
4741	-0.0012102128
4742	-0.0010267497
4743	0.00005418063
4744	0.0005369783
4745	-0.00025802854
4746	-0.0012053848
4747	-0.0010594727
4748	-0.000010728837
4749	0.0004897714
4750	-0.00028753284
4751	-0.0012193323
4752	-0.0010444523
4753	0.000012874605
4754	0.00051069265
4755	-0.00027251247
4756	-0.0012150408
4757	-0.0010616184
4758	-0.000011265279
4759	0.0004956723
4760	-0.00026607516
4761	-0.0011957289
4762	-0.0010235311
4763	0.000050961975
4764	0.00055575377
4765	-0.00023549798
4766	-0.0011855365
4767	-0.0009768606
4768	0.00009924174
4769	0.0005702377
4770	-0.00022315982
4771	-0.0011785628
4772	-0.0009790064
4773	0.00010353328
4774	0.0005756021
4775	-0.00022906068
4776	-0.0011817814
4777	-0.0009816886
4778	0.00009334088
4779	0.00055414444
4780	-0.00025856498
4781	-0.0012171866
4782	-0.001070738
4783	-0.000012338162
4784	0.0005037189
4785	-0.00026232007
4786	-0.0012021662
4787	-0.0010058285
4788	0.00007832051
4789	0.00055789953
4790	-0.00025320056
4791	-0.0012171866
4792	-0.0010616184
4793	-0.000021994116
4794	0.0004752875
4795	-0.00028645995
4796	-0.0012161137
4797	-0.0010122658
4798	0.00007832051
4799	0.0005648733
4800	-0.0002177954
4801	-0.0011855365
4802	-0.0010229946
4803	0.000042378906
4804	0.0005321503
4805	-0.00024676326
4806	-0.0011844636
4807	-0.0010310413
4808	0.00000858307
4809	0.00051552063
4810	-0.00025856498
4811	-0.0012000204
4812	-0.0010492803
4813	-0.000010192395
4814	0.0005096198
4815	-0.00024354461
4816	-0.0011758805
4817	-0.000982225
4818	0.000091731556
4819	0.000571847
4820	-0.00022476914
4821	-0.0011903645
4822	-0.0010229946
4823	0.000061690815
4824	0.00055575377
4825	-0.00022745135
4826	-0.0011855365
4827	-0.0010036827
4828	0.000082612045
4829	0.0005680919
4830	-0.00022476914
4831	-0.0011780263
4832	-0.000991881
4833	0.00008690358
4834	0.0005756021
4835	-0.00022530559
4836	-0.0011957289
4837	-0.0010530354
4838	0.0000048279767
4839	0.0005176664
4840	-0.00025802854
4841	-0.0012005569
4842	-0.0010138751
4843	0.000067591674
4844	0.0005648733
4845	-0.00022208694
4846	-0.0011780263
4847	-0.0010278226
4848	0.000024676325
4849	0.00051820284
4850	-0.00024622682
4851	-0.0011903645
4852	-0.0009908081
4853	0.00008475781
4854	0.0005675555
4855	-0.00022637847
4856	-0.0012027026
4857	-0.0010702015
4858	-0.000030577186
4859	0.00048708922
4860	-0.00025159123
4861	-0.0011909009
4862	-0.0010412337
4863	0.000030040745
4864	0.0005423427
4865	-0.00022852424
4866	-0.0011769534
4867	-0.0009854437
4868	0.000100851066
4869	0.0005895496
4870	-0.00021028522
4871	-0.0011753441
4872	-0.0010251404
4873	0.000045061115
4874	0.0005434156
4875	-0.00022637847
4876	-0.0011871458
4877	-0.0010117294
4878	0.00005149842
4879	0.0005525351
4880	-0.00023335221
4881	-0.0011737348
4882	-0.0010213853
4883	0.00003433228
4884	0.0005342961
4885	-0.0002371073
4886	-0.0011903645
4887	-0.0009983183
4888	0.00008153916
4889	0.00057345635
4890	-0.00021994117
4891	-0.0011742712
4892	-0.0010010005
4893	0.000079929836
4894	0.0005804301
4895	-0.0002000928
4896	-0.0011694432
4897	-0.0010439159
4898	-0.00000858307
4899	0.00050425535
4900	-0.00026071075
4901	-0.001194656
4902	-0.001019776
4903	0.000041842464
4904	0.0005482436
4905	-0.0002344251
4906	-0.0011887552
4907	-0.0010449887
4908	-0.000007510186
4909	0.0005101562
4910	-0.00025910142
4911	-0.0012075306
4912	-0.00106591
4913	-0.000024139883
4914	0.0005037189
4915	-0.00025051835
4916	-0.0011850001
4917	-0.0010444523
4918	0.000007510186
4919	0.0005294681
4920	-0.00024300817
4921	-0.0012021662
4922	-0.0010122658
4923	0.00006222726
4924	0.00057077414
4925	-0.00020599368
4926	-0.0011619331
4927	-0.0010154844
4928	0.000036478046
4929	0.0005332232
4930	-0.00023496154
4931	-0.0011780263
4932	-0.0009902717
4933	0.000073492534
4934	0.000571847
4935	-0.00022959712
4936	-0.0011962653
4937	-0.0010492803
4938	0.000024676325
4939	0.00053912407
4940	-0.00021725896
4941	-0.0011683704
4942	-0.0009929539
4943	0.00008046628
4944	0.0005729199
4945	-0.00020492078
4946	-0.0011694432
4947	-0.0010213853
4948	0.000032722954
4949	0.0005289317
4950	-0.00023978952
4951	-0.001194656
4952	-0.0010546447
4953	0.000017702581
4954	0.00054126984
4955	-0.00020974877
4956	-0.0011753441
4957	-0.0010541083
4958	-0.000012874605
4959	0.0005021096
4960	-0.00025910142
4961	-0.0012204052
4962	-0.0010761024
4963	-0.000021994116
4964	0.0004929901
4965	-0.00025534633
4966	-0.0012118221
4967	-0.0010734202
4968	-0.000019848349
4969	0.00051176554
4970	-0.00023388866
4971	-0.0011930467
4972	-0.0010685922
4973	-0.000025212767
4974	0.00051444775
4975	-0.00022959712
4976	-0.0011968018
4977	-0.0010787846
4978	-0.00003755093
4979	0.00049245363
4980	-0.00026071075
4981	-0.0012198688
4982	-0.0011039973
4983	-0.000053644188
4984	0.00047475105
4985	-0.0002794862
4986	-0.0012332798
4987	-0.0011039973
4988	-0.000046134
4989	0.0004897714
4990	-0.00025856498
4991	-0.0012048484
4992	-0.0010573269
4993	-0.000012338162
4994	0.0004897714
4995	-0.0002628565
4996	-0.0012010933
4997	-0.0010605456
4998	-0.000019848349
4999	0.00050050026
5000	-0.00024354461
5001	-0.0011850001
5002	-0.0010267497
5003	0.00003111363
5004	0.00051820284
5005	-0.00025159123
5006	-0.0011866094
5007	-0.0010058285
5008	0.00006598235
5009	0.0005460978
5010	-0.00023388866
5011	-0.0011705161
5012	-0.0009849073
5013	0.00008744002
5014	0.0005654097
5015	-0.00021404031
5016	-0.0011571051
5017	-0.0010213853
5018	0.000025212767
5019	0.0005321503
5020	-0.0002371073
5021	-0.0012102128
5022	-0.0011077524
5023	-0.00007295609
5024	0.00046992308
5025	-0.00027841332
5026	-0.0012295247
5027	-0.0011109711
5028	-0.000046134
5029	0.00053107744
5030	-0.00023067
5031	-0.0012402536
5032	-0.0011656882
5033	-0.000064909465
5034	0.0005471707
5035	-0.00021672252
5036	-0.0012660028
5037	-0.0011989475
5038	-0.00006705523
5039	0.0005911589
5040	-0.00019150974
5041	-0.0013142825
